etudiant_id,niveau,filiere,moy_semestre_prec,note_cc1,note_cc2,note_cc3,taux_absence_actuel,pente_evolution,nb_matieres_sous_10,ratio_notes_obtenues,moyenne_finale
ETU00001,L3,Ingénierie,6.8,6.71,9.69,6.18,18.48,-0.53,1,0.639,8.27
ETU00002,L3,Médecine,13.41,9.31,10.42,10.03,21.77,0.72,4,0.727,12.12
ETU00003,L1,Ingénierie,6.2,15.68,13.07,15.24,11.33,-0.45,0,0.86,9.49
ETU00004,L3,Ingénierie,16.95,12.04,10.21,9.74,4.31,-2.3,5,0.783,13.67
ETU00005,L3,Ingénierie,18.32,14.16,15.19,13.85,12.49,-0.31,5,0.947,13.57
ETU00006,L1,Gestion,18.68,5.09,3.98,6.35,27.61,1.26,5,0.783,11.05
ETU00007,M1,Médecine,8.95,17.93,17.04,15.67,21.29,-2.26,4,0.961,11.92
ETU00008,M2,Gestion,12.44,7.32,10.47,13.09,27.69,5.77,5,0.574,11.81
ETU00009,L1,Informatique,17.59,9.46,12.89,17.52,31.58,8.05,5,0.902,14.59
ETU00010,L1,Gestion,14.94,18.26,18.68,18.82,8.74,0.56,1,0.607,15.28
ETU00011,L3,Ingénierie,9.88,15.26,15.23,17.4,32.0,2.14,0,0.525,11.47
ETU00012,M1,Informatique,16.84,12.15,13.71,11.51,23.19,-0.65,5,0.556,13.68
ETU00013,L1,Droit,13.46,17.08,16.44,14.17,19.63,-2.91,2,0.79,15.62
ETU00014,M2,Informatique,15.49,5.86,2.71,1.82,17.61,-4.04,0,0.645,10.51
ETU00015,L3,Droit,18.6,6.07,2.13,3.66,16.41,-2.41,2,0.572,11.44
ETU00016,L1,Ingénierie,18.97,7.17,7.26,7.56,2.59,0.39,0,0.815,11.41
ETU00017,L3,Ingénierie,12.56,8.7,10.23,10.25,1.91,1.54,3,0.744,10.12
ETU00018,L3,Ingénierie,8.04,14.93,15.15,13.51,11.58,-1.41,4,0.69,10.04
ETU00019,L2,Ingénierie,14.05,12.45,13.87,13.98,7.12,1.52,0,0.768,14.21
ETU00020,L3,Droit,14.37,10.96,12.53,11.86,3.03,0.9,0,0.931,11.62
ETU00021,L2,Informatique,13.44,15.96,18.24,17.15,0.86,1.2,5,0.862,14.82
ETU00022,M2,Médecine,11.49,9.44,9.92,8.71,34.24,-0.73,2,0.748,9.65
ETU00023,L2,Droit,13.56,6.2,6.81,7.4,7.42,1.2,0,0.911,10.92
ETU00024,M2,Gestion,12.94,10.55,10.7,9.92,34.46,-0.64,0,0.931,10.35
ETU00025,M2,Médecine,18.28,15.73,15.54,15.83,19.06,0.1,2,0.688,14.43
ETU00026,L3,Informatique,16.89,11.64,9.48,7.13,6.71,-4.51,0,0.575,11.34
ETU00027,L1,Informatique,11.12,18.68,20.0,20.0,5.09,1.32,0,0.558,14.87
ETU00028,M2,Droit,13.42,16.99,16.61,17.27,7.03,0.29,1,0.819,13.9
ETU00029,L3,Informatique,13.36,16.07,15.61,15.56,12.73,-0.51,4,0.968,11.84
ETU00030,L2,Médecine,12.64,15.82,15.21,15.75,7.17,-0.07,3,0.519,13.29
ETU00031,L1,Médecine,6.75,13.14,11.33,13.03,28.98,-0.11,4,0.749,12.83
ETU00032,L2,Médecine,15.26,17.62,17.69,15.81,12.85,-1.8,1,0.597,14.25
ETU00033,M1,Informatique,15.51,13.26,14.23,14.63,18.44,1.37,0,0.766,15.58
ETU00034,L3,Médecine,12.29,10.22,9.36,7.7,17.54,-2.52,3,0.928,6.98
ETU00035,L1,Ingénierie,17.72,7.74,9.5,9.93,23.08,2.19,5,0.893,12.02
ETU00036,M1,Ingénierie,18.79,16.38,16.03,15.94,34.91,-0.44,3,0.986,16.09
ETU00037,L2,Informatique,16.57,10.2,8.1,8.36,15.52,-1.84,1,0.742,12.04
ETU00038,L1,Gestion,18.06,16.07,18.33,19.91,11.29,3.83,0,0.832,15.72
ETU00039,M1,Informatique,12.34,18.76,19.26,20.0,34.09,1.24,0,0.949,13.66
ETU00040,M1,Gestion,17.89,10.58,12.08,14.01,34.92,3.42,5,0.849,14.45
ETU00041,M2,Ingénierie,18.16,9.77,11.3,11.01,27.33,1.24,1,0.982,15.74
ETU00042,L1,Informatique,14.11,7.38,6.16,7.52,27.92,0.14,0,0.623,11.4
ETU00043,L2,Droit,7.96,11.65,11.07,12.13,14.26,0.48,2,0.567,8.9
ETU00044,L2,Ingénierie,7.98,14.16,15.91,15.65,18.86,1.49,5,0.575,10.28
ETU00045,L3,Ingénierie,12.14,9.38,12.33,12.81,12.31,3.43,2,0.926,11.19
ETU00046,M2,Droit,15.56,11.8,12.09,12.2,21.66,0.4,5,0.526,11.4
ETU00047,L1,Droit,12.52,12.52,11.78,14.17,28.9,1.65,3,0.905,11.24
ETU00048,M1,Droit,16.4,8.85,11.58,13.09,13.09,4.24,5,0.732,12.64
ETU00049,L3,Médecine,16.01,5.33,4.59,4.39,18.73,-0.94,1,0.846,8.82
ETU00050,L3,Ingénierie,8.65,8.02,8.71,8.4,27.12,0.39,3,0.873,9.18
ETU00051,M2,Droit,7.73,16.24,15.8,17.54,7.31,1.29,2,0.712,11.94
ETU00052,M1,Droit,15.18,8.89,9.5,11.81,21.36,2.91,4,0.573,11.02
ETU00053,L1,Ingénierie,10.16,5.19,3.98,4.75,27.15,-0.44,0,0.808,7.78
ETU00054,L3,Gestion,18.11,10.95,10.59,11.88,1.83,0.93,1,0.978,12.9
ETU00055,M1,Informatique,17.29,14.55,13.81,16.07,8.88,1.51,1,0.513,14.2
ETU00056,L1,Gestion,11.87,15.53,16.73,16.76,0.88,1.23,5,0.613,13.94
ETU00057,L3,Médecine,13.55,10.79,11.24,11.66,0.22,0.87,5,0.937,12.54
ETU00058,L3,Droit,17.01,13.01,14.53,15.56,16.72,2.55,0,0.535,13.85
ETU00059,L1,Ingénierie,17.33,15.44,14.4,14.05,24.52,-1.38,2,0.505,14.48
ETU00060,M2,Médecine,13.24,17.45,17.34,20.0,13.41,2.55,3,0.939,14.12
ETU00061,L2,Droit,18.63,13.96,15.1,14.74,21.74,0.78,5,0.884,13.48
ETU00062,L2,Ingénierie,12.77,14.67,16.16,16.55,6.7,1.88,2,0.627,13.14
ETU00063,L1,Médecine,6.53,6.38,4.41,7.59,29.27,1.21,4,0.983,6.92
ETU00064,L1,Informatique,13.32,10.89,11.56,9.07,12.69,-1.82,4,0.856,11.51
ETU00065,L1,Médecine,16.1,17.45,16.43,17.05,24.75,-0.4,3,0.56,12.4
ETU00066,M1,Médecine,18.8,7.25,8.81,8.12,4.55,0.87,4,0.73,13.18
ETU00067,L2,Ingénierie,7.37,9.34,12.33,12.63,28.63,3.29,0,0.933,9.08
ETU00068,L3,Informatique,11.73,14.49,10.77,9.26,18.13,-5.23,1,0.834,8.37
ETU00069,M1,Informatique,13.63,17.63,16.85,16.59,33.96,-1.04,5,0.793,12.0
ETU00070,L2,Ingénierie,17.46,5.83,6.42,6.76,14.19,0.93,0,0.708,12.33
ETU00071,L3,Ingénierie,15.31,17.19,17.38,18.04,30.55,0.85,3,0.624,15.86
ETU00072,L3,Gestion,9.01,8.08,9.69,11.34,14.42,3.25,4,0.807,7.33
ETU00073,M2,Ingénierie,17.17,17.05,17.37,14.18,3.78,-2.87,3,0.577,16.25
ETU00074,M2,Informatique,14.64,17.45,16.85,16.97,24.07,-0.48,5,0.905,11.49
ETU00075,L2,Médecine,17.64,15.86,14.53,14.56,6.4,-1.29,5,0.605,16.41
ETU00076,L2,Gestion,16.85,17.93,16.35,16.55,27.99,-1.38,0,0.56,14.47
ETU00077,L3,Médecine,7.68,18.46,17.54,17.89,11.72,-0.57,3,0.536,10.77
ETU00078,L2,Ingénierie,18.49,17.95,17.3,16.36,26.47,-1.59,4,0.907,15.75
ETU00079,L3,Droit,11.91,12.18,12.96,10.94,16.85,-1.24,4,0.734,9.86
ETU00080,L3,Gestion,18.77,11.49,11.46,12.08,18.8,0.59,3,0.699,14.5
ETU00081,L3,Ingénierie,8.43,6.47,5.7,4.51,25.71,-1.97,2,0.761,6.88
ETU00082,L3,Gestion,16.31,8.03,6.71,7.62,23.28,-0.41,1,0.794,6.68
ETU00083,M2,Droit,9.96,14.13,13.28,12.17,23.25,-1.96,2,0.94,9.53
ETU00084,L1,Informatique,6.58,6.78,6.14,7.48,23.06,0.69,0,0.672,7.29
ETU00085,M1,Ingénierie,18.92,18.19,17.27,17.49,20.48,-0.7,5,0.594,17.12
ETU00086,L3,Ingénierie,9.95,8.18,9.39,9.71,28.25,1.53,4,0.935,9.35
ETU00087,M1,Gestion,7.05,6.23,8.48,8.41,10.5,2.18,1,0.74,9.25
ETU00088,L3,Droit,17.19,8.29,6.73,6.42,6.35,-1.87,0,0.79,10.92
ETU00089,M1,Droit,11.62,5.68,7.56,7.51,25.73,1.83,3,0.579,9.9
ETU00090,M1,Ingénierie,13.49,7.33,8.57,10.64,18.89,3.31,5,0.931,11.58
ETU00091,M1,Médecine,18.8,13.23,13.7,11.7,31.52,-1.53,5,0.969,11.74
ETU00092,L3,Informatique,12.25,9.05,11.54,10.87,33.78,1.82,1,0.724,11.77
ETU00093,M2,Médecine,6.87,16.22,16.16,18.05,30.35,1.83,2,0.51,10.91
ETU00094,L2,Droit,14.99,10.67,11.47,13.0,19.16,2.33,3,0.514,12.06
ETU00095,M1,Informatique,15.24,15.0,15.38,17.7,26.39,2.7,3,0.651,13.5
ETU00096,L2,Droit,8.52,14.92,15.19,15.4,11.7,0.49,1,0.746,9.91
ETU00097,M1,Informatique,13.09,6.9,7.79,6.11,0.52,-0.79,4,0.716,10.95
ETU00098,M2,Gestion,10.8,5.79,6.06,4.7,27.32,-1.09,4,0.784,8.26
ETU00099,L1,Médecine,6.65,16.79,17.69,17.54,27.35,0.75,4,0.629,11.22
ETU00100,M1,Droit,10.05,14.81,14.01,15.45,0.28,0.64,0,0.605,12.16
ETU00101,L3,Droit,17.82,7.45,6.69,6.61,30.23,-0.84,4,0.987,11.53
ETU00102,L2,Gestion,9.9,14.52,13.71,13.51,30.85,-1.01,2,0.64,10.21
ETU00103,L2,Ingénierie,8.9,9.61,9.27,10.16,11.22,0.55,4,0.973,10.47
ETU00104,M1,Gestion,18.23,5.79,7.51,7.86,0.6,2.06,3,0.786,13.35
ETU00105,M2,Ingénierie,10.97,8.2,7.71,7.35,30.66,-0.85,3,0.535,8.96
ETU00106,L2,Gestion,18.23,15.58,16.76,15.56,2.47,-0.02,3,0.798,15.49
ETU00107,L2,Gestion,17.44,10.47,11.07,12.79,8.13,2.32,1,0.993,11.66
ETU00108,M2,Médecine,12.12,12.63,12.17,14.04,18.99,1.41,3,0.92,9.2
ETU00109,M1,Médecine,11.0,6.91,9.08,7.79,28.58,0.88,5,0.652,8.43
ETU00110,M1,Droit,7.79,6.3,7.6,7.3,27.36,1.0,0,0.548,9.08
ETU00111,L3,Médecine,8.48,8.35,8.55,9.85,23.84,1.5,1,0.73,7.74
ETU00112,L1,Droit,9.02,11.62,11.69,10.29,29.0,-1.33,0,0.549,8.57
ETU00113,L1,Médecine,12.11,16.86,17.2,18.05,23.99,1.19,2,0.649,11.91
ETU00114,L1,Ingénierie,10.84,15.69,13.59,13.4,22.32,-2.28,1,0.959,9.76
ETU00115,L2,Ingénierie,16.4,7.24,6.2,4.68,5.87,-2.56,3,0.827,9.96
ETU00116,L1,Médecine,9.86,6.0,6.89,9.86,15.4,3.86,0,0.892,9.47
ETU00117,L3,Gestion,11.52,8.16,5.98,5.77,15.8,-2.39,0,0.77,8.52
ETU00118,L1,Médecine,7.6,16.93,16.01,17.1,0.65,0.17,1,0.584,10.98
ETU00119,M2,Médecine,9.53,12.22,11.83,10.45,14.19,-1.77,3,0.575,9.18
ETU00120,L3,Gestion,16.18,16.3,20.0,20.0,7.95,3.7,0,0.883,16.32
ETU00121,L1,Ingénierie,15.19,10.17,11.38,14.61,3.14,4.43,3,0.715,13.68
ETU00122,L1,Médecine,11.23,13.27,15.11,13.16,19.12,-0.11,3,0.75,9.2
ETU00123,L1,Droit,13.51,13.33,12.32,12.37,8.3,-0.95,1,0.589,11.46
ETU00124,M1,Informatique,11.96,13.77,14.52,16.81,6.66,3.03,0,0.681,12.81
ETU00125,M1,Médecine,17.64,11.58,9.14,8.74,27.54,-2.84,4,0.566,12.73
ETU00126,L3,Gestion,11.13,8.35,8.05,8.97,28.35,0.62,2,0.602,9.44
ETU00127,M1,Médecine,15.39,11.0,11.96,9.74,23.13,-1.26,3,0.944,12.92
ETU00128,L1,Droit,8.84,18.65,16.72,15.84,6.64,-2.81,4,0.858,10.06
ETU00129,L2,Médecine,11.64,8.81,9.6,10.36,22.14,1.55,0,0.926,10.77
ETU00130,L1,Ingénierie,12.88,15.15,16.06,15.48,24.97,0.33,4,0.937,15.0
ETU00131,L3,Informatique,7.36,18.23,17.52,17.28,8.17,-0.94,0,0.795,11.71
ETU00132,L1,Informatique,13.64,12.93,11.88,9.9,4.65,-3.03,3,0.652,12.0
ETU00133,M1,Médecine,13.47,11.85,10.98,12.26,15.17,0.41,0,0.746,12.56
ETU00134,L3,Droit,8.06,6.69,6.37,4.66,14.85,-2.03,0,0.509,6.79
ETU00135,M1,Médecine,18.98,15.55,15.27,17.88,5.37,2.34,2,0.909,15.04
ETU00136,L3,Informatique,7.2,17.76,18.73,18.0,6.71,0.24,3,0.901,11.77
ETU00137,L1,Ingénierie,17.64,18.73,18.13,19.63,17.49,0.9,1,0.754,14.17
ETU00138,L2,Gestion,12.39,7.82,10.43,11.78,18.46,3.96,1,0.689,11.41
ETU00139,L1,Informatique,8.9,17.88,20.0,19.3,18.83,1.41,1,0.586,13.23
ETU00140,L1,Droit,7.47,10.18,10.74,10.17,34.37,-0.01,3,0.538,6.23
ETU00141,M2,Ingénierie,15.09,13.67,13.35,12.97,1.39,-0.7,2,0.662,13.63
ETU00142,M2,Informatique,15.81,8.13,7.53,7.25,27.52,-0.88,5,0.969,10.45
ETU00143,L1,Droit,14.75,8.48,9.15,7.51,12.31,-0.97,2,0.534,12.94
ETU00144,L3,Ingénierie,11.46,13.67,14.6,15.7,26.35,2.04,3,0.975,13.31
ETU00145,L2,Droit,8.24,11.79,11.69,10.95,25.74,-0.83,5,0.764,9.98
ETU00146,L3,Informatique,16.26,18.5,18.11,18.24,21.69,-0.26,5,0.72,16.4
ETU00147,M1,Gestion,17.33,8.7,9.43,11.24,22.09,2.54,2,0.561,12.23
ETU00148,L2,Droit,11.09,17.29,17.6,18.75,23.23,1.46,1,0.536,13.24
ETU00149,M2,Médecine,16.94,11.45,10.79,10.16,26.17,-1.29,2,0.772,12.21
ETU00150,L1,Informatique,14.26,6.88,7.25,9.11,4.61,2.23,1,0.799,10.02
ETU00151,L3,Gestion,12.85,8.35,7.64,8.94,12.63,0.59,2,0.717,10.52
ETU00152,M1,Informatique,13.94,15.58,14.65,13.89,29.47,-1.69,0,0.644,12.56
ETU00153,L3,Droit,7.4,16.57,16.77,16.29,19.18,-0.28,2,0.507,10.61
ETU00154,M1,Droit,7.63,5.55,4.89,6.69,4.79,1.14,0,0.633,7.61
ETU00155,M1,Médecine,15.45,10.74,9.84,11.31,33.66,0.57,5,0.857,11.61
ETU00156,L1,Gestion,18.61,11.92,13.69,11.73,34.57,-0.19,0,0.803,14.81
ETU00157,M1,Ingénierie,12.6,13.61,13.22,12.01,17.94,-1.6,5,0.579,10.82
ETU00158,L2,Informatique,6.7,14.11,17.07,18.42,18.66,4.31,5,0.897,9.13
ETU00159,L1,Gestion,6.88,16.63,17.77,16.31,10.22,-0.32,5,0.574,11.66
ETU00160,L3,Informatique,12.08,8.83,7.8,9.3,18.07,0.48,2,0.898,11.08
ETU00161,M1,Ingénierie,14.55,6.57,8.51,11.71,33.91,5.14,4,0.756,11.31
ETU00162,L2,Gestion,8.01,7.61,6.74,7.6,8.91,-0.01,5,0.858,6.56
ETU00163,L1,Informatique,6.43,18.12,20.0,20.0,10.66,1.88,5,0.542,11.51
ETU00164,M2,Médecine,15.48,12.65,13.19,13.76,31.41,1.1,5,0.87,12.92
ETU00165,M2,Ingénierie,7.9,8.07,9.08,10.93,13.45,2.87,2,0.861,7.55
ETU00166,L3,Ingénierie,11.7,16.0,16.25,16.7,34.04,0.69,4,0.588,11.15
ETU00167,L2,Gestion,15.54,13.22,13.82,14.84,12.24,1.62,1,0.569,13.55
ETU00168,M2,Informatique,7.63,10.14,10.0,9.1,0.16,-1.04,5,0.874,10.27
ETU00169,L2,Gestion,11.76,5.26,4.07,3.28,33.38,-1.97,2,0.708,7.98
ETU00170,L2,Informatique,7.45,15.96,16.67,18.33,8.29,2.37,1,0.824,10.89
ETU00171,L2,Médecine,10.52,15.04,16.78,16.01,24.29,0.97,1,0.505,11.69
ETU00172,L3,Gestion,17.86,8.67,7.08,3.5,1.66,-5.17,5,0.592,10.85
ETU00173,M1,Droit,14.92,8.72,11.23,11.07,26.19,2.35,1,0.873,11.29
ETU00174,L2,Médecine,6.3,8.8,9.9,10.67,7.7,1.87,4,0.599,9.18
ETU00175,L1,Droit,7.75,14.39,13.93,15.82,28.01,1.43,1,0.54,7.93
ETU00176,M2,Gestion,9.82,9.12,8.64,11.4,33.83,2.29,3,0.588,10.64
ETU00177,L1,Gestion,17.64,9.35,12.34,12.77,1.58,3.42,3,0.916,16.65
ETU00178,L3,Gestion,15.71,10.27,11.88,13.17,12.88,2.9,3,0.673,13.14
ETU00179,L1,Informatique,14.03,18.72,20.0,20.0,25.05,1.28,1,0.765,13.71
ETU00180,M1,Droit,7.98,11.44,11.26,12.1,34.88,0.65,5,0.789,10.12
ETU00181,L2,Gestion,18.08,10.28,11.32,11.34,12.71,1.05,5,0.686,13.76
ETU00182,L1,Médecine,16.51,11.58,12.3,13.18,34.82,1.6,5,0.547,12.0
ETU00183,L1,Gestion,9.11,15.07,15.01,14.21,31.47,-0.86,2,0.628,9.36
ETU00184,L3,Droit,11.26,17.37,17.74,20.0,25.18,2.63,1,0.579,12.7
ETU00185,L1,Ingénierie,11.57,18.87,20.0,17.45,13.37,-1.42,3,0.955,13.68
ETU00186,L3,Médecine,13.64,11.8,14.4,15.56,18.79,3.76,0,0.87,13.98
ETU00187,M2,Gestion,10.87,11.44,11.26,12.04,25.21,0.6,4,0.912,10.62
ETU00188,L2,Informatique,8.73,9.62,7.85,8.71,24.0,-0.91,1,0.906,9.02
ETU00189,M2,Médecine,14.67,15.91,18.57,17.1,10.09,1.19,1,0.501,14.16
ETU00190,M1,Gestion,14.81,14.18,16.86,14.65,19.5,0.47,4,0.875,14.43
ETU00191,L1,Informatique,11.75,10.09,10.89,12.1,29.23,2.01,3,0.741,10.22
ETU00192,L3,Médecine,12.33,12.26,15.15,17.46,16.63,5.2,0,0.887,15.08
ETU00193,L3,Ingénierie,6.66,7.88,8.57,9.2,19.82,1.32,5,0.98,6.78
ETU00194,L3,Médecine,11.93,14.72,13.55,15.06,11.46,0.34,3,0.679,12.68
ETU00195,L3,Ingénierie,16.41,8.53,6.76,6.37,5.6,-2.16,1,0.802,14.26
ETU00196,L2,Informatique,13.69,9.89,8.11,8.91,2.31,-0.99,2,0.652,12.48
ETU00197,L3,Ingénierie,17.97,5.95,6.16,8.3,14.21,2.35,2,0.947,12.99
ETU00198,M1,Gestion,15.31,8.08,7.58,7.41,22.11,-0.67,5,0.627,11.05
ETU00199,M2,Droit,16.11,7.73,7.06,9.14,26.6,1.41,3,0.676,11.31
ETU00200,L1,Gestion,11.96,15.29,15.33,13.18,2.94,-2.11,4,0.944,12.12
ETU00201,L1,Médecine,8.25,14.72,16.21,15.59,11.15,0.87,0,0.55,10.59
ETU00202,L3,Ingénierie,17.86,12.53,11.91,13.03,28.28,0.5,3,0.747,11.66
ETU00203,L3,Ingénierie,14.57,10.42,9.55,12.7,3.93,2.28,0,0.791,13.33
ETU00204,M2,Gestion,17.82,17.45,16.93,17.25,34.76,-0.2,2,0.79,13.16
ETU00205,L3,Droit,14.03,17.38,18.96,17.71,22.14,0.33,3,0.56,14.83
ETU00206,L2,Ingénierie,11.91,13.44,13.53,16.65,32.9,3.22,5,0.52,11.27
ETU00207,M2,Gestion,7.75,14.21,14.83,14.94,25.56,0.73,1,0.708,9.1
ETU00208,M2,Ingénierie,11.17,16.15,18.68,19.98,33.74,3.83,1,0.727,14.61
ETU00209,L1,Droit,13.77,15.12,19.58,19.38,23.29,4.26,5,0.971,12.29
ETU00210,M2,Droit,18.1,8.15,9.31,9.82,9.38,1.67,3,0.878,12.22
ETU00211,L2,Ingénierie,16.78,12.05,13.06,12.52,28.01,0.47,4,0.799,12.32
ETU00212,L2,Ingénierie,12.67,7.13,5.55,9.24,7.91,2.11,5,0.605,10.22
ETU00213,L1,Ingénierie,11.82,16.33,17.08,19.17,19.78,2.84,0,0.951,12.62
ETU00214,L1,Informatique,6.43,14.15,14.44,17.4,13.06,3.25,3,0.597,12.1
ETU00215,L1,Informatique,10.57,18.71,20.0,19.36,27.97,0.66,0,0.974,11.46
ETU00216,M1,Informatique,18.76,6.91,6.52,4.09,26.58,-2.83,5,0.973,16.12
ETU00217,M2,Droit,15.63,12.14,12.64,12.5,30.24,0.36,2,0.989,11.26
ETU00218,M2,Droit,12.82,15.14,16.24,20.0,8.64,4.86,2,0.642,17.51
ETU00219,L3,Gestion,17.21,17.14,20.0,20.0,34.91,2.86,1,0.569,16.96
ETU00220,L2,Médecine,6.3,16.95,19.49,20.0,28.19,3.05,3,0.814,10.94
ETU00221,M2,Gestion,18.45,7.83,9.93,8.69,13.53,0.86,3,0.711,13.16
ETU00222,M2,Ingénierie,15.1,18.75,20.0,19.1,4.47,0.35,5,0.694,14.91
ETU00223,L3,Gestion,6.17,18.74,18.29,18.47,12.23,-0.27,0,0.778,11.79
ETU00224,L2,Droit,15.17,18.57,19.86,20.0,3.72,1.43,4,0.845,14.73
ETU00225,M2,Informatique,7.08,13.59,12.63,14.58,21.54,0.99,5,0.666,10.33
ETU00226,L2,Informatique,14.31,16.65,16.54,13.76,3.95,-2.89,5,0.668,13.77
ETU00227,L3,Informatique,9.91,6.06,8.93,10.23,15.07,4.17,3,0.805,8.12
ETU00228,M2,Informatique,8.76,8.58,9.58,8.16,23.36,-0.42,4,0.536,8.88
ETU00229,L1,Informatique,14.17,6.29,6.83,6.11,15.86,-0.18,0,0.85,10.71
ETU00230,L2,Droit,11.64,12.08,12.81,13.88,30.86,1.8,0,0.9,10.36
ETU00231,L2,Médecine,6.84,18.51,18.57,20.0,8.43,1.49,4,0.94,11.3
ETU00232,M1,Médecine,16.69,14.09,11.05,13.38,18.34,-0.71,1,0.877,14.09
ETU00233,L1,Ingénierie,9.46,11.46,9.76,10.56,31.96,-0.9,4,0.753,10.34
ETU00234,L1,Droit,14.04,16.1,17.23,18.04,12.36,1.94,4,0.937,13.89
ETU00235,L2,Informatique,13.92,12.7,11.52,13.84,16.54,1.14,4,0.745,13.36
ETU00236,L2,Ingénierie,6.73,11.41,11.45,9.38,32.65,-2.02,5,0.894,9.19
ETU00237,M1,Ingénierie,18.97,13.81,12.17,15.21,17.48,1.4,1,0.532,16.47
ETU00238,M2,Gestion,11.82,12.17,11.29,10.48,30.25,-1.68,4,0.855,10.79
ETU00239,L3,Ingénierie,8.67,13.98,14.18,14.87,32.92,0.88,4,0.542,9.05
ETU00240,L2,Droit,11.68,16.24,17.82,17.38,8.96,1.14,1,0.514,14.39
ETU00241,M1,Gestion,13.84,11.47,13.36,11.93,27.5,0.45,1,0.751,11.64
ETU00242,M1,Informatique,6.04,10.81,9.91,10.9,22.88,0.09,3,0.56,8.58
ETU00243,L1,Ingénierie,9.9,12.82,13.48,14.14,34.54,1.31,5,0.663,9.5
ETU00244,M2,Médecine,12.97,17.67,15.73,15.87,20.49,-1.8,3,0.887,12.24
ETU00245,L3,Droit,15.03,10.92,11.21,11.28,27.75,0.36,0,0.775,11.17
ETU00246,M1,Médecine,10.07,16.87,18.5,20.0,12.1,3.13,2,0.867,11.49
ETU00247,L1,Médecine,11.25,13.64,13.74,17.33,21.22,3.69,2,0.892,11.35
ETU00248,M2,Droit,8.88,5.17,7.35,9.53,27.25,4.35,3,0.74,6.9
ETU00249,M2,Gestion,9.81,11.67,13.12,13.84,33.84,2.17,3,0.993,10.87
ETU00250,M2,Droit,14.94,7.95,8.51,6.35,8.81,-1.59,5,0.601,9.57
ETU00251,L3,Médecine,10.38,7.11,6.93,8.17,2.76,1.07,5,0.542,8.4
ETU00252,L1,Informatique,9.64,8.28,7.68,8.99,34.17,0.71,3,0.659,8.38
ETU00253,L3,Informatique,9.88,14.97,12.99,14.44,21.09,-0.53,0,0.881,13.25
ETU00254,M1,Ingénierie,13.96,13.78,12.04,10.63,0.6,-3.15,1,0.548,11.64
ETU00255,L3,Droit,13.29,12.52,14.21,15.78,18.2,3.27,1,0.733,11.11
ETU00256,L3,Médecine,11.29,11.93,14.4,17.05,32.76,5.11,3,0.786,10.02
ETU00257,L2,Droit,14.22,10.45,9.03,7.85,34.45,-2.6,0,0.904,9.53
ETU00258,M1,Ingénierie,14.36,17.41,17.71,19.04,11.4,1.63,1,0.923,13.94
ETU00259,L3,Gestion,6.17,18.05,15.89,14.97,27.37,-3.08,0,0.619,12.72
ETU00260,M1,Informatique,10.41,15.7,14.44,14.58,16.05,-1.12,4,0.637,12.61
ETU00261,L1,Médecine,9.18,9.04,9.62,8.5,13.93,-0.53,1,0.842,8.73
ETU00262,L2,Gestion,16.78,17.79,17.22,16.99,26.54,-0.8,5,0.93,16.87
ETU00263,M2,Médecine,9.58,16.47,13.79,13.58,9.45,-2.89,2,0.584,10.47
ETU00264,M1,Droit,10.12,6.74,9.51,10.43,14.92,3.7,4,0.861,9.0
ETU00265,M1,Gestion,12.99,9.78,9.91,11.55,8.63,1.76,3,0.619,10.81
ETU00266,L3,Droit,13.12,9.59,8.13,10.25,4.99,0.67,5,0.59,12.19
ETU00267,L3,Droit,16.54,15.22,15.61,14.93,13.28,-0.29,0,0.669,14.44
ETU00268,M1,Droit,11.04,12.33,12.41,13.25,33.57,0.92,4,0.897,12.31
ETU00269,M1,Gestion,9.66,8.74,9.57,8.22,14.66,-0.51,3,0.871,9.61
ETU00270,L3,Gestion,13.91,8.23,7.92,8.06,23.91,-0.18,2,0.739,11.49
ETU00271,M2,Gestion,15.47,11.41,12.08,12.44,9.98,1.04,4,0.857,10.65
ETU00272,L2,Droit,18.9,14.32,15.94,14.86,30.29,0.53,3,0.703,12.76
ETU00273,L2,Ingénierie,14.04,12.12,10.34,11.48,21.87,-0.64,3,0.605,9.6
ETU00274,M1,Gestion,12.38,8.65,7.81,7.88,33.27,-0.77,3,0.922,8.88
ETU00275,M1,Médecine,7.73,13.68,15.14,15.67,11.41,1.99,0,0.527,9.02
ETU00276,L3,Informatique,18.83,18.98,18.36,20.0,18.83,1.02,2,0.951,18.15
ETU00277,M2,Informatique,14.9,7.47,7.55,7.21,6.69,-0.26,5,0.894,10.67
ETU00278,M2,Médecine,8.15,12.4,11.89,13.47,4.76,1.07,0,0.862,11.11
ETU00279,L2,Médecine,11.98,10.26,9.85,12.31,20.49,2.05,1,0.785,10.28
ETU00280,M1,Médecine,13.28,8.06,7.52,9.89,28.12,1.83,4,0.905,11.15
ETU00281,M2,Droit,8.82,17.26,15.57,15.59,6.99,-1.67,0,0.514,9.35
ETU00282,M2,Gestion,15.52,18.41,19.3,18.14,24.6,-0.27,0,0.796,14.91
ETU00283,L3,Informatique,14.45,9.9,11.7,10.93,23.5,1.03,4,0.631,12.19
ETU00284,M1,Ingénierie,9.04,9.86,9.8,7.72,16.89,-2.14,1,0.82,9.59
ETU00285,M1,Informatique,18.87,6.28,7.91,9.24,26.84,2.95,1,0.837,12.17
ETU00286,M2,Ingénierie,18.33,13.65,13.11,14.53,20.79,0.89,2,0.607,12.41
ETU00287,L2,Gestion,9.45,5.37,4.75,5.22,33.13,-0.15,5,0.577,8.22
ETU00288,L1,Droit,11.74,11.95,12.76,11.0,26.73,-0.95,5,0.794,10.09
ETU00289,M1,Informatique,17.63,7.14,7.98,7.73,31.03,0.59,1,0.97,11.33
ETU00290,M1,Médecine,11.28,14.41,14.44,16.81,12.65,2.4,1,0.832,15.09
ETU00291,M2,Droit,18.41,18.0,19.22,20.0,28.38,2.0,3,0.742,16.3
ETU00292,L1,Droit,8.61,6.24,4.51,5.99,34.72,-0.26,4,0.968,6.2
ETU00293,L1,Informatique,15.41,15.89,15.63,20.0,5.72,4.11,0,0.909,14.54
ETU00294,L3,Gestion,13.79,16.63,18.28,19.07,17.89,2.44,2,0.866,15.03
ETU00295,M1,Droit,10.5,7.47,9.11,6.17,30.18,-1.29,0,0.719,7.67
ETU00296,M2,Informatique,15.33,17.92,19.37,18.02,13.88,0.1,1,0.746,15.72
ETU00297,M1,Médecine,6.31,13.69,15.42,16.18,17.79,2.49,3,0.632,11.35
ETU00298,M1,Gestion,9.0,12.49,12.13,12.46,26.17,-0.03,0,0.908,9.84
ETU00299,L2,Médecine,9.4,14.4,12.04,12.08,28.86,-2.32,5,0.642,10.95
ETU00300,L3,Informatique,7.53,9.03,8.85,8.91,6.98,-0.12,0,0.852,8.58
ETU00301,L1,Informatique,6.44,5.36,6.51,5.63,13.69,0.28,4,0.937,5.85
ETU00302,M1,Ingénierie,10.59,11.19,12.59,13.45,13.81,2.26,2,0.776,9.02
ETU00303,L1,Gestion,8.84,15.41,14.82,17.21,5.35,1.8,3,0.578,12.0
ETU00304,L1,Ingénierie,7.73,17.86,16.61,19.51,3.19,1.65,2,0.512,12.46
ETU00305,L1,Médecine,8.05,11.02,9.92,12.77,26.06,1.75,2,0.837,10.31
ETU00306,M2,Droit,16.74,8.69,8.08,6.94,29.82,-1.75,3,0.612,12.26
ETU00307,L1,Médecine,7.23,6.84,4.19,4.46,33.32,-2.38,1,0.52,8.68
ETU00308,L2,Droit,15.42,18.1,17.51,17.34,33.47,-0.76,0,0.672,13.58
ETU00309,M2,Gestion,6.7,8.23,8.51,9.69,34.81,1.46,0,0.791,7.96
ETU00310,L1,Ingénierie,6.53,17.75,17.81,17.98,2.9,0.23,1,0.776,10.71
ETU00311,L3,Informatique,11.75,7.57,7.28,7.24,13.89,-0.33,1,0.584,10.7
ETU00312,L1,Médecine,10.96,5.25,4.42,6.9,2.88,1.65,0,0.802,7.99
ETU00313,L3,Médecine,13.09,8.14,7.48,7.93,23.73,-0.21,0,0.705,11.2
ETU00314,M2,Informatique,15.13,11.9,11.27,11.75,34.03,-0.15,5,0.739,10.83
ETU00315,L2,Médecine,10.03,9.88,11.14,12.06,1.28,2.18,2,0.937,11.57
ETU00316,L3,Ingénierie,8.53,17.71,17.91,19.22,18.42,1.51,2,0.539,13.53
ETU00317,M2,Gestion,16.69,12.63,17.58,18.9,18.66,6.27,5,0.764,13.05
ETU00318,L3,Droit,8.15,6.65,6.35,8.98,5.71,2.33,3,0.587,6.73
ETU00319,M2,Gestion,16.38,13.75,14.61,12.98,29.17,-0.77,0,0.591,13.7
ETU00320,L2,Informatique,13.63,10.45,10.18,10.97,13.82,0.52,4,0.805,11.55
ETU00321,L2,Informatique,9.76,14.51,14.2,14.35,14.72,-0.16,4,0.835,10.73
ETU00322,L1,Informatique,10.09,16.01,18.55,18.4,33.67,2.39,1,0.803,11.59
ETU00323,L2,Médecine,10.82,18.8,20.0,20.0,8.66,1.2,4,0.962,12.65
ETU00324,L1,Médecine,13.68,13.07,10.64,12.89,13.49,-0.19,0,0.897,12.62
ETU00325,L3,Informatique,18.74,10.13,8.8,8.21,26.96,-1.92,5,0.599,11.25
ETU00326,L1,Informatique,10.14,11.07,11.07,13.9,16.8,2.83,3,0.818,11.01
ETU00327,L1,Ingénierie,18.24,10.64,10.06,8.21,21.12,-2.42,1,0.81,12.1
ETU00328,L3,Ingénierie,8.67,11.31,9.25,10.43,16.72,-0.88,5,0.823,8.5
ETU00329,M1,Droit,7.47,5.42,5.79,4.76,9.92,-0.66,3,0.715,8.5
ETU00330,L1,Médecine,12.92,8.46,5.85,5.18,5.7,-3.28,5,0.974,10.74
ETU00331,M1,Gestion,18.69,18.83,19.22,19.61,29.75,0.78,0,0.732,15.23
ETU00332,L3,Informatique,12.3,17.99,19.29,18.99,9.63,1.0,1,0.895,13.08
ETU00333,L1,Ingénierie,16.4,5.68,7.19,3.19,34.91,-2.49,2,0.741,10.93
ETU00334,L3,Gestion,12.14,18.71,18.7,19.91,0.35,1.2,1,0.894,12.76
ETU00335,M2,Gestion,17.05,16.09,18.55,20.0,30.87,3.91,3,0.698,17.09
ETU00336,L3,Droit,16.57,5.04,5.74,5.79,33.16,0.76,2,0.5,10.54
ETU00337,M2,Médecine,14.92,17.79,19.26,19.2,2.05,1.41,5,0.75,14.54
ETU00338,M2,Informatique,14.0,18.45,17.54,17.28,21.97,-1.16,1,0.774,14.0
ETU00339,L2,Droit,12.74,13.8,16.29,14.02,27.39,0.22,1,0.558,13.91
ETU00340,L1,Droit,18.44,16.04,16.23,13.81,21.54,-2.23,5,0.833,12.14
ETU00341,M1,Médecine,13.25,9.66,12.22,13.73,30.8,4.07,4,0.927,12.65
ETU00342,L3,Ingénierie,10.38,13.01,15.25,17.15,4.64,4.13,0,0.934,13.85
ETU00343,L2,Médecine,17.47,15.24,15.83,17.02,33.21,1.78,5,0.688,14.03
ETU00344,L1,Médecine,14.58,12.86,13.67,14.54,19.27,1.68,1,0.705,12.93
ETU00345,L1,Ingénierie,13.26,9.26,9.19,10.67,12.05,1.4,4,0.929,11.21
ETU00346,M2,Droit,14.87,14.09,13.06,14.43,18.38,0.35,0,0.999,14.08
ETU00347,L1,Informatique,10.54,16.74,17.83,16.95,11.88,0.22,1,0.526,11.83
ETU00348,M2,Ingénierie,11.47,16.7,17.72,18.35,15.94,1.65,5,0.531,12.95
ETU00349,L2,Ingénierie,8.54,6.85,4.62,4.48,5.48,-2.37,0,0.527,7.58
ETU00350,L1,Ingénierie,17.12,11.24,11.31,11.19,29.56,-0.05,2,0.731,13.54
ETU00351,L3,Ingénierie,14.65,5.54,7.04,9.05,13.64,3.51,2,0.892,14.14
ETU00352,L1,Ingénierie,16.72,13.86,16.26,18.92,16.35,5.06,1,0.547,14.28
ETU00353,L2,Médecine,10.13,8.39,9.68,6.46,31.84,-1.93,0,0.844,8.72
ETU00354,L1,Informatique,18.94,18.02,15.95,15.87,31.75,-2.16,2,0.586,14.32
ETU00355,L1,Médecine,10.64,13.66,12.27,12.11,27.58,-1.54,2,0.516,9.91
ETU00356,L1,Informatique,10.6,10.61,10.29,12.33,1.05,1.72,0,0.798,9.72
ETU00357,M2,Informatique,18.49,15.24,17.54,15.66,31.72,0.42,4,0.797,13.08
ETU00358,L1,Médecine,14.52,7.9,7.19,3.01,6.61,-4.89,0,0.642,11.7
ETU00359,L2,Ingénierie,18.13,6.28,8.07,9.6,15.34,3.32,2,0.661,13.04
ETU00360,L1,Gestion,14.1,6.22,5.49,7.23,31.6,1.01,5,0.677,9.62
ETU00361,L1,Informatique,9.2,13.16,14.16,11.78,3.33,-1.38,2,0.965,9.71
ETU00362,L1,Droit,11.08,17.44,16.23,16.35,4.66,-1.1,4,0.933,12.62
ETU00363,L1,Gestion,17.17,8.12,8.03,10.62,20.16,2.5,2,0.764,10.96
ETU00364,L1,Ingénierie,12.36,15.64,14.14,12.83,16.37,-2.81,3,0.982,11.93
ETU00365,L3,Informatique,15.22,5.53,7.89,8.34,13.64,2.82,4,0.791,11.42
ETU00366,L2,Ingénierie,8.16,9.95,9.1,10.17,28.34,0.22,2,0.551,7.83
ETU00367,L1,Gestion,11.2,14.15,12.03,10.19,31.31,-3.96,3,0.744,9.3
ETU00368,L2,Gestion,16.91,16.57,14.33,13.78,34.7,-2.79,2,0.947,13.05
ETU00369,L3,Médecine,18.23,18.2,18.28,16.04,4.3,-2.16,1,0.831,17.12
ETU00370,L3,Ingénierie,10.22,13.86,13.37,13.42,23.67,-0.43,4,0.976,10.93
ETU00371,L1,Droit,8.24,11.48,12.65,11.76,30.5,0.29,2,0.765,7.32
ETU00372,M2,Droit,6.3,5.85,5.7,6.31,8.42,0.46,0,0.956,7.93
ETU00373,L2,Médecine,7.66,8.86,10.81,12.06,16.8,3.2,1,0.883,9.8
ETU00374,L2,Médecine,16.86,17.92,17.55,19.93,0.25,2.0,4,0.911,16.33
ETU00375,L3,Médecine,11.92,13.16,14.9,18.7,4.71,5.54,3,0.996,15.1
ETU00376,L2,Informatique,9.79,9.8,8.57,9.18,4.39,-0.62,3,0.651,9.6
ETU00377,M1,Ingénierie,16.08,8.48,6.43,6.25,24.76,-2.23,2,0.814,11.32
ETU00378,M2,Informatique,16.31,6.59,5.56,5.29,21.78,-1.3,1,0.628,11.22
ETU00379,M2,Gestion,10.71,15.52,14.03,12.88,1.35,-2.64,0,0.927,12.94
ETU00380,L2,Médecine,17.72,10.77,9.11,10.08,20.85,-0.69,1,0.793,12.54
ETU00381,L1,Gestion,12.02,18.11,18.93,18.49,2.38,0.38,5,0.588,13.09
ETU00382,L1,Droit,9.4,11.36,11.17,12.24,7.08,0.88,5,0.711,11.33
ETU00383,L2,Informatique,17.7,16.46,16.87,15.77,31.55,-0.69,0,0.591,15.94
ETU00384,M1,Ingénierie,7.99,6.82,7.81,7.42,15.65,0.59,5,0.729,9.3
ETU00385,L3,Gestion,18.95,7.11,4.78,5.73,27.35,-1.38,4,0.539,11.93
ETU00386,L2,Informatique,13.97,8.82,9.88,9.99,11.0,1.17,0,0.983,9.57
ETU00387,L1,Informatique,17.9,7.68,6.07,3.49,3.88,-4.19,2,0.798,11.8
ETU00388,L3,Informatique,8.32,18.67,18.01,18.29,31.09,-0.39,1,0.995,11.62
ETU00389,M2,Médecine,11.06,16.31,13.68,12.77,5.73,-3.54,4,0.587,13.13
ETU00390,M1,Informatique,17.35,9.88,11.06,13.13,12.24,3.25,4,0.692,14.73
ETU00391,L2,Droit,16.88,12.28,9.94,11.7,24.54,-0.58,1,0.966,13.57
ETU00392,L3,Médecine,17.33,12.47,10.87,7.74,20.71,-4.72,4,0.846,9.88
ETU00393,L3,Gestion,9.65,13.5,12.01,13.51,32.48,0.01,1,0.535,9.21
ETU00394,M2,Médecine,14.03,6.45,6.46,7.34,34.57,0.89,2,0.942,9.28
ETU00395,L2,Gestion,11.06,9.89,9.85,7.92,5.13,-1.96,0,0.594,9.78
ETU00396,L2,Droit,10.17,6.2,7.62,9.24,7.93,3.04,5,0.631,9.38
ETU00397,L3,Informatique,12.76,17.87,17.91,16.29,22.37,-1.58,1,0.866,15.06
ETU00398,L1,Informatique,15.3,10.65,12.3,14.32,5.14,3.67,5,0.855,14.1
ETU00399,M2,Informatique,12.74,15.18,15.95,15.28,18.98,0.1,5,0.83,11.45
ETU00400,L2,Informatique,9.0,17.89,16.67,14.7,13.05,-3.2,0,0.503,10.61
ETU00401,M2,Gestion,16.5,9.33,8.53,12.01,31.08,2.68,0,0.625,11.14
ETU00402,L3,Gestion,18.71,6.23,8.7,6.68,32.13,0.45,0,0.672,11.87
ETU00403,M1,Gestion,10.72,9.71,11.75,10.84,9.06,1.13,5,0.7,11.34
ETU00404,M1,Informatique,17.04,14.39,15.83,15.22,3.35,0.82,0,0.537,16.22
ETU00405,M1,Médecine,17.23,12.0,13.63,13.25,34.69,1.25,3,0.838,12.8
ETU00406,M1,Ingénierie,9.39,6.05,6.95,8.3,5.25,2.25,5,0.946,8.64
ETU00407,M1,Médecine,15.17,5.98,6.69,7.07,6.07,1.09,1,0.995,13.07
ETU00408,L2,Informatique,18.2,14.79,15.07,16.87,8.83,2.08,3,0.899,13.65
ETU00409,L1,Médecine,15.62,15.31,18.06,18.92,11.93,3.61,0,0.601,15.96
ETU00410,M2,Gestion,6.39,6.53,6.04,3.83,5.17,-2.71,5,0.756,7.17
ETU00411,M2,Gestion,13.86,16.13,16.69,17.81,11.28,1.69,3,0.958,13.62
ETU00412,L2,Médecine,16.12,9.84,7.48,8.13,0.77,-1.71,4,0.533,11.94
ETU00413,L1,Gestion,14.04,5.95,4.01,3.37,28.03,-2.58,1,0.614,9.44
ETU00414,M2,Ingénierie,6.37,9.67,12.6,16.01,9.22,6.33,4,0.632,9.28
ETU00415,L1,Ingénierie,7.56,15.23,16.35,17.56,28.62,2.34,3,0.805,9.91
ETU00416,L1,Médecine,16.42,14.18,14.06,15.77,22.64,1.59,0,0.976,13.24
ETU00417,M2,Droit,12.34,11.74,12.06,13.82,16.82,2.08,3,0.741,13.87
ETU00418,M1,Gestion,18.45,8.92,7.08,6.75,34.03,-2.17,0,0.782,11.3
ETU00419,M1,Médecine,11.39,10.85,10.41,11.66,13.53,0.81,4,0.82,10.88
ETU00420,M1,Droit,16.68,10.34,8.36,9.13,6.24,-1.21,5,0.926,13.23
ETU00421,M1,Médecine,6.46,10.46,10.22,9.68,20.21,-0.78,5,0.643,7.65
ETU00422,L3,Informatique,16.93,11.86,13.08,11.54,4.91,-0.31,2,0.813,13.75
ETU00423,M1,Gestion,17.17,11.37,12.25,12.59,9.69,1.22,5,0.963,14.14
ETU00424,M1,Informatique,10.71,6.43,9.02,10.2,31.77,3.76,5,0.969,8.03
ETU00425,L2,Droit,10.02,9.06,9.7,10.03,31.23,0.97,2,0.691,7.32
ETU00426,L3,Médecine,17.83,6.81,3.29,3.32,16.3,-3.49,1,0.556,9.96
ETU00427,L2,Informatique,16.11,13.43,16.56,16.9,16.74,3.47,1,0.962,16.61
ETU00428,M1,Ingénierie,13.77,10.92,9.86,9.73,19.84,-1.19,3,0.96,10.41
ETU00429,L1,Ingénierie,11.67,14.41,14.85,17.47,2.95,3.07,2,0.549,13.14
ETU00430,M2,Gestion,17.86,6.23,6.58,7.28,8.86,1.06,3,0.541,10.44
ETU00431,L2,Informatique,15.71,9.83,10.39,9.96,20.3,0.13,5,0.593,13.43
ETU00432,L1,Médecine,11.42,7.52,7.8,5.38,11.24,-2.14,0,0.823,8.95
ETU00433,L1,Médecine,12.46,6.29,6.59,6.59,7.47,0.3,1,0.651,9.26
ETU00434,L3,Médecine,7.28,15.83,14.05,13.48,22.66,-2.35,3,0.62,9.6
ETU00435,L2,Informatique,16.54,6.83,10.91,10.29,19.83,3.46,4,0.9,15.2
ETU00436,M1,Droit,16.94,7.45,8.63,10.34,11.45,2.89,5,0.622,12.85
ETU00437,L3,Gestion,10.62,10.13,10.41,10.83,32.81,0.7,5,0.98,9.3
ETU00438,L2,Gestion,10.03,9.1,12.06,9.84,27.22,0.74,2,0.719,6.08
ETU00439,L2,Droit,9.28,17.88,16.47,17.7,20.86,-0.18,3,0.711,13.45
ETU00440,L2,Ingénierie,8.25,18.84,20.0,18.27,7.33,-0.57,2,0.972,11.61
ETU00441,M1,Informatique,18.32,10.91,10.28,11.62,22.68,0.71,0,0.56,12.47
ETU00442,L1,Gestion,15.87,7.82,8.62,8.21,24.07,0.39,4,0.557,10.27
ETU00443,M2,Gestion,11.63,11.97,12.81,13.24,20.34,1.27,4,0.717,12.93
ETU00444,L2,Gestion,7.43,11.94,8.63,8.9,22.33,-3.04,4,0.794,8.02
ETU00445,L1,Ingénierie,7.81,11.52,9.58,9.65,5.68,-1.87,2,0.754,7.24
ETU00446,M1,Informatique,15.23,5.28,7.86,8.48,11.72,3.19,4,0.977,10.85
ETU00447,M1,Informatique,8.64,6.8,6.62,7.04,31.18,0.24,1,0.997,6.61
ETU00448,M1,Médecine,10.52,6.97,10.18,13.28,4.8,6.31,2,0.52,11.12
ETU00449,L2,Gestion,18.44,9.92,12.09,12.73,20.64,2.8,1,0.583,13.44
ETU00450,L1,Ingénierie,13.56,13.13,13.0,13.67,31.42,0.54,2,0.777,10.06
ETU00451,M2,Droit,16.51,17.29,17.03,16.26,0.5,-1.03,5,0.975,15.03
ETU00452,L3,Informatique,7.35,8.13,10.8,11.67,33.85,3.54,2,0.64,8.27
ETU00453,L3,Droit,10.3,15.8,19.15,17.92,30.92,2.12,4,0.684,10.62
ETU00454,L2,Informatique,17.64,8.17,7.94,9.96,25.03,1.8,5,0.616,9.74
ETU00455,M1,Droit,16.54,5.46,7.96,6.04,24.82,0.58,0,0.984,11.41
ETU00456,M2,Ingénierie,15.4,14.1,15.84,14.88,30.37,0.78,5,0.577,12.85
ETU00457,M1,Droit,13.64,8.0,10.01,7.86,5.98,-0.14,0,0.782,10.89
ETU00458,M1,Médecine,9.5,17.88,18.23,19.16,24.5,1.28,3,0.511,13.18
ETU00459,M1,Gestion,13.61,18.07,17.26,16.92,12.02,-1.14,2,0.801,11.61
ETU00460,L1,Ingénierie,6.66,6.47,5.09,6.42,30.65,-0.05,1,0.696,6.54
ETU00461,L3,Droit,8.63,7.73,5.97,4.81,18.67,-2.92,3,0.783,8.22
ETU00462,L2,Médecine,12.74,7.95,11.01,12.11,26.8,4.16,5,0.54,10.5
ETU00463,L3,Médecine,6.03,17.76,17.98,19.15,5.85,1.39,0,0.546,9.83
ETU00464,M2,Médecine,9.02,6.09,4.58,5.19,8.47,-0.9,1,0.546,7.03
ETU00465,M2,Ingénierie,7.98,15.52,17.22,17.57,29.34,2.05,3,0.918,10.41
ETU00466,L3,Droit,10.49,9.03,8.51,9.02,13.83,-0.01,0,0.862,7.78
ETU00467,L1,Informatique,17.16,13.15,12.38,11.31,18.47,-1.84,1,0.564,13.85
ETU00468,L2,Gestion,18.32,7.48,10.78,9.47,25.39,1.99,2,0.658,12.76
ETU00469,M1,Gestion,8.15,16.29,14.5,15.61,5.94,-0.68,2,0.718,10.38
ETU00470,L3,Droit,9.0,14.39,14.94,14.69,10.59,0.3,4,0.549,12.21
ETU00471,L3,Informatique,17.01,5.3,4.61,5.59,11.4,0.29,2,0.92,10.43
ETU00472,L2,Gestion,8.24,8.32,7.39,10.02,32.08,1.7,0,0.681,9.97
ETU00473,M2,Médecine,15.64,11.53,9.53,9.15,4.82,-2.38,3,0.835,11.9
ETU00474,M2,Droit,7.11,12.44,12.73,12.13,13.0,-0.31,1,0.821,8.35
ETU00475,M1,Gestion,14.43,16.58,15.47,15.28,33.58,-1.3,0,0.957,12.05
ETU00476,M2,Droit,9.45,10.42,11.5,11.86,29.22,1.45,4,0.871,9.6
ETU00477,L1,Informatique,15.74,17.98,18.11,19.33,23.47,1.35,2,0.517,13.73
ETU00478,L1,Informatique,12.75,7.71,7.45,7.7,19.21,-0.01,3,0.578,10.02
ETU00479,M1,Médecine,8.33,17.01,15.91,19.32,29.36,2.32,3,0.722,10.86
ETU00480,M1,Médecine,11.23,17.66,20.0,20.0,33.12,2.34,0,0.547,12.77
ETU00481,L2,Médecine,12.69,13.77,15.08,16.55,32.34,2.77,4,0.696,12.18
ETU00482,M2,Gestion,18.95,18.55,17.72,17.97,22.37,-0.58,1,0.989,17.41
ETU00483,M1,Gestion,12.24,10.75,8.91,10.73,25.48,-0.02,4,0.603,9.63
ETU00484,L2,Ingénierie,7.97,14.79,12.16,12.15,27.14,-2.64,4,0.852,9.55
ETU00485,M1,Médecine,13.22,5.14,7.05,6.38,28.33,1.24,0,0.63,10.04
ETU00486,M2,Informatique,8.86,8.85,10.41,12.07,25.66,3.22,0,0.517,7.95
ETU00487,M1,Ingénierie,17.43,12.93,14.7,14.91,6.3,1.98,5,0.549,15.18
ETU00488,L3,Droit,16.84,17.26,17.28,17.95,26.59,0.69,0,0.552,16.1
ETU00489,M2,Gestion,7.67,18.34,19.75,20.0,13.66,1.66,1,0.65,13.48
ETU00490,L2,Gestion,13.65,13.11,14.85,15.36,6.99,2.25,5,0.98,11.73
ETU00491,M2,Droit,15.05,16.98,17.08,17.15,3.59,0.17,0,0.81,13.62
ETU00492,M2,Informatique,9.27,16.19,15.85,15.35,8.41,-0.84,3,0.561,11.53
ETU00493,L2,Informatique,14.14,15.83,14.57,16.46,17.77,0.63,2,0.535,13.31
ETU00494,M1,Droit,12.01,6.56,7.4,7.19,8.64,0.63,2,0.985,9.77
ETU00495,M2,Ingénierie,12.27,11.7,12.74,12.96,23.31,1.26,0,0.586,11.09
ETU00496,L2,Droit,13.17,11.81,11.4,12.13,33.75,0.32,3,0.635,11.32
ETU00497,M1,Ingénierie,13.41,16.02,15.79,16.52,1.54,0.49,2,0.921,10.73
ETU00498,L3,Médecine,15.23,13.21,13.08,14.9,4.57,1.69,4,0.777,14.35
ETU00499,L3,Ingénierie,11.88,16.48,17.86,18.06,8.65,1.58,4,0.613,15.14
ETU00500,M1,Informatique,15.39,18.39,16.53,18.89,28.15,0.5,2,0.832,13.83
ETU00501,L3,Ingénierie,12.32,12.77,11.31,11.23,9.49,-1.53,0,0.686,11.78
ETU00502,M1,Ingénierie,14.62,16.08,14.66,15.51,6.7,-0.57,3,0.791,15.79
ETU00503,M2,Ingénierie,9.42,12.85,12.83,12.85,5.35,0.0,2,0.548,10.84
ETU00504,L2,Informatique,13.04,13.76,14.43,17.87,5.25,4.11,4,0.94,13.72
ETU00505,L1,Gestion,12.08,11.66,10.26,10.03,25.19,-1.63,4,0.798,12.53
ETU00506,M1,Droit,9.93,18.43,20.0,19.91,24.78,1.47,1,0.502,15.4
ETU00507,M2,Médecine,6.81,16.45,18.84,19.31,10.89,2.87,0,0.78,10.48
ETU00508,M2,Médecine,12.63,15.53,16.35,16.25,15.73,0.72,2,0.681,12.54
ETU00509,L3,Ingénierie,6.13,9.61,11.5,12.27,21.99,2.66,5,0.953,9.35
ETU00510,M2,Informatique,11.07,11.8,10.62,12.77,34.13,0.97,1,0.569,10.94
ETU00511,M2,Gestion,10.82,17.08,15.94,16.46,26.01,-0.62,2,0.667,12.89
ETU00512,L2,Informatique,14.24,18.11,19.08,19.66,28.11,1.55,4,0.882,11.17
ETU00513,L1,Droit,18.84,18.97,19.11,19.06,34.22,0.1,4,0.613,13.66
ETU00514,M2,Gestion,17.15,15.28,14.14,13.68,13.34,-1.6,4,0.657,16.28
ETU00515,L1,Médecine,18.68,15.23,17.57,18.01,2.42,2.78,5,0.886,17.16
ETU00516,L1,Gestion,18.36,6.31,6.96,7.27,26.14,0.96,4,0.856,12.14
ETU00517,L2,Gestion,6.96,15.52,16.77,18.83,4.24,3.31,0,0.68,10.14
ETU00518,M1,Gestion,9.67,9.85,9.04,7.9,15.35,-1.95,2,0.734,8.58
ETU00519,M1,Médecine,9.86,17.1,19.82,20.0,25.84,2.9,4,0.776,13.32
ETU00520,L2,Ingénierie,6.92,5.16,5.12,5.2,19.54,0.05,3,0.944,4.84
ETU00521,M1,Informatique,17.01,18.08,19.81,20.0,12.85,1.92,0,0.831,15.47
ETU00522,M2,Informatique,17.64,11.77,11.1,9.8,18.0,-1.97,4,0.796,13.38
ETU00523,L1,Ingénierie,13.86,6.79,7.24,8.39,8.58,1.6,1,0.905,11.5
ETU00524,M2,Ingénierie,17.58,13.41,14.45,13.31,2.59,-0.1,1,0.652,14.05
ETU00525,M1,Ingénierie,15.29,14.69,17.88,18.74,14.44,4.05,5,0.722,15.77
ETU00526,M2,Ingénierie,11.73,15.92,15.46,16.17,2.04,0.25,5,0.843,13.92
ETU00527,L1,Gestion,7.95,14.83,15.33,15.14,34.29,0.32,0,0.702,8.11
ETU00528,L2,Informatique,18.46,12.75,13.84,11.04,15.67,-1.71,2,0.74,16.04
ETU00529,L2,Médecine,15.0,6.15,4.22,7.77,30.88,1.62,1,0.58,11.49
ETU00530,M1,Médecine,10.6,17.08,14.02,12.74,33.31,-4.34,3,0.805,11.02
ETU00531,M1,Ingénierie,7.67,18.77,17.47,18.18,15.73,-0.58,4,0.82,11.34
ETU00532,L2,Ingénierie,16.39,15.89,17.54,16.75,14.71,0.86,4,0.928,15.72
ETU00533,L2,Ingénierie,16.43,5.49,8.26,10.13,31.27,4.65,0,0.543,12.25
ETU00534,L3,Gestion,13.06,15.58,14.4,14.13,1.21,-1.45,4,0.95,12.59
ETU00535,L1,Gestion,19.0,8.77,7.15,6.32,17.05,-2.45,0,0.543,14.42
ETU00536,M2,Droit,11.02,18.47,20.0,20.0,9.4,1.53,3,0.873,11.25
ETU00537,M2,Gestion,18.25,5.89,5.24,3.63,26.35,-2.26,3,0.795,10.03
ETU00538,M1,Médecine,14.19,6.29,5.93,5.61,29.29,-0.68,2,0.703,10.1
ETU00539,L3,Ingénierie,15.57,7.54,9.93,11.26,21.7,3.72,5,0.962,11.7
ETU00540,M1,Médecine,17.92,15.54,17.69,20.0,14.24,4.46,3,0.728,16.91
ETU00541,L2,Informatique,16.8,14.12,15.72,14.58,19.42,0.46,5,0.512,12.36
ETU00542,L1,Ingénierie,9.75,15.18,12.81,12.2,20.09,-2.98,2,0.76,10.21
ETU00543,L2,Gestion,17.27,9.95,8.27,9.09,22.23,-0.86,2,0.766,13.58
ETU00544,L3,Gestion,13.02,17.31,19.19,16.5,32.28,-0.82,3,0.872,11.34
ETU00545,M2,Droit,6.58,11.25,11.92,14.26,8.72,3.01,1,0.679,9.33
ETU00546,L1,Informatique,14.76,6.88,5.91,4.71,7.06,-2.17,4,0.537,9.58
ETU00547,L2,Médecine,12.5,15.74,15.43,15.07,6.66,-0.67,1,0.675,13.43
ETU00548,L1,Médecine,12.98,12.41,14.28,14.97,24.4,2.56,0,0.801,12.84
ETU00549,L3,Droit,11.35,13.31,15.8,16.18,31.67,2.87,2,0.772,11.92
ETU00550,M2,Gestion,6.83,10.39,10.58,9.44,11.44,-0.95,4,0.923,8.03
ETU00551,L1,Gestion,8.34,14.95,14.12,17.0,14.72,2.05,3,0.635,11.11
ETU00552,L3,Médecine,15.83,5.5,5.28,1.72,33.89,-3.78,0,0.785,9.21
ETU00553,L1,Ingénierie,9.04,11.88,14.09,12.71,5.08,0.83,0,0.988,10.8
ETU00554,L1,Droit,14.16,10.98,13.17,12.51,30.78,1.53,4,0.657,13.52
ETU00555,L3,Ingénierie,13.04,15.45,15.94,14.82,33.57,-0.63,5,0.718,10.74
ETU00556,L3,Droit,8.88,8.72,8.13,10.26,27.98,1.54,1,0.997,9.08
ETU00557,M2,Informatique,9.65,8.27,10.1,7.91,11.77,-0.36,5,0.572,7.9
ETU00558,L2,Ingénierie,10.99,9.48,12.11,14.75,22.88,5.27,2,0.787,13.33
ETU00559,M1,Gestion,17.44,11.73,9.75,9.63,10.2,-2.1,0,0.685,13.23
ETU00560,L1,Médecine,18.24,7.94,7.79,6.05,4.23,-1.89,1,0.523,10.95
ETU00561,L3,Droit,11.03,14.58,16.51,13.66,3.76,-0.92,5,0.88,11.76
ETU00562,M2,Médecine,6.6,9.64,9.95,9.93,0.33,0.29,1,0.599,7.01
ETU00563,L2,Médecine,13.81,10.9,10.37,9.62,34.24,-1.29,5,0.946,9.84
ETU00564,L1,Ingénierie,11.43,12.81,13.28,13.94,22.93,1.13,3,0.709,12.04
ETU00565,L3,Ingénierie,12.4,10.28,11.03,10.66,11.24,0.38,4,0.572,12.62
ETU00566,L1,Gestion,11.75,14.82,13.33,15.06,20.27,0.24,2,0.623,13.2
ETU00567,M1,Informatique,14.51,14.19,14.52,14.61,21.67,0.42,0,0.916,13.04
ETU00568,L2,Médecine,9.96,15.6,16.35,16.01,6.4,0.42,2,0.687,12.83
ETU00569,M1,Gestion,17.6,12.32,11.79,13.55,10.11,1.22,5,0.628,14.85
ETU00570,M1,Gestion,11.48,10.14,9.17,9.82,19.15,-0.33,5,0.624,12.62
ETU00571,M2,Médecine,10.44,7.82,7.21,8.67,29.39,0.86,2,0.792,8.05
ETU00572,L1,Droit,18.0,11.12,9.86,11.88,4.54,0.77,0,0.628,15.72
ETU00573,M2,Droit,10.66,17.22,18.7,18.56,30.04,1.34,1,0.968,11.32
ETU00574,L2,Ingénierie,7.08,6.69,5.42,5.78,21.31,-0.92,2,0.525,8.22
ETU00575,L1,Médecine,8.02,8.02,8.5,10.06,17.14,2.05,5,0.578,7.62
ETU00576,M2,Ingénierie,15.29,14.31,13.95,10.58,5.04,-3.74,3,0.714,12.21
ETU00577,L3,Informatique,13.31,13.05,12.19,12.34,19.25,-0.71,2,0.604,11.52
ETU00578,L3,Droit,12.95,17.83,20.0,20.0,12.38,2.17,4,0.889,13.47
ETU00579,L2,Droit,7.07,5.41,5.41,6.27,6.61,0.86,1,0.958,7.82
ETU00580,L1,Ingénierie,8.13,17.3,16.5,15.59,30.8,-1.71,1,0.8,12.23
ETU00581,L1,Ingénierie,11.15,15.16,14.21,16.15,16.12,1.0,4,0.927,9.45
ETU00582,M2,Gestion,11.82,15.86,16.57,15.76,2.79,-0.1,2,0.9,12.83
ETU00583,L1,Ingénierie,10.9,10.3,11.74,11.35,10.57,1.05,3,0.579,9.35
ETU00584,L3,Médecine,12.54,9.3,11.41,10.71,6.35,1.41,4,0.539,12.28
ETU00585,L2,Gestion,15.54,5.2,5.15,7.29,32.87,2.09,4,0.815,11.75
ETU00586,M2,Ingénierie,14.26,16.02,15.88,13.05,8.51,-2.97,3,0.991,13.06
ETU00587,M1,Informatique,13.95,7.26,7.66,10.64,17.72,3.38,0,0.916,10.25
ETU00588,L1,Médecine,13.25,8.17,8.62,11.13,26.09,2.96,5,0.808,8.57
ETU00589,L1,Ingénierie,8.61,8.87,7.91,7.37,5.55,-1.51,0,0.555,11.1
ETU00590,L1,Médecine,13.86,17.18,19.57,20.0,15.31,2.82,0,0.89,16.42
ETU00591,M1,Droit,8.06,9.03,9.26,9.76,22.86,0.73,1,0.841,6.18
ETU00592,L1,Ingénierie,15.27,10.96,11.96,14.74,30.87,3.78,1,0.967,13.46
ETU00593,L2,Informatique,11.88,15.46,16.3,18.03,22.89,2.56,4,0.855,11.36
ETU00594,L3,Gestion,13.56,17.49,18.3,20.0,2.8,2.51,3,0.552,14.17
ETU00595,L1,Médecine,17.22,16.08,14.77,12.73,11.25,-3.35,5,0.805,12.62
ETU00596,L2,Médecine,10.85,12.5,12.69,13.27,12.28,0.78,0,0.702,8.95
ETU00597,L2,Gestion,7.3,5.03,8.65,6.37,13.59,1.33,5,0.711,7.29
ETU00598,L3,Médecine,17.59,7.21,9.79,9.31,32.96,2.1,2,0.816,14.34
ETU00599,L1,Médecine,10.74,8.55,8.99,12.66,1.25,4.11,3,0.95,9.55
ETU00600,L2,Droit,11.28,10.79,10.44,11.44,10.58,0.65,0,0.88,11.95
ETU00601,L3,Informatique,9.85,10.07,6.94,8.72,17.24,-1.35,4,0.511,10.14
ETU00602,L3,Ingénierie,11.46,12.2,11.66,12.73,3.02,0.52,3,0.573,12.33
ETU00603,M2,Gestion,12.77,10.77,10.85,11.83,16.92,1.06,4,0.682,13.59
ETU00604,L2,Droit,16.96,15.16,14.89,14.41,3.75,-0.76,5,0.842,15.65
ETU00605,L2,Droit,15.36,5.73,5.56,4.8,29.32,-0.93,1,0.817,12.05
ETU00606,L1,Gestion,12.67,18.93,20.0,19.54,9.45,0.61,5,0.752,12.91
ETU00607,M1,Informatique,15.93,16.8,15.5,11.71,18.31,-5.1,2,0.715,14.39
ETU00608,L3,Ingénierie,17.02,9.69,10.3,10.48,21.64,0.79,1,0.895,14.46
ETU00609,L1,Médecine,6.76,10.56,10.59,11.25,10.7,0.69,4,0.548,7.78
ETU00610,M2,Informatique,13.7,18.49,17.37,16.74,12.3,-1.75,0,0.798,9.91
ETU00611,M2,Droit,6.56,18.1,20.0,20.0,17.87,1.9,4,0.904,10.05
ETU00612,M2,Médecine,10.01,10.5,11.83,12.91,28.19,2.41,5,0.636,9.06
ETU00613,M1,Ingénierie,15.91,5.83,4.86,6.48,15.84,0.65,1,0.601,11.42
ETU00614,L1,Ingénierie,16.29,18.83,19.81,18.31,17.18,-0.52,3,0.837,14.77
ETU00615,M2,Informatique,17.49,14.15,12.27,11.38,20.86,-2.78,4,0.588,13.35
ETU00616,L3,Ingénierie,12.48,14.7,13.91,15.34,14.88,0.63,3,0.744,11.7
ETU00617,M2,Informatique,7.09,8.84,11.04,12.22,25.41,3.37,5,0.961,8.32
ETU00618,L2,Médecine,7.65,16.46,17.19,19.51,0.17,3.04,4,0.53,11.95
ETU00619,M1,Droit,9.18,12.8,13.41,15.67,16.91,2.86,1,0.955,10.23
ETU00620,L3,Ingénierie,10.84,11.58,13.26,17.19,32.31,5.6,2,0.595,12.33
ETU00621,L3,Droit,12.85,15.38,16.49,16.35,21.56,0.98,4,0.741,14.51
ETU00622,L2,Droit,14.4,10.21,10.01,12.68,17.02,2.47,2,0.566,10.63
ETU00623,L1,Médecine,8.11,11.01,12.62,11.54,27.02,0.52,2,0.855,9.49
ETU00624,M2,Informatique,8.46,14.13,11.8,15.69,13.76,1.56,5,0.999,8.71
ETU00625,M1,Informatique,8.25,13.95,13.15,14.14,16.35,0.18,0,0.651,8.33
ETU00626,M2,Médecine,15.81,18.6,18.65,19.76,6.83,1.17,2,0.962,16.97
ETU00627,L3,Droit,9.93,12.88,13.9,15.69,4.35,2.81,2,0.865,14.09
ETU00628,L2,Médecine,8.17,9.49,9.21,7.47,0.89,-2.02,4,0.983,8.29
ETU00629,M1,Droit,11.61,9.02,6.55,5.24,25.6,-3.79,5,0.836,10.78
ETU00630,L2,Ingénierie,9.22,12.48,9.79,10.26,16.39,-2.21,5,0.841,8.57
ETU00631,M2,Gestion,10.8,6.67,6.77,7.59,32.88,0.92,2,0.972,8.23
ETU00632,L3,Droit,16.71,13.23,12.72,16.14,6.19,2.91,2,0.864,16.44
ETU00633,M1,Gestion,10.34,10.46,9.3,8.17,8.54,-2.29,0,0.924,8.71
ETU00634,M1,Informatique,8.27,9.93,8.51,11.12,22.36,1.19,5,0.642,9.72
ETU00635,L2,Informatique,9.02,7.69,8.1,8.0,1.91,0.3,1,0.584,8.63
ETU00636,M1,Informatique,6.45,11.94,14.09,13.97,17.62,2.03,1,0.82,8.68
ETU00637,L3,Informatique,17.71,5.53,5.93,5.98,4.33,0.46,2,0.626,11.2
ETU00638,L1,Gestion,15.06,13.5,15.67,15.52,5.65,2.02,5,0.715,11.24
ETU00639,L3,Droit,12.02,9.0,8.64,9.67,17.92,0.67,5,0.928,11.54
ETU00640,L1,Médecine,13.29,17.67,18.54,18.24,19.92,0.57,1,0.816,14.26
ETU00641,M1,Ingénierie,9.3,12.37,14.6,12.78,7.42,0.41,3,0.972,10.62
ETU00642,M1,Droit,11.25,15.93,15.89,15.79,9.49,-0.14,1,0.677,11.75
ETU00643,M2,Droit,10.16,16.92,17.16,18.14,9.94,1.22,2,0.64,13.06
ETU00644,L3,Informatique,16.72,17.31,16.94,15.14,4.96,-2.17,4,0.607,15.99
ETU00645,M2,Gestion,15.66,17.19,18.28,19.45,33.8,2.26,3,0.988,14.28
ETU00646,M1,Gestion,9.69,8.16,9.71,11.78,24.23,3.62,5,0.715,10.47
ETU00647,L2,Droit,15.91,9.25,9.97,12.49,3.88,3.25,3,0.96,13.22
ETU00648,L2,Gestion,7.22,14.91,14.77,15.57,12.5,0.66,4,0.672,10.28
ETU00649,M2,Gestion,8.63,12.53,10.48,8.07,6.04,-4.46,2,0.644,10.38
ETU00650,L1,Droit,7.38,13.53,13.66,14.93,8.2,1.4,4,0.885,9.64
ETU00651,L1,Informatique,9.1,14.49,14.4,16.15,32.88,1.66,4,0.809,9.1
ETU00652,L1,Ingénierie,8.94,6.6,7.15,6.41,4.79,-0.19,5,0.762,8.16
ETU00653,M1,Médecine,17.71,7.36,7.73,7.92,30.79,0.57,2,0.72,11.73
ETU00654,M1,Ingénierie,10.26,13.93,16.49,17.51,29.46,3.58,3,0.733,11.44
ETU00655,L3,Gestion,10.62,13.76,12.91,15.89,26.03,2.14,4,0.917,12.6
ETU00656,L3,Droit,7.3,16.44,14.28,14.2,17.39,-2.25,5,0.577,10.6
ETU00657,L1,Ingénierie,6.86,14.71,13.2,14.84,9.04,0.12,0,0.526,10.11
ETU00658,L1,Gestion,8.85,7.91,7.16,7.93,29.08,0.02,0,0.503,8.1
ETU00659,M1,Ingénierie,7.75,5.98,7.8,8.4,29.19,2.42,0,0.748,7.78
ETU00660,L2,Informatique,10.48,10.47,8.73,11.02,18.39,0.55,0,0.909,10.64
ETU00661,M2,Informatique,8.42,10.2,8.65,7.7,1.67,-2.49,1,0.835,9.03
ETU00662,M2,Droit,8.32,15.74,16.56,17.21,6.75,1.47,1,0.995,11.58
ETU00663,M1,Gestion,14.42,14.4,15.87,16.22,1.96,1.81,0,0.805,12.58
ETU00664,L3,Médecine,18.25,17.21,15.09,13.13,6.29,-4.08,5,0.755,14.03
ETU00665,L2,Ingénierie,6.16,12.06,9.6,11.75,17.79,-0.31,4,0.791,8.64
ETU00666,M2,Gestion,15.17,9.04,8.06,9.61,29.9,0.56,1,0.941,11.38
ETU00667,L1,Médecine,14.57,12.06,13.25,13.6,22.86,1.54,2,0.507,10.79
ETU00668,M2,Gestion,13.61,8.02,8.43,8.34,21.03,0.32,2,0.733,9.78
ETU00669,M2,Informatique,15.0,5.85,4.92,5.22,26.18,-0.62,5,0.706,8.48
ETU00670,L1,Ingénierie,12.61,12.0,13.3,14.67,22.4,2.67,0,0.977,13.72
ETU00671,L2,Droit,18.05,10.79,11.18,11.56,15.52,0.77,5,0.594,13.69
ETU00672,M2,Médecine,8.06,5.45,5.49,4.79,28.54,-0.66,0,0.513,7.39
ETU00673,M1,Gestion,12.16,15.1,12.88,12.4,10.86,-2.7,3,0.816,11.7
ETU00674,L2,Droit,14.49,14.02,13.07,13.35,32.48,-0.67,3,0.813,11.49
ETU00675,M2,Ingénierie,17.81,6.03,9.17,8.07,4.07,2.04,1,0.66,12.18
ETU00676,M1,Droit,12.34,14.94,14.64,15.44,22.32,0.5,0,0.77,13.03
ETU00677,M2,Informatique,18.7,6.16,4.92,4.03,17.52,-2.12,2,0.798,11.08
ETU00678,L3,Droit,14.53,12.25,11.87,10.74,14.9,-1.5,5,0.677,12.55
ETU00679,L3,Informatique,15.09,13.71,14.09,19.18,15.04,5.47,3,0.71,14.34
ETU00680,M1,Informatique,16.64,11.99,13.51,16.72,1.48,4.73,5,0.571,14.85
ETU00681,L1,Ingénierie,15.54,15.46,16.6,17.11,26.3,1.65,2,0.886,14.53
ETU00682,M1,Ingénierie,12.79,10.4,9.58,11.16,12.33,0.76,3,0.695,10.47
ETU00683,M1,Ingénierie,16.04,7.98,10.09,11.92,16.68,3.94,5,0.823,11.9
ETU00684,L1,Informatique,6.46,11.81,13.23,13.42,29.67,1.61,2,0.713,10.01
ETU00685,M2,Ingénierie,18.13,9.79,9.32,10.05,20.2,0.26,5,0.581,14.91
ETU00686,L3,Gestion,16.7,7.12,7.13,7.03,29.8,-0.09,5,0.85,11.97
ETU00687,L3,Informatique,14.29,11.6,12.7,14.88,4.8,3.28,3,0.709,9.73
ETU00688,L2,Droit,6.89,7.82,9.63,11.84,9.86,4.02,2,0.593,7.83
ETU00689,M2,Gestion,9.83,11.58,9.51,12.15,7.98,0.56,1,0.967,10.49
ETU00690,L1,Droit,9.3,13.3,13.6,14.3,31.02,1.0,1,0.947,9.1
ETU00691,M2,Ingénierie,9.34,15.95,16.1,19.66,27.35,3.71,5,0.864,10.36
ETU00692,L3,Droit,14.74,16.94,16.29,16.47,29.19,-0.47,2,0.788,13.13
ETU00693,L2,Gestion,17.39,14.35,13.69,17.06,19.9,2.71,5,0.813,14.9
ETU00694,M1,Ingénierie,14.86,17.51,19.29,18.9,7.73,1.39,2,0.68,15.9
ETU00695,M1,Médecine,11.05,12.81,13.81,12.16,13.19,-0.64,1,0.631,10.86
ETU00696,L2,Gestion,18.6,14.95,18.31,20.0,19.26,5.05,3,0.796,15.71
ETU00697,M2,Informatique,17.21,15.79,15.13,16.42,0.66,0.64,1,0.87,14.36
ETU00698,L1,Informatique,14.91,16.55,16.95,18.03,22.39,1.48,2,0.748,14.85
ETU00699,L1,Gestion,11.17,15.53,16.19,15.95,29.92,0.42,2,0.948,12.45
ETU00700,M2,Informatique,14.89,17.63,19.18,18.21,11.4,0.58,4,0.694,15.9
ETU00701,M1,Ingénierie,11.3,11.62,13.86,13.03,23.79,1.41,5,0.688,11.1
ETU00702,L3,Informatique,8.02,18.35,18.69,19.2,16.92,0.85,3,0.713,10.41
ETU00703,L2,Ingénierie,14.04,10.6,9.16,9.24,0.14,-1.37,5,0.852,11.07
ETU00704,M1,Médecine,15.08,5.98,5.12,2.51,9.94,-3.48,1,0.514,10.93
ETU00705,M1,Informatique,10.54,7.55,7.96,10.8,18.48,3.25,3,0.677,7.46
ETU00706,L1,Droit,18.08,12.82,14.7,14.37,25.37,1.55,2,0.871,14.23
ETU00707,L3,Informatique,17.11,5.2,3.23,5.39,14.07,0.19,2,0.777,11.16
ETU00708,M1,Gestion,13.58,7.2,5.65,4.89,6.52,-2.31,4,0.655,12.16
ETU00709,L3,Gestion,6.78,10.24,11.57,12.11,2.14,1.87,2,0.828,8.63
ETU00710,M1,Médecine,6.22,13.74,12.0,13.76,25.01,0.02,1,0.951,8.9
ETU00711,M2,Informatique,14.32,7.32,5.83,7.38,12.78,0.06,2,0.753,12.5
ETU00712,L1,Médecine,16.58,13.05,14.95,14.85,22.65,1.8,0,0.87,13.33
ETU00713,L3,Médecine,12.5,14.28,14.15,15.22,7.76,0.93,3,0.599,13.92
ETU00714,L3,Ingénierie,6.31,15.69,15.44,16.76,26.41,1.07,4,0.736,10.4
ETU00715,L2,Droit,7.88,14.25,16.5,16.58,12.05,2.33,0,0.646,11.0
ETU00716,L1,Gestion,8.75,8.5,7.11,5.74,1.83,-2.77,2,0.996,8.94
ETU00717,M2,Médecine,14.16,18.96,17.27,16.63,17.86,-2.33,1,0.609,13.88
ETU00718,L1,Médecine,12.32,17.44,20.0,19.81,25.6,2.37,0,0.974,16.63
ETU00719,L3,Gestion,7.33,10.23,10.78,11.12,32.64,0.89,0,0.704,6.03
ETU00720,M1,Gestion,12.52,5.41,6.63,9.32,33.98,3.91,2,0.749,9.08
ETU00721,L3,Médecine,17.3,12.4,12.14,13.8,15.97,1.39,3,0.762,13.49
ETU00722,M1,Ingénierie,11.71,17.11,17.15,16.23,21.42,-0.88,3,0.621,12.44
ETU00723,L1,Droit,7.95,16.51,15.65,18.71,19.5,2.2,0,0.619,12.78
ETU00724,L3,Ingénierie,13.51,17.57,18.24,18.42,18.67,0.86,0,0.688,13.64
ETU00725,M2,Droit,18.08,18.57,20.0,20.0,4.01,1.43,0,0.873,17.68
ETU00726,L3,Médecine,7.51,14.98,15.48,14.37,23.48,-0.61,4,0.85,10.33
ETU00727,M2,Gestion,8.03,7.27,9.06,8.69,33.78,1.41,3,0.999,8.77
ETU00728,L3,Médecine,13.37,5.51,6.7,8.56,4.44,3.05,2,0.544,10.37
ETU00729,L2,Informatique,10.42,7.12,5.75,4.73,10.91,-2.39,0,0.88,8.9
ETU00730,L3,Médecine,17.64,7.82,7.8,8.18,2.7,0.37,0,0.597,12.56
ETU00731,L2,Droit,15.27,5.86,5.39,6.39,14.1,0.53,2,0.756,9.33
ETU00732,L2,Droit,7.91,11.35,12.68,11.44,16.86,0.1,5,0.598,11.2
ETU00733,L3,Ingénierie,17.32,15.97,16.87,14.5,12.53,-1.47,0,0.968,14.08
ETU00734,L2,Droit,14.35,5.06,5.45,7.11,16.68,2.05,3,0.754,9.51
ETU00735,L1,Médecine,12.42,16.25,17.97,20.0,28.1,3.75,3,0.735,12.4
ETU00736,L2,Médecine,9.34,17.95,15.36,16.34,7.49,-1.61,5,0.654,12.24
ETU00737,L1,Informatique,14.45,7.13,6.42,7.7,26.53,0.57,1,0.724,9.72
ETU00738,M2,Ingénierie,17.68,5.3,4.72,3.7,27.77,-1.6,1,0.555,12.4
ETU00739,M2,Droit,6.5,11.71,12.29,14.79,20.34,3.08,3,0.842,9.92
ETU00740,L2,Médecine,10.88,17.16,18.19,17.92,11.04,0.76,2,0.785,12.72
ETU00741,M2,Informatique,18.16,15.32,15.51,17.56,32.78,2.24,1,0.55,13.93
ETU00742,L2,Gestion,10.98,5.49,3.71,4.92,12.74,-0.56,3,0.551,8.08
ETU00743,L2,Ingénierie,6.47,14.43,15.24,16.48,1.75,2.06,5,0.646,11.15
ETU00744,L3,Droit,7.32,16.45,16.84,18.03,4.76,1.58,5,0.737,11.33
ETU00745,M2,Informatique,14.98,8.79,6.79,7.93,31.21,-0.86,0,0.611,10.46
ETU00746,M1,Droit,15.1,14.15,13.9,14.63,5.25,0.48,4,0.566,12.37
ETU00747,M1,Ingénierie,7.5,11.92,12.68,14.43,15.66,2.51,4,0.548,12.46
ETU00748,M1,Informatique,8.85,7.88,10.56,9.77,24.22,1.89,3,0.653,8.57
ETU00749,M2,Informatique,13.33,17.62,16.19,16.13,20.08,-1.49,2,0.815,11.63
ETU00750,M1,Droit,14.92,8.12,9.51,12.01,22.87,3.89,4,0.839,10.34
ETU00751,L3,Droit,8.04,16.77,15.35,15.91,12.21,-0.86,3,0.641,10.63
ETU00752,L2,Informatique,11.93,14.82,13.12,12.93,23.18,-1.89,0,0.72,13.94
ETU00753,L3,Informatique,13.31,8.09,6.48,8.33,0.32,0.23,0,0.814,10.64
ETU00754,L1,Droit,6.65,14.96,16.07,17.62,9.21,2.66,4,0.68,10.32
ETU00755,M1,Droit,8.91,5.36,5.76,4.11,4.33,-1.25,2,0.989,8.76
ETU00756,M2,Informatique,17.95,8.31,8.04,9.43,15.93,1.12,3,0.846,13.64
ETU00757,L1,Médecine,17.44,9.0,9.88,10.39,5.1,1.39,4,0.789,13.82
ETU00758,M2,Gestion,10.19,17.45,17.71,19.08,19.16,1.63,1,0.749,12.99
ETU00759,M1,Ingénierie,17.28,17.82,18.18,18.5,6.32,0.68,5,0.746,14.52
ETU00760,M2,Ingénierie,14.22,8.79,8.54,9.54,14.5,0.74,1,0.646,10.35
ETU00761,M1,Médecine,18.76,11.65,10.3,7.86,2.6,-3.79,2,0.539,11.62
ETU00762,M2,Informatique,18.56,18.74,20.0,20.0,15.4,1.26,1,0.919,16.63
ETU00763,M1,Informatique,14.02,14.32,16.62,18.03,28.28,3.71,4,0.953,12.89
ETU00764,L2,Gestion,12.08,5.98,8.56,12.79,11.09,6.82,0,0.987,10.3
ETU00765,L3,Droit,7.85,10.48,9.87,10.72,24.72,0.24,2,0.702,9.01
ETU00766,L1,Gestion,12.89,10.9,10.08,9.34,14.91,-1.56,1,0.973,10.16
ETU00767,M2,Médecine,11.18,9.29,8.87,9.37,8.2,0.08,4,0.851,9.61
ETU00768,M1,Droit,14.39,12.28,14.09,13.05,10.62,0.77,0,0.711,12.42
ETU00769,L3,Gestion,7.16,15.3,15.5,17.68,10.59,2.37,3,0.959,10.93
ETU00770,M1,Ingénierie,16.85,14.68,14.07,14.44,25.98,-0.24,4,0.984,14.16
ETU00771,M1,Ingénierie,18.57,9.92,10.67,12.55,7.03,2.63,4,0.767,12.37
ETU00772,L2,Médecine,8.72,15.31,14.41,14.48,34.22,-0.83,3,0.89,10.75
ETU00773,M1,Gestion,14.23,12.48,10.64,12.66,24.06,0.18,3,0.888,12.19
ETU00774,M1,Ingénierie,16.43,15.77,16.17,14.03,14.04,-1.74,0,0.804,14.89
ETU00775,M1,Médecine,13.21,6.59,6.02,6.36,34.93,-0.24,3,0.711,9.24
ETU00776,M2,Informatique,18.16,10.67,10.85,11.96,7.57,1.29,4,0.567,14.19
ETU00777,L2,Informatique,12.65,10.53,6.7,6.6,26.7,-3.93,1,0.999,9.08
ETU00778,L1,Gestion,9.52,9.93,8.79,9.63,9.48,-0.3,1,0.536,10.07
ETU00779,M2,Médecine,12.13,14.77,14.9,15.72,19.02,0.95,1,0.567,13.84
ETU00780,L2,Ingénierie,12.34,12.8,10.73,12.6,1.9,-0.2,2,0.687,11.23
ETU00781,L2,Informatique,9.3,10.4,8.38,9.61,29.63,-0.79,0,0.699,8.33
ETU00782,L2,Informatique,16.23,12.51,12.77,13.66,12.82,1.15,5,0.634,14.13
ETU00783,M1,Médecine,14.03,14.86,16.11,17.73,20.46,2.87,3,0.539,12.95
ETU00784,L2,Droit,10.81,14.45,13.31,11.58,32.45,-2.87,4,0.95,9.52
ETU00785,L1,Informatique,11.48,15.65,15.46,14.63,1.06,-1.02,5,0.757,12.92
ETU00786,M1,Droit,10.83,16.92,16.76,14.98,33.88,-1.94,3,0.985,11.06
ETU00787,L3,Informatique,11.82,15.35,13.21,14.33,18.38,-1.02,4,0.939,13.23
ETU00788,M1,Ingénierie,12.87,7.52,9.5,10.42,27.33,2.9,3,0.747,9.81
ETU00789,L2,Ingénierie,10.3,16.85,16.78,19.16,16.56,2.3,4,0.694,11.58
ETU00790,L2,Droit,16.64,9.65,9.59,10.42,28.56,0.77,0,0.628,12.23
ETU00791,L3,Ingénierie,18.07,14.32,15.08,14.44,30.82,0.11,4,0.997,14.71
ETU00792,M2,Ingénierie,12.8,18.87,16.73,17.23,13.36,-1.64,2,0.803,13.98
ETU00793,M1,Informatique,15.25,9.12,10.7,8.19,25.29,-0.93,2,0.92,11.98
ETU00794,L3,Droit,18.1,8.78,10.56,10.25,34.95,1.46,1,0.992,11.97
ETU00795,L1,Gestion,8.5,7.55,7.96,4.74,26.5,-2.81,2,0.612,8.78
ETU00796,L3,Gestion,8.47,18.78,19.67,20.0,33.49,1.22,2,0.962,10.03
ETU00797,L1,Médecine,6.94,10.98,10.69,10.57,25.78,-0.41,2,0.897,7.43
ETU00798,M1,Informatique,11.75,15.97,17.47,17.57,11.55,1.6,5,0.727,13.05
ETU00799,L3,Ingénierie,10.3,5.69,4.65,3.56,28.95,-2.13,3,0.974,6.48
ETU00800,M2,Droit,13.29,7.53,7.68,6.97,23.32,-0.55,4,0.795,9.4
ETU00801,M2,Ingénierie,11.86,5.88,6.13,7.46,1.16,1.58,5,0.697,8.4
ETU00802,L2,Informatique,8.47,16.42,16.56,14.71,6.04,-1.71,3,0.58,11.07
ETU00803,L1,Médecine,11.09,6.49,8.3,9.35,9.14,2.86,2,0.864,10.39
ETU00804,L3,Gestion,6.38,17.92,20.0,20.0,26.02,2.08,4,0.887,10.59
ETU00805,L1,Médecine,12.99,14.29,14.33,12.11,27.9,-2.19,0,0.603,10.82
ETU00806,M1,Droit,9.52,17.73,18.64,20.0,28.94,2.27,4,0.686,11.74
ETU00807,M2,Droit,7.46,10.72,9.72,12.01,2.35,1.29,0,0.528,10.86
ETU00808,M2,Droit,6.86,12.36,14.11,13.6,2.53,1.24,2,0.779,11.38
ETU00809,M1,Droit,15.29,5.39,4.81,4.29,10.48,-1.1,1,0.8,9.64
ETU00810,M1,Droit,9.22,11.52,16.44,16.36,23.84,4.84,5,0.924,11.57
ETU00811,L2,Ingénierie,14.56,13.27,10.96,10.05,29.48,-3.22,3,0.513,11.45
ETU00812,M2,Ingénierie,16.6,6.41,9.83,9.18,30.43,2.77,3,0.56,13.14
ETU00813,M1,Droit,12.5,18.74,20.0,20.0,7.26,1.26,3,0.516,14.71
ETU00814,L1,Informatique,7.73,5.06,3.58,6.99,26.86,1.93,4,0.972,6.45
ETU00815,L3,Informatique,13.99,8.74,12.42,12.19,22.43,3.45,0,0.756,13.83
ETU00816,L3,Ingénierie,6.93,13.62,12.43,14.26,32.44,0.64,0,0.623,8.2
ETU00817,L1,Informatique,16.62,11.97,11.7,12.52,27.05,0.56,5,0.51,13.13
ETU00818,L2,Médecine,15.9,8.35,6.6,4.4,18.5,-3.95,3,0.548,12.17
ETU00819,M2,Médecine,11.23,18.81,18.79,19.06,27.41,0.24,4,0.86,13.77
ETU00820,L3,Ingénierie,9.5,7.64,7.77,7.84,10.79,0.2,2,0.74,7.93
ETU00821,L1,Gestion,15.22,12.96,14.4,16.9,27.52,3.94,5,0.867,12.34
ETU00822,M2,Médecine,13.37,6.62,10.48,13.04,27.34,6.42,0,0.633,9.61
ETU00823,L2,Droit,7.89,5.79,5.22,6.08,29.93,0.3,2,0.72,8.64
ETU00824,L3,Gestion,15.87,11.83,7.9,10.02,8.48,-1.81,3,0.812,10.83
ETU00825,L1,Médecine,10.34,16.27,17.44,17.52,29.72,1.25,2,0.606,12.91
ETU00826,L1,Médecine,17.62,12.44,11.81,13.79,5.92,1.35,5,0.644,12.36
ETU00827,M2,Droit,16.78,9.11,12.04,12.49,27.02,3.38,0,0.571,16.05
ETU00828,M1,Ingénierie,9.59,5.23,5.38,7.33,32.55,2.09,4,0.856,5.97
ETU00829,M1,Médecine,9.32,18.17,17.23,19.33,1.25,1.16,5,0.791,12.76
ETU00830,L1,Médecine,11.17,7.97,6.65,8.02,21.91,0.06,0,0.722,10.71
ETU00831,M1,Médecine,16.46,13.04,14.18,13.37,23.09,0.32,3,0.784,12.59
ETU00832,L1,Ingénierie,7.7,5.22,5.0,4.67,28.53,-0.54,0,0.585,7.31
ETU00833,L1,Médecine,10.11,6.36,8.76,10.19,3.6,3.83,3,0.906,9.39
ETU00834,M1,Informatique,14.57,7.38,7.27,8.91,31.83,1.52,2,0.878,10.93
ETU00835,L3,Ingénierie,6.44,6.57,8.89,9.43,34.78,2.86,4,0.591,8.38
ETU00836,M2,Ingénierie,6.73,12.43,10.56,10.39,23.52,-2.04,1,0.943,7.93
ETU00837,L2,Médecine,15.91,10.56,8.15,8.74,15.05,-1.82,2,0.697,13.59
ETU00838,L2,Ingénierie,12.79,16.22,17.66,17.54,22.23,1.33,0,0.732,13.88
ETU00839,M2,Gestion,13.25,6.63,6.13,6.02,1.91,-0.61,4,0.766,12.32
ETU00840,L3,Ingénierie,9.24,11.03,10.84,14.08,26.36,3.04,0,0.896,9.09
ETU00841,M2,Informatique,12.91,11.0,9.68,9.26,2.45,-1.73,4,0.582,10.33
ETU00842,L3,Médecine,13.09,8.23,6.8,7.86,11.29,-0.37,2,0.633,9.98
ETU00843,L1,Droit,11.38,6.34,7.5,8.03,4.88,1.68,5,0.968,8.1
ETU00844,L1,Ingénierie,18.54,5.15,5.32,3.78,25.41,-1.37,0,0.969,12.26
ETU00845,L2,Droit,6.64,5.26,3.87,2.28,20.8,-2.98,3,0.904,5.59
ETU00846,L3,Médecine,11.39,10.58,11.97,12.14,24.47,1.56,1,0.584,9.37
ETU00847,M1,Gestion,17.15,5.76,7.72,5.09,2.26,-0.67,0,0.797,10.84
ETU00848,L1,Droit,8.68,10.52,10.56,13.61,12.96,3.08,5,0.723,8.76
ETU00849,L2,Gestion,18.15,11.12,12.83,12.59,14.22,1.46,5,0.54,14.98
ETU00850,M2,Ingénierie,11.53,11.24,9.93,9.57,21.08,-1.67,5,0.538,10.55
ETU00851,L2,Droit,8.04,7.68,8.75,10.88,3.58,3.2,1,0.928,9.02
ETU00852,M1,Gestion,7.21,11.98,12.42,12.51,22.65,0.53,4,0.545,8.63
ETU00853,L2,Informatique,10.25,10.49,9.51,10.78,13.81,0.29,2,0.636,9.7
ETU00854,L2,Ingénierie,17.96,18.85,20.0,20.0,31.71,1.15,1,0.575,18.3
ETU00855,M1,Médecine,18.21,5.64,6.18,6.55,15.74,0.92,2,0.788,11.53
ETU00856,L2,Droit,13.32,5.75,5.07,6.82,3.57,1.07,1,0.88,11.14
ETU00857,M1,Gestion,7.54,16.54,16.77,15.78,3.62,-0.76,3,0.633,10.83
ETU00858,L1,Gestion,11.94,8.72,7.62,8.71,8.9,-0.01,3,0.891,12.09
ETU00859,M1,Médecine,11.43,7.57,6.04,2.71,8.39,-4.86,1,0.587,7.19
ETU00860,M2,Droit,9.0,17.24,16.77,18.97,27.88,1.72,4,0.678,12.63
ETU00861,M2,Droit,6.99,12.46,12.09,11.55,25.28,-0.91,3,0.621,7.86
ETU00862,M2,Médecine,10.96,13.62,12.61,12.79,2.68,-0.83,3,0.727,14.13
ETU00863,L1,Ingénierie,10.83,5.11,7.19,7.34,29.8,2.23,0,0.991,9.48
ETU00864,M2,Informatique,15.15,8.65,7.7,6.54,3.36,-2.11,4,0.868,9.1
ETU00865,M1,Médecine,11.12,8.63,7.43,6.15,27.5,-2.48,2,0.603,7.63
ETU00866,L3,Médecine,6.17,15.65,14.07,15.16,3.91,-0.5,2,0.983,11.03
ETU00867,M2,Droit,6.26,10.4,8.67,9.83,13.17,-0.57,0,0.841,8.96
ETU00868,M2,Gestion,14.94,13.08,14.83,13.8,26.28,0.71,5,0.727,13.43
ETU00869,M2,Droit,14.59,18.05,18.63,19.75,8.88,1.7,3,0.958,15.24
ETU00870,L3,Médecine,8.08,18.79,20.0,20.0,3.97,1.21,4,0.881,12.28
ETU00871,M1,Gestion,17.26,6.78,8.51,8.24,27.55,1.46,3,0.865,12.96
ETU00872,L2,Informatique,14.61,12.78,12.48,10.84,24.18,-1.94,0,0.6,11.09
ETU00873,M1,Informatique,8.0,14.79,17.2,17.44,31.19,2.65,4,0.564,10.84
ETU00874,L3,Informatique,9.74,15.95,15.21,16.06,22.45,0.11,2,0.933,10.72
ETU00875,M1,Ingénierie,18.66,17.88,16.44,16.65,2.59,-1.23,3,0.84,15.28
ETU00876,L3,Informatique,11.3,15.2,15.96,15.37,22.35,0.17,3,0.909,11.44
ETU00877,L1,Médecine,9.08,14.66,15.08,16.08,28.79,1.42,4,0.883,9.91
ETU00878,L2,Informatique,12.81,5.76,6.17,8.37,2.93,2.61,1,0.952,10.99
ETU00879,L2,Droit,8.67,12.63,14.35,13.5,4.75,0.87,5,0.688,8.84
ETU00880,L2,Médecine,16.29,13.38,13.74,13.6,23.71,0.21,2,0.675,13.93
ETU00881,L1,Informatique,16.33,14.75,15.42,19.84,27.7,5.08,4,0.618,13.83
ETU00882,L2,Droit,16.41,13.17,15.41,16.14,12.36,2.98,3,0.553,14.42
ETU00883,L3,Droit,14.02,10.73,11.33,9.73,25.73,-1.0,3,0.741,10.99
ETU00884,L3,Médecine,15.02,11.82,12.77,12.35,5.86,0.53,3,0.749,12.32
ETU00885,M1,Droit,10.18,18.54,16.62,15.78,15.54,-2.76,3,0.557,13.53
ETU00886,L1,Médecine,17.43,9.61,15.39,16.26,26.18,6.65,5,0.802,13.64
ETU00887,L1,Droit,7.87,15.98,13.8,14.56,6.96,-1.42,1,0.682,11.62
ETU00888,L1,Gestion,9.31,13.5,12.9,12.24,12.21,-1.26,1,0.728,11.4
ETU00889,M1,Droit,18.9,11.21,10.56,13.64,22.02,2.43,5,0.755,13.55
ETU00890,M1,Ingénierie,18.49,10.8,14.16,14.59,12.11,3.79,5,0.655,13.06
ETU00891,L3,Droit,12.6,12.52,11.82,11.44,30.6,-1.08,2,0.843,9.92
ETU00892,L3,Médecine,12.49,16.2,17.06,15.53,33.49,-0.67,1,0.755,14.03
ETU00893,M1,Médecine,7.52,6.71,6.07,5.02,22.48,-1.69,4,0.721,7.37
ETU00894,L2,Informatique,14.58,17.75,16.39,14.82,27.38,-2.93,5,0.705,13.37
ETU00895,M1,Informatique,6.4,15.84,16.89,16.91,31.73,1.07,5,0.512,9.28
ETU00896,M2,Droit,10.09,9.89,9.01,7.98,24.57,-1.91,1,0.886,11.13
ETU00897,L2,Informatique,11.44,5.14,5.65,7.13,27.07,1.99,1,0.983,7.66
ETU00898,L3,Droit,17.62,6.47,7.61,7.04,2.81,0.56,3,0.565,12.37
ETU00899,L2,Droit,18.59,7.02,10.08,11.64,28.83,4.62,1,0.645,13.71
ETU00900,L2,Droit,18.66,6.45,4.76,5.79,9.61,-0.66,5,0.923,10.18
ETU00901,L2,Médecine,16.38,6.44,6.41,7.68,2.48,1.24,2,0.854,10.81
ETU00902,L2,Gestion,9.77,18.44,18.47,20.0,20.63,1.56,1,0.656,12.3
ETU00903,L2,Informatique,6.59,14.22,14.42,17.71,7.94,3.49,5,0.825,11.54
ETU00904,L2,Droit,11.53,16.49,20.0,19.57,2.79,3.08,5,0.959,13.35
ETU00905,M2,Ingénierie,9.87,12.88,12.82,14.39,21.33,1.51,5,0.61,8.88
ETU00906,L2,Gestion,14.52,13.67,10.09,10.99,3.45,-2.68,3,0.84,10.48
ETU00907,L1,Médecine,10.82,17.33,17.24,19.13,31.05,1.8,4,0.906,11.51
ETU00908,M2,Droit,17.58,8.67,8.69,9.16,33.92,0.49,2,0.548,10.17
ETU00909,M2,Informatique,10.86,14.72,14.56,16.63,25.84,1.9,0,0.967,12.83
ETU00910,M2,Droit,10.91,17.59,16.71,15.07,10.07,-2.52,3,0.98,13.35
ETU00911,L1,Droit,15.87,18.11,16.33,15.12,19.69,-2.99,0,0.867,14.35
ETU00912,L3,Médecine,13.67,11.22,14.66,14.1,1.1,2.89,1,0.758,12.8
ETU00913,L2,Médecine,9.32,16.99,17.67,17.86,21.75,0.87,1,0.802,12.95
ETU00914,L2,Informatique,14.8,12.05,11.97,12.34,9.23,0.28,3,0.824,13.48
ETU00915,M2,Informatique,13.32,8.61,12.0,11.19,15.93,2.58,4,0.577,10.16
ETU00916,L1,Informatique,7.35,8.51,7.41,6.22,6.26,-2.29,1,0.647,6.84
ETU00917,M1,Médecine,12.07,11.32,12.43,11.75,34.53,0.42,4,0.55,11.43
ETU00918,M1,Droit,17.94,8.61,6.94,4.67,7.26,-3.94,4,0.685,12.09
ETU00919,L1,Gestion,8.75,5.42,6.75,6.61,14.59,1.19,3,0.873,8.61
ETU00920,M2,Droit,11.39,6.48,4.98,5.19,8.91,-1.29,3,0.943,7.68
ETU00921,L2,Informatique,9.59,16.89,17.79,18.76,18.96,1.87,2,0.686,11.46
ETU00922,L3,Droit,12.98,17.36,20.0,20.0,31.69,2.64,0,0.808,14.6
ETU00923,L3,Informatique,18.68,17.22,17.56,20.0,5.72,2.78,0,0.797,16.1
ETU00924,M2,Médecine,10.03,12.75,9.66,11.18,4.93,-1.57,0,0.736,8.68
ETU00925,M2,Informatique,16.83,18.09,18.35,19.75,2.59,1.66,2,0.847,15.41
ETU00926,L2,Gestion,16.9,11.99,12.91,13.76,20.63,1.77,3,0.575,13.3
ETU00927,L3,Ingénierie,9.37,11.48,13.03,14.13,21.07,2.66,0,0.537,12.64
ETU00928,M1,Médecine,16.04,11.64,14.05,14.02,28.75,2.38,0,0.674,12.28
ETU00929,L3,Ingénierie,18.85,8.56,11.04,11.49,29.26,2.94,4,0.985,13.13
ETU00930,L1,Droit,18.4,13.59,13.59,16.77,3.57,3.19,3,0.977,17.86
ETU00931,M1,Médecine,13.87,11.29,10.5,10.69,31.87,-0.59,5,0.817,9.62
ETU00932,L3,Droit,7.97,18.65,17.17,15.47,29.03,-3.18,5,0.789,11.43
ETU00933,L1,Médecine,7.55,7.41,6.8,8.14,22.65,0.74,5,0.817,6.56
ETU00934,M1,Droit,9.47,6.07,6.99,8.6,12.15,2.53,0,0.715,9.35
ETU00935,M2,Informatique,13.82,9.92,8.09,8.62,26.1,-1.29,2,0.644,13.32
ETU00936,M1,Médecine,11.02,8.02,6.83,4.31,21.72,-3.71,2,0.503,9.38
ETU00937,L3,Informatique,15.09,18.89,19.93,20.0,12.36,1.11,4,0.51,15.53
ETU00938,M1,Médecine,16.24,12.82,12.05,12.7,0.46,-0.12,5,0.986,12.37
ETU00939,L2,Informatique,8.35,10.04,10.79,10.63,20.74,0.59,4,0.872,8.74
ETU00940,L1,Ingénierie,17.77,14.0,12.98,15.06,20.18,1.06,5,0.845,13.49
ETU00941,L3,Droit,6.79,11.34,11.98,9.24,5.41,-2.11,0,0.922,7.23
ETU00942,L2,Droit,9.44,7.92,6.97,7.43,31.72,-0.49,0,0.803,5.61
ETU00943,L3,Ingénierie,16.59,10.52,7.87,7.36,5.57,-3.16,2,0.834,11.09
ETU00944,M1,Ingénierie,8.39,9.01,10.64,13.18,10.05,4.17,4,0.895,9.63
ETU00945,M2,Gestion,8.86,13.93,13.08,13.75,13.02,-0.18,1,0.563,11.99
ETU00946,L3,Ingénierie,18.68,16.43,16.26,15.26,23.9,-1.17,1,0.594,14.37
ETU00947,M1,Droit,17.86,8.68,7.84,9.85,2.86,1.17,1,0.778,13.32
ETU00948,M2,Gestion,16.57,13.7,14.72,11.33,24.58,-2.37,4,0.548,11.07
ETU00949,M2,Ingénierie,8.26,14.92,15.62,16.68,14.51,1.76,4,0.83,10.11
ETU00950,M1,Ingénierie,9.32,10.18,11.19,9.6,6.4,-0.58,2,0.916,6.85
ETU00951,M2,Ingénierie,9.06,11.83,11.2,10.81,3.92,-1.02,0,0.919,12.87
ETU00952,L3,Droit,8.46,10.02,10.15,10.09,14.43,0.06,1,0.662,9.43
ETU00953,M1,Droit,18.62,10.22,11.05,12.71,15.61,2.49,1,0.601,14.22
ETU00954,L3,Ingénierie,8.16,11.25,13.76,17.37,4.81,6.12,2,0.979,11.76
ETU00955,M1,Informatique,15.71,9.14,9.8,7.43,16.89,-1.71,2,0.956,14.57
ETU00956,M1,Ingénierie,6.66,11.84,10.53,11.5,17.59,-0.34,1,0.657,8.23
ETU00957,L1,Ingénierie,13.07,15.53,16.13,19.74,34.34,4.21,5,0.947,11.9
ETU00958,L1,Droit,6.92,10.52,10.47,9.91,24.97,-0.61,2,0.941,10.61
ETU00959,M2,Informatique,6.8,18.24,15.44,14.79,0.43,-3.45,1,0.669,9.42
ETU00960,L2,Gestion,8.99,8.05,5.48,6.14,16.69,-1.91,2,0.682,9.46
ETU00961,L1,Informatique,18.03,11.29,11.39,12.94,0.76,1.64,4,0.966,14.1
ETU00962,L1,Médecine,14.3,13.42,13.65,14.94,17.89,1.51,5,0.871,13.32
ETU00963,L1,Gestion,14.47,12.61,12.36,12.13,11.83,-0.48,2,0.809,10.8
ETU00964,L2,Gestion,9.87,18.26,19.78,18.88,31.62,0.62,3,0.976,15.5
ETU00965,M1,Droit,15.41,9.54,8.34,10.61,17.27,1.07,1,0.932,11.42
ETU00966,M2,Médecine,14.86,10.29,8.41,7.55,29.75,-2.74,4,0.537,9.75
ETU00967,L1,Informatique,12.0,13.34,12.3,9.73,20.44,-3.61,4,0.749,11.37
ETU00968,L3,Droit,14.87,13.35,12.63,10.75,13.88,-2.59,1,0.948,11.75
ETU00969,M1,Informatique,17.27,16.02,16.14,15.57,8.04,-0.45,3,0.556,15.54
ETU00970,M2,Droit,18.48,16.12,15.13,17.67,6.41,1.54,5,0.536,14.22
ETU00971,M2,Gestion,18.96,5.15,2.14,0.66,27.81,-4.5,1,0.93,10.43
ETU00972,M2,Gestion,12.35,15.7,12.04,14.63,30.9,-1.07,2,0.889,10.94
ETU00973,M1,Informatique,6.43,15.05,15.43,17.7,11.34,2.64,4,0.584,9.62
ETU00974,M2,Médecine,8.98,13.2,11.71,12.35,17.31,-0.86,0,0.591,9.04
ETU00975,M1,Gestion,8.56,9.44,6.63,3.11,10.06,-6.33,3,0.916,8.6
ETU00976,M1,Médecine,9.91,17.7,18.84,17.36,15.94,-0.34,3,0.605,12.03
ETU00977,M2,Médecine,10.69,15.34,17.85,17.2,30.43,1.87,3,0.572,11.83
ETU00978,L1,Médecine,14.69,8.6,8.66,11.56,4.83,2.95,1,0.954,12.61
ETU00979,L1,Informatique,12.83,9.27,9.88,9.32,10.2,0.05,4,0.903,12.13
ETU00980,L2,Ingénierie,14.45,14.95,15.56,14.7,24.33,-0.24,1,0.702,12.08
ETU00981,M2,Médecine,18.63,17.85,14.58,15.16,10.87,-2.69,3,0.813,15.63
ETU00982,M1,Médecine,6.64,11.87,13.4,11.59,2.84,-0.28,1,0.715,8.46
ETU00983,L3,Médecine,6.19,17.31,19.37,19.63,13.1,2.32,5,0.637,11.05
ETU00984,L2,Droit,14.65,10.35,13.3,12.41,23.67,2.06,2,0.993,13.55
ETU00985,L1,Médecine,13.1,10.53,10.08,14.41,34.44,3.88,2,0.773,8.47
ETU00986,L2,Gestion,12.28,14.6,13.1,12.02,31.23,-2.58,1,0.819,10.16
ETU00987,M2,Gestion,17.09,5.71,7.95,11.14,19.67,5.43,3,0.704,11.93
ETU00988,M2,Gestion,8.07,6.94,7.89,6.48,27.21,-0.46,4,0.75,7.82
ETU00989,M2,Gestion,13.46,15.2,16.71,17.4,20.0,2.21,3,0.644,14.89
ETU00990,M1,Droit,18.12,8.39,7.62,8.67,17.29,0.28,1,0.715,10.47
ETU00991,L3,Médecine,11.8,7.45,8.06,8.57,5.97,1.12,0,0.814,11.93
ETU00992,L1,Gestion,13.54,6.25,4.87,5.29,10.23,-0.96,0,0.906,10.42
ETU00993,L3,Gestion,6.91,8.15,8.34,9.93,15.82,1.78,5,0.901,7.62
ETU00994,M1,Médecine,10.54,8.51,8.18,9.11,34.5,0.6,0,0.506,7.26
ETU00995,L3,Médecine,6.54,9.78,13.49,13.53,21.3,3.76,1,0.767,8.5
ETU00996,M1,Gestion,13.44,18.14,19.16,18.45,33.07,0.31,2,0.687,14.97
ETU00997,L3,Informatique,13.68,14.02,11.0,11.05,9.05,-2.98,1,0.804,12.09
ETU00998,M2,Gestion,18.36,14.71,14.9,14.94,2.41,0.23,0,0.941,15.28
ETU00999,L1,Informatique,14.3,6.86,7.61,7.61,34.24,0.76,1,0.888,8.95
ETU01000,M1,Médecine,6.04,7.7,7.19,7.6,11.54,-0.1,0,0.665,8.26
ETU01001,L2,Médecine,16.83,17.58,16.13,14.31,18.74,-3.27,3,0.87,14.21
ETU01002,L1,Médecine,10.29,13.88,15.07,13.83,2.49,-0.05,1,0.551,11.53
ETU01003,L2,Gestion,15.29,16.34,15.09,16.64,30.11,0.31,1,0.564,13.63
ETU01004,M1,Gestion,9.43,10.0,11.07,7.99,0.02,-2.01,5,0.613,8.75
ETU01005,L1,Droit,15.88,13.08,11.71,13.81,31.71,0.73,5,0.7,11.62
ETU01006,M1,Médecine,18.06,12.03,11.43,10.89,5.79,-1.14,0,0.755,12.14
ETU01007,L2,Ingénierie,7.03,7.88,9.51,12.31,6.42,4.44,5,0.699,8.05
ETU01008,L3,Ingénierie,13.08,16.55,17.48,19.62,28.9,3.07,0,0.814,11.59
ETU01009,L1,Gestion,13.03,9.67,9.92,9.73,13.52,0.06,3,0.562,11.49
ETU01010,M1,Informatique,9.72,11.54,11.69,11.66,8.96,0.12,3,0.761,9.53
ETU01011,M2,Informatique,10.44,6.86,7.2,9.89,20.88,3.03,3,0.636,8.66
ETU01012,L3,Ingénierie,14.79,13.94,12.95,15.16,8.9,1.22,2,0.682,13.4
ETU01013,L2,Ingénierie,9.8,16.08,14.0,15.76,10.03,-0.32,4,0.754,10.6
ETU01014,M2,Droit,6.4,10.75,11.8,13.82,1.59,3.07,0,0.566,8.28
ETU01015,M2,Informatique,16.0,18.69,20.0,19.86,18.88,1.16,2,0.694,15.9
ETU01016,M2,Droit,14.13,8.61,9.71,10.32,4.53,1.71,5,0.88,13.8
ETU01017,M1,Médecine,9.26,17.22,17.8,16.95,29.3,-0.27,3,0.639,12.64
ETU01018,L2,Médecine,18.5,15.1,13.48,12.11,26.29,-2.98,4,0.882,15.48
ETU01019,L1,Médecine,17.68,17.98,19.5,20.0,9.99,2.02,0,0.615,15.09
ETU01020,L3,Médecine,18.54,15.37,16.29,15.97,18.68,0.6,2,0.877,15.13
ETU01021,L3,Informatique,12.66,11.93,13.27,13.32,20.21,1.39,0,0.597,11.68
ETU01022,L1,Médecine,9.06,10.79,12.54,12.09,23.33,1.3,3,0.976,11.47
ETU01023,L1,Ingénierie,8.26,16.61,19.19,17.61,14.66,1.0,2,0.577,12.98
ETU01024,L2,Droit,18.33,16.77,15.29,18.14,22.84,1.37,4,1.0,15.18
ETU01025,L2,Droit,17.58,13.24,11.51,12.04,5.93,-1.2,4,0.614,11.06
ETU01026,L2,Gestion,15.63,14.83,15.25,13.39,16.49,-1.44,0,0.855,12.31
ETU01027,L3,Ingénierie,12.64,11.48,10.3,10.87,3.29,-0.61,2,0.653,12.23
ETU01028,L3,Gestion,11.0,8.06,6.61,9.2,32.94,1.14,5,0.541,8.38
ETU01029,L1,Ingénierie,15.14,5.7,7.73,9.47,14.05,3.77,0,0.512,11.28
ETU01030,L1,Droit,6.12,14.15,12.84,12.36,21.61,-1.79,0,0.574,9.77
ETU01031,L1,Gestion,12.82,14.37,14.55,14.11,17.14,-0.26,5,0.704,13.57
ETU01032,M1,Droit,14.82,14.31,12.07,10.93,0.94,-3.38,2,0.79,11.92
ETU01033,M2,Informatique,15.8,12.87,13.17,12.35,2.19,-0.52,3,0.739,14.18
ETU01034,L1,Ingénierie,11.86,9.79,11.77,11.08,9.26,1.28,1,0.815,13.07
ETU01035,M2,Droit,15.69,8.39,10.41,8.51,23.62,0.12,2,0.548,13.26
ETU01036,L2,Droit,7.25,5.92,7.69,7.32,22.45,1.4,3,0.838,6.65
ETU01037,M2,Droit,9.03,7.07,7.15,7.97,6.58,0.9,1,0.893,9.11
ETU01038,L1,Médecine,7.88,13.8,15.66,15.34,17.1,1.55,5,0.615,11.37
ETU01039,M2,Médecine,10.42,15.75,16.6,17.22,12.85,1.47,5,0.896,12.25
ETU01040,L2,Médecine,10.47,17.71,17.25,19.98,19.9,2.27,3,0.625,12.55
ETU01041,M1,Informatique,10.86,6.17,6.95,10.0,11.71,3.83,1,0.722,7.58
ETU01042,L1,Médecine,12.06,16.4,17.92,18.12,31.37,1.73,1,0.903,11.92
ETU01043,L3,Médecine,11.67,13.36,11.57,13.19,16.53,-0.17,0,0.844,10.64
ETU01044,M2,Ingénierie,12.38,9.22,7.83,7.88,14.93,-1.34,4,0.752,8.41
ETU01045,L1,Gestion,15.78,15.16,15.15,14.71,24.62,-0.45,5,0.685,13.6
ETU01046,L3,Ingénierie,7.85,18.85,17.22,15.84,27.32,-3.01,5,0.782,11.76
ETU01047,M2,Ingénierie,10.56,10.31,8.66,9.09,15.31,-1.22,5,0.76,8.97
ETU01048,M2,Informatique,6.0,13.78,13.35,15.28,3.81,1.5,0,0.986,7.44
ETU01049,L3,Ingénierie,6.37,8.65,10.34,8.73,2.98,0.08,4,0.913,8.03
ETU01050,L1,Ingénierie,13.88,7.87,9.53,9.4,11.44,1.53,1,0.558,11.56
ETU01051,M2,Ingénierie,17.39,7.09,7.77,7.57,25.64,0.48,1,0.706,11.94
ETU01052,L1,Ingénierie,9.98,5.45,5.92,6.59,22.88,1.14,3,0.794,7.18
ETU01053,L3,Gestion,11.22,15.13,18.46,19.16,10.07,4.03,4,0.853,11.8
ETU01054,M2,Informatique,8.73,7.04,6.43,7.54,0.15,0.5,4,0.589,9.54
ETU01055,L1,Médecine,7.86,14.47,15.03,18.17,22.49,3.71,2,0.915,11.37
ETU01056,L3,Droit,17.49,17.17,16.49,15.49,19.75,-1.69,0,0.815,14.23
ETU01057,M1,Ingénierie,13.44,16.85,15.12,14.03,27.04,-2.82,0,0.534,10.88
ETU01058,L1,Droit,15.16,9.19,11.16,11.83,24.02,2.65,0,0.53,12.44
ETU01059,L3,Informatique,17.46,6.74,6.48,8.96,8.64,2.22,4,0.843,11.05
ETU01060,L1,Droit,13.65,11.2,12.45,10.55,25.65,-0.65,3,0.878,11.81
ETU01061,M1,Gestion,8.34,7.54,7.37,8.17,17.02,0.63,2,0.655,8.37
ETU01062,M2,Ingénierie,15.27,10.23,12.3,12.3,20.12,2.07,4,0.581,14.87
ETU01063,L2,Médecine,15.72,12.96,11.67,13.25,12.49,0.29,2,0.61,13.08
ETU01064,L2,Ingénierie,11.38,14.02,15.97,17.21,27.67,3.19,1,0.696,14.65
ETU01065,L1,Médecine,14.02,8.06,9.6,9.97,6.86,1.91,4,0.816,11.47
ETU01066,L3,Informatique,12.3,8.18,5.69,6.72,7.16,-1.46,3,0.594,8.85
ETU01067,L1,Ingénierie,10.33,17.12,16.55,15.86,8.31,-1.26,4,0.896,10.95
ETU01068,M2,Informatique,14.74,18.23,19.96,20.0,27.63,1.77,4,0.624,13.66
ETU01069,L1,Gestion,9.22,13.99,16.65,19.03,25.48,5.04,1,0.905,12.32
ETU01070,M1,Informatique,10.26,12.8,14.07,14.52,9.44,1.72,0,0.962,11.75
ETU01071,L2,Informatique,11.27,14.21,13.82,13.51,5.04,-0.71,3,0.582,9.64
ETU01072,M1,Ingénierie,13.99,6.8,5.55,5.63,0.99,-1.17,2,0.959,11.54
ETU01073,L1,Informatique,17.08,17.56,18.61,20.0,23.93,2.44,5,0.853,17.31
ETU01074,L3,Informatique,13.99,7.92,7.48,7.72,18.86,-0.2,1,0.944,8.3
ETU01075,L1,Informatique,15.44,14.38,14.0,12.5,24.58,-1.87,4,0.673,14.01
ETU01076,M1,Médecine,9.8,8.11,7.97,9.7,24.79,1.59,4,0.932,10.84
ETU01077,L1,Gestion,13.64,14.88,16.4,15.23,29.57,0.35,4,0.738,10.55
ETU01078,L3,Médecine,7.35,15.55,18.46,19.39,14.56,3.85,3,0.595,11.05
ETU01079,L3,Gestion,12.02,15.37,17.11,14.62,28.95,-0.76,0,0.998,11.27
ETU01080,L1,Gestion,14.97,11.0,11.22,11.68,15.25,0.68,4,0.974,13.37
ETU01081,L1,Informatique,8.34,13.5,12.35,12.55,24.77,-0.95,1,0.562,9.25
ETU01082,L3,Gestion,17.73,13.37,14.57,11.92,19.29,-1.45,3,0.728,13.34
ETU01083,L2,Gestion,11.42,15.08,17.78,18.58,32.25,3.5,1,0.993,13.16
ETU01084,M2,Ingénierie,14.72,11.99,13.69,12.34,12.95,0.35,1,0.774,14.69
ETU01085,M1,Droit,12.11,12.1,12.61,13.04,24.14,0.94,2,0.749,11.25
ETU01086,L2,Droit,15.52,14.58,14.05,13.73,20.93,-0.85,2,0.598,12.74
ETU01087,L2,Ingénierie,13.6,7.38,8.1,6.18,34.95,-1.2,5,0.71,9.05
ETU01088,L3,Droit,7.59,14.13,16.07,14.8,2.7,0.66,2,0.749,11.72
ETU01089,M2,Ingénierie,18.02,7.08,7.62,6.48,20.93,-0.6,5,0.857,10.05
ETU01090,L3,Gestion,14.58,15.15,15.19,16.97,8.14,1.82,4,0.725,13.91
ETU01091,L3,Ingénierie,12.14,10.44,9.61,11.17,30.95,0.72,3,0.817,9.15
ETU01092,M1,Informatique,14.8,16.75,20.0,20.0,27.81,3.25,5,0.551,13.14
ETU01093,L2,Droit,9.39,6.24,5.1,4.63,23.16,-1.6,5,0.882,4.94
ETU01094,M1,Droit,16.0,11.45,10.17,9.66,16.81,-1.79,2,0.502,11.62
ETU01095,L2,Ingénierie,11.35,7.34,7.79,8.29,23.85,0.95,2,0.821,10.59
ETU01096,L3,Gestion,16.47,17.16,17.06,16.83,19.4,-0.34,3,0.913,12.38
ETU01097,M1,Gestion,9.56,6.75,8.49,7.91,10.06,1.16,1,0.883,9.65
ETU01098,L1,Gestion,16.27,11.79,13.58,13.96,28.68,2.17,1,0.574,12.49
ETU01099,M1,Médecine,17.79,6.47,4.85,6.21,17.94,-0.27,1,0.922,10.18
ETU01100,L2,Gestion,18.75,16.17,15.23,12.37,9.0,-3.8,3,0.54,15.36
ETU01101,L1,Droit,16.1,8.95,7.84,7.28,23.25,-1.67,5,0.533,12.62
ETU01102,L2,Médecine,15.15,13.32,14.69,12.89,0.65,-0.43,4,0.911,15.28
ETU01103,M1,Gestion,12.76,7.38,8.22,8.29,25.2,0.91,1,0.591,10.31
ETU01104,M1,Gestion,7.37,9.92,9.57,10.51,16.46,0.59,4,0.724,8.41
ETU01105,L2,Informatique,13.28,6.59,7.12,9.09,22.2,2.5,3,0.968,10.59
ETU01106,L2,Informatique,13.32,12.71,11.22,10.87,5.5,-1.84,5,0.604,14.67
ETU01107,M2,Ingénierie,6.84,5.05,4.13,4.59,25.14,-0.45,3,0.89,5.71
ETU01108,L2,Ingénierie,14.98,18.9,17.15,14.93,25.31,-3.97,5,0.792,14.97
ETU01109,L2,Informatique,7.94,10.83,11.25,10.26,25.96,-0.57,4,0.703,7.95
ETU01110,L3,Droit,13.76,13.81,14.22,14.84,16.35,1.02,3,0.73,11.82
ETU01111,M1,Informatique,12.14,9.01,7.74,6.0,22.42,-3.02,4,0.705,11.36
ETU01112,L3,Ingénierie,17.38,8.55,9.38,11.53,19.22,2.99,5,0.914,12.64
ETU01113,L3,Médecine,9.02,16.85,18.63,19.72,8.16,2.87,1,0.907,13.05
ETU01114,M1,Médecine,8.23,15.61,14.27,13.21,0.81,-2.4,4,0.687,11.37
ETU01115,M2,Gestion,13.17,14.01,13.72,11.79,14.48,-2.21,5,0.849,10.83
ETU01116,M1,Gestion,11.98,15.53,16.5,15.72,28.52,0.19,3,0.766,11.71
ETU01117,L3,Ingénierie,8.1,7.45,7.64,6.6,11.28,-0.86,2,0.874,7.22
ETU01118,M1,Droit,13.98,18.08,16.22,14.69,26.22,-3.38,0,0.525,13.66
ETU01119,M1,Droit,17.78,11.37,10.91,9.1,22.39,-2.27,4,0.668,13.12
ETU01120,L2,Ingénierie,15.62,17.16,16.65,16.61,12.36,-0.56,5,0.668,13.69
ETU01121,M1,Ingénierie,8.72,15.3,15.25,16.65,0.02,1.34,3,0.798,14.16
ETU01122,M1,Gestion,9.1,9.0,9.01,8.24,15.09,-0.76,5,0.604,8.64
ETU01123,L2,Informatique,13.25,12.97,15.52,16.49,13.75,3.52,0,0.766,13.38
ETU01124,L2,Gestion,14.81,18.53,18.42,18.23,4.86,-0.3,3,0.99,16.61
ETU01125,M1,Médecine,18.73,5.52,3.14,4.36,28.66,-1.16,4,0.522,9.71
ETU01126,L1,Informatique,7.36,10.97,11.31,10.43,33.44,-0.54,2,0.752,7.74
ETU01127,L2,Gestion,13.1,13.69,16.51,17.23,4.24,3.54,5,0.569,13.82
ETU01128,M1,Ingénierie,18.84,9.76,9.71,10.19,8.08,0.43,0,0.791,11.98
ETU01129,L3,Droit,7.44,9.45,8.99,11.34,22.14,1.89,5,0.62,8.06
ETU01130,L1,Gestion,18.64,15.48,15.22,16.36,33.28,0.88,0,0.951,17.49
ETU01131,L1,Droit,12.01,17.83,18.9,19.59,32.69,1.76,0,0.659,15.62
ETU01132,L1,Ingénierie,15.33,12.53,12.26,10.36,32.6,-2.17,4,0.979,12.88
ETU01133,L3,Gestion,11.53,18.27,16.2,15.71,15.41,-2.56,5,0.502,13.87
ETU01134,L1,Droit,16.93,6.42,5.61,4.71,34.51,-1.71,2,0.916,10.95
ETU01135,M1,Médecine,17.81,8.18,8.29,7.35,12.76,-0.83,1,0.631,11.83
ETU01136,M1,Droit,8.17,6.23,7.23,7.55,3.03,1.33,3,0.601,10.23
ETU01137,L3,Ingénierie,15.71,11.1,10.42,11.08,24.66,-0.01,1,0.942,11.07
ETU01138,L2,Droit,6.27,13.77,13.53,14.25,19.47,0.48,1,0.652,10.67
ETU01139,L1,Médecine,9.6,7.81,8.07,10.27,27.98,2.46,0,0.792,8.37
ETU01140,M2,Gestion,13.18,11.28,10.31,11.34,21.74,0.06,3,0.868,10.62
ETU01141,M1,Informatique,13.84,14.58,14.64,13.1,28.72,-1.48,0,0.71,13.09
ETU01142,L2,Gestion,10.75,13.95,14.85,15.46,12.04,1.5,4,0.551,14.26
ETU01143,L2,Informatique,9.52,13.81,12.23,13.41,10.08,-0.4,1,0.961,12.56
ETU01144,L2,Médecine,8.23,13.48,14.14,16.34,26.5,2.85,5,0.824,10.72
ETU01145,L2,Droit,9.12,18.81,17.38,17.45,17.42,-1.37,4,0.946,12.0
ETU01146,L3,Médecine,7.69,14.99,13.59,13.67,6.28,-1.32,2,0.884,11.35
ETU01147,L2,Médecine,9.4,17.71,16.91,18.83,13.13,1.12,2,0.887,14.05
ETU01148,M1,Droit,16.68,18.32,20.0,20.0,28.02,1.68,1,0.795,13.59
ETU01149,L1,Ingénierie,9.74,17.04,14.66,12.57,32.34,-4.47,0,0.503,10.51
ETU01150,M1,Droit,17.8,6.33,5.84,3.42,26.61,-2.92,0,0.941,9.61
ETU01151,L1,Médecine,9.19,12.41,12.57,15.63,25.13,3.22,3,0.915,10.23
ETU01152,L2,Médecine,12.4,10.34,12.29,10.02,28.41,-0.32,5,0.864,8.94
ETU01153,M2,Médecine,8.18,6.36,9.48,9.53,7.02,3.17,4,0.939,6.55
ETU01154,M1,Droit,6.22,12.9,12.47,14.09,20.29,1.19,5,0.592,7.43
ETU01155,M2,Droit,14.13,7.98,8.99,6.64,20.8,-1.34,4,0.641,9.66
ETU01156,L3,Ingénierie,10.39,13.14,13.2,11.88,33.11,-1.26,2,0.579,10.97
ETU01157,L1,Ingénierie,10.49,16.44,16.49,14.92,0.54,-1.52,5,0.823,11.26
ETU01158,M2,Informatique,11.3,10.51,11.12,14.13,33.97,3.61,1,0.719,9.64
ETU01159,M1,Ingénierie,16.11,18.3,16.12,19.45,25.41,1.15,1,0.551,15.45
ETU01160,L3,Ingénierie,11.2,15.73,15.86,15.06,0.79,-0.67,4,0.788,12.84
ETU01161,M1,Droit,7.12,16.26,17.14,18.31,18.16,2.05,0,0.669,13.32
ETU01162,L2,Droit,9.62,6.57,5.48,6.24,2.44,-0.33,4,0.745,9.53
ETU01163,M1,Droit,13.49,18.19,19.07,18.95,21.12,0.76,1,0.631,13.03
ETU01164,M1,Droit,18.92,5.48,3.09,0.95,15.81,-4.53,4,0.581,9.8
ETU01165,L1,Informatique,7.86,16.81,17.15,20.0,27.03,3.19,4,0.725,12.31
ETU01166,L1,Gestion,10.2,5.42,7.63,5.2,20.28,-0.21,0,0.613,7.29
ETU01167,M2,Ingénierie,12.31,7.27,7.15,7.76,27.52,0.49,1,0.703,9.09
ETU01168,M1,Droit,18.28,9.41,8.15,7.48,12.91,-1.94,5,0.691,10.33
ETU01169,L2,Gestion,7.41,15.33,13.39,15.2,29.99,-0.13,5,0.97,8.11
ETU01170,L3,Gestion,16.32,17.59,18.38,19.95,30.32,2.35,3,0.593,16.63
ETU01171,L1,Médecine,15.4,14.33,15.92,14.75,22.94,0.42,2,0.643,13.79
ETU01172,L1,Droit,9.98,15.19,15.3,14.42,9.23,-0.77,3,0.896,10.82
ETU01173,L1,Droit,16.06,9.06,8.56,6.54,34.7,-2.52,4,0.648,10.12
ETU01174,L1,Gestion,13.47,18.66,15.96,16.55,28.62,-2.1,0,0.74,15.37
ETU01175,L1,Informatique,8.23,10.71,11.09,12.46,29.81,1.75,1,0.881,8.43
ETU01176,L1,Gestion,9.71,17.78,16.95,16.58,0.4,-1.2,0,0.502,13.22
ETU01177,M2,Droit,10.27,15.91,15.16,15.09,28.92,-0.81,3,0.978,12.3
ETU01178,L1,Gestion,10.2,10.14,12.77,15.93,7.62,5.79,0,0.731,13.3
ETU01179,L1,Droit,15.7,9.8,7.3,9.01,17.79,-0.8,5,0.88,10.33
ETU01180,L3,Ingénierie,14.58,14.51,12.21,14.53,24.65,0.02,2,0.96,11.04
ETU01181,M1,Informatique,16.66,18.17,18.71,15.65,14.36,-2.52,5,0.938,13.59
ETU01182,M1,Ingénierie,12.64,14.41,14.03,15.16,8.53,0.74,5,0.61,13.41
ETU01183,L1,Informatique,10.56,17.0,16.43,17.1,17.51,0.1,1,0.778,14.81
ETU01184,L1,Droit,6.88,18.53,19.14,17.56,10.49,-0.97,4,0.705,12.32
ETU01185,L1,Médecine,16.33,9.62,10.2,8.94,21.54,-0.68,0,0.766,11.33
ETU01186,L1,Gestion,6.97,12.54,11.28,11.25,3.84,-1.29,5,0.89,10.57
ETU01187,L1,Gestion,9.92,13.53,12.84,11.13,14.29,-2.4,4,0.677,9.79
ETU01188,M2,Droit,14.7,8.04,8.31,7.42,20.71,-0.62,4,0.739,9.63
ETU01189,L3,Informatique,15.93,16.17,16.62,16.22,34.67,0.06,3,0.804,13.46
ETU01190,L2,Ingénierie,6.89,8.66,9.59,10.75,17.34,2.09,0,0.635,7.78
ETU01191,L1,Gestion,13.9,14.9,14.22,13.46,14.91,-1.43,1,0.803,12.01
ETU01192,M2,Médecine,7.78,12.33,13.05,12.68,34.62,0.35,4,0.574,10.55
ETU01193,M1,Gestion,15.84,16.71,18.34,20.0,32.39,3.29,1,0.811,14.31
ETU01194,L1,Ingénierie,15.49,12.16,12.43,10.09,23.55,-2.08,3,0.572,10.25
ETU01195,L3,Informatique,15.72,13.21,13.26,13.9,19.07,0.69,4,0.888,13.88
ETU01196,M2,Médecine,6.83,7.54,7.38,8.27,9.48,0.73,5,0.597,6.46
ETU01197,L2,Médecine,13.27,16.31,15.59,16.51,21.83,0.2,0,0.823,12.13
ETU01198,M1,Médecine,9.13,10.63,9.42,8.97,29.19,-1.66,3,0.791,9.5
ETU01199,L2,Informatique,12.45,13.12,12.87,11.57,34.36,-1.54,0,0.713,10.24
ETU01200,L1,Informatique,18.86,16.84,17.72,20.0,5.98,3.16,1,0.823,16.38
ETU01201,L2,Ingénierie,7.18,11.71,10.58,9.59,9.59,-2.12,5,0.923,8.68
ETU01202,L2,Gestion,13.72,8.84,8.93,7.55,30.95,-1.29,4,0.56,9.71
ETU01203,L1,Ingénierie,8.14,8.72,8.63,8.96,30.13,0.24,4,0.838,7.43
ETU01204,L2,Ingénierie,12.63,12.93,15.8,14.99,25.08,2.06,4,0.705,9.37
ETU01205,M2,Médecine,12.77,9.08,10.36,12.24,3.63,3.16,0,0.837,11.54
ETU01206,L1,Informatique,11.93,9.74,11.0,10.9,24.72,1.16,3,0.938,12.39
ETU01207,L1,Gestion,14.32,8.29,9.87,11.94,16.42,3.65,1,0.826,12.55
ETU01208,L2,Informatique,18.66,11.25,10.63,11.6,12.99,0.35,0,0.58,13.54
ETU01209,M2,Informatique,16.47,11.53,13.79,13.51,8.77,1.98,5,0.708,14.2
ETU01210,M1,Ingénierie,18.46,12.36,12.8,14.77,11.13,2.41,2,0.775,15.49
ETU01211,L3,Droit,8.46,13.3,13.43,12.76,18.75,-0.54,1,0.563,9.13
ETU01212,M1,Médecine,18.91,13.23,11.61,11.43,5.67,-1.8,5,0.822,15.73
ETU01213,L1,Informatique,9.97,10.14,9.74,10.83,17.83,0.69,4,0.857,9.83
ETU01214,L2,Informatique,6.44,17.61,15.16,15.8,1.69,-1.81,1,0.881,10.44
ETU01215,M2,Droit,11.67,12.16,11.99,11.28,14.37,-0.88,4,0.56,12.84
ETU01216,M1,Droit,9.2,16.65,15.99,13.98,33.6,-2.67,4,0.853,8.07
ETU01217,L3,Droit,15.91,12.8,12.41,12.68,25.86,-0.13,1,0.683,11.47
ETU01218,L2,Informatique,7.13,10.19,8.31,7.52,2.4,-2.67,1,0.606,9.09
ETU01219,L2,Gestion,13.12,15.34,16.6,16.94,24.07,1.6,1,0.762,14.0
ETU01220,L1,Informatique,9.76,7.48,8.57,8.23,6.86,0.76,1,0.786,11.27
ETU01221,M2,Informatique,8.69,18.58,20.0,20.0,16.6,1.42,1,0.728,10.0
ETU01222,L1,Gestion,17.38,13.01,15.7,15.6,10.3,2.59,2,0.92,15.88
ETU01223,M2,Médecine,12.7,6.46,6.89,7.08,32.7,0.62,1,0.578,7.79
ETU01224,L2,Médecine,10.23,10.9,12.63,13.98,1.91,3.08,0,0.704,11.93
ETU01225,M2,Ingénierie,15.7,14.98,15.57,16.5,30.83,1.53,4,0.634,13.59
ETU01226,L1,Gestion,17.09,5.95,5.51,8.95,24.55,3.0,2,0.524,12.47
ETU01227,L3,Droit,11.75,8.66,8.44,8.95,12.7,0.29,0,0.67,9.91
ETU01228,L1,Ingénierie,8.37,17.94,19.1,18.39,30.79,0.45,4,0.859,12.74
ETU01229,L1,Droit,18.93,9.99,16.32,16.37,14.22,6.38,1,0.762,14.47
ETU01230,L2,Informatique,10.67,7.23,9.18,10.33,24.44,3.1,2,0.709,9.42
ETU01231,M1,Droit,8.67,6.38,6.95,8.75,27.58,2.37,5,0.737,8.04
ETU01232,M2,Informatique,7.34,13.67,14.59,16.9,10.02,3.24,1,0.656,12.85
ETU01233,L1,Gestion,7.61,12.81,13.73,12.5,2.53,-0.31,1,0.561,11.23
ETU01234,M1,Gestion,18.26,14.07,14.13,16.35,30.38,2.29,4,0.795,14.75
ETU01235,M2,Ingénierie,18.31,18.41,19.75,19.98,8.1,1.57,0,0.908,17.78
ETU01236,M2,Médecine,12.6,5.84,5.81,4.72,32.61,-1.12,3,0.895,9.84
ETU01237,L2,Médecine,15.0,7.77,6.45,6.44,11.03,-1.32,4,0.617,11.08
ETU01238,L1,Ingénierie,16.82,8.27,9.2,11.31,14.52,3.04,2,0.717,11.42
ETU01239,M2,Ingénierie,13.25,10.98,12.1,13.09,15.06,2.11,0,0.776,12.83
ETU01240,M2,Gestion,14.67,6.69,6.68,5.16,16.38,-1.54,4,0.901,10.03
ETU01241,L2,Droit,18.57,10.74,11.4,9.9,33.7,-0.84,4,0.598,12.42
ETU01242,L1,Droit,8.24,16.43,18.07,16.52,8.58,0.09,2,0.566,10.77
ETU01243,L3,Informatique,7.8,7.29,7.41,6.62,21.29,-0.68,0,0.966,8.35
ETU01244,L2,Informatique,15.79,17.83,17.36,17.78,10.29,-0.05,3,0.573,15.61
ETU01245,L3,Gestion,15.14,17.76,16.89,15.5,4.58,-2.25,4,0.995,13.22
ETU01246,L1,Informatique,8.42,12.18,12.0,11.66,10.11,-0.52,0,0.799,8.67
ETU01247,M2,Médecine,9.93,17.04,19.54,20.0,19.33,2.96,2,0.749,15.21
ETU01248,L3,Informatique,14.91,14.96,14.86,17.59,21.24,2.63,2,0.594,14.88
ETU01249,L1,Gestion,12.43,9.99,10.73,13.36,9.23,3.36,2,0.93,11.72
ETU01250,L2,Informatique,17.62,12.86,12.58,10.19,34.56,-2.68,1,0.586,13.64
ETU01251,M1,Droit,16.88,6.63,6.22,9.03,12.7,2.4,3,0.701,11.24
ETU01252,M1,Ingénierie,12.33,11.94,10.82,11.26,29.12,-0.68,5,0.524,10.34
ETU01253,L1,Informatique,14.67,16.62,16.97,17.39,1.23,0.77,0,0.511,14.81
ETU01254,M1,Médecine,14.36,13.19,12.62,14.46,24.33,1.27,0,0.865,13.87
ETU01255,M2,Droit,7.2,10.35,12.46,13.81,10.62,3.47,2,0.604,7.99
ETU01256,L2,Ingénierie,11.53,14.29,14.33,11.83,18.79,-2.46,4,0.8,10.02
ETU01257,M1,Droit,11.72,18.68,18.81,18.19,29.28,-0.49,0,0.862,11.73
ETU01258,M1,Ingénierie,17.67,5.94,5.87,5.63,25.37,-0.32,4,0.746,12.02
ETU01259,M2,Médecine,17.51,9.63,10.38,8.69,12.59,-0.94,4,0.828,12.5
ETU01260,L1,Médecine,6.75,7.18,9.62,11.42,25.64,4.23,1,0.621,7.05
ETU01261,M2,Droit,16.99,18.4,17.04,19.5,14.49,1.1,1,0.909,15.53
ETU01262,L1,Gestion,13.95,12.64,13.26,13.54,2.22,0.9,1,0.603,12.26
ETU01263,L3,Droit,6.21,6.82,4.66,5.41,23.3,-1.41,4,0.795,4.39
ETU01264,L1,Informatique,10.96,13.57,15.61,15.89,32.79,2.32,0,0.918,13.18
ETU01265,L1,Médecine,17.55,12.01,12.04,12.49,2.93,0.49,2,0.897,13.9
ETU01266,L2,Informatique,10.66,5.83,3.79,5.76,24.07,-0.07,1,0.526,9.58
ETU01267,L1,Ingénierie,14.79,17.1,15.39,13.04,29.39,-4.06,2,0.684,11.19
ETU01268,L1,Informatique,13.35,14.93,16.35,17.38,20.88,2.45,5,0.926,13.77
ETU01269,L2,Informatique,13.67,5.07,2.78,3.09,16.99,-1.98,0,0.925,7.19
ETU01270,L1,Informatique,12.25,18.44,19.05,18.28,8.3,-0.15,0,0.818,17.01
ETU01271,L2,Informatique,12.27,7.23,6.79,6.33,6.78,-0.9,2,0.554,7.64
ETU01272,L2,Informatique,17.73,5.0,4.91,7.96,13.87,2.96,2,0.702,13.89
ETU01273,L3,Ingénierie,11.38,10.98,10.17,8.48,22.45,-2.5,5,0.981,9.69
ETU01274,M2,Médecine,8.49,6.97,5.74,5.79,11.01,-1.18,1,0.553,7.6
ETU01275,L1,Gestion,11.46,12.98,12.45,15.2,17.09,2.21,3,0.901,12.33
ETU01276,M2,Gestion,15.53,9.36,10.42,8.81,21.0,-0.55,4,0.709,10.42
ETU01277,L3,Gestion,12.18,7.59,7.35,6.97,7.35,-0.62,4,0.872,10.69
ETU01278,M2,Droit,15.52,18.79,19.63,19.99,25.95,1.2,2,0.527,16.23
ETU01279,L3,Gestion,9.12,9.66,9.49,10.41,22.0,0.76,5,0.505,8.98
ETU01280,L1,Droit,13.58,10.81,11.92,12.1,20.71,1.3,2,0.65,12.02
ETU01281,L2,Gestion,17.24,9.12,9.94,8.9,16.73,-0.22,2,0.935,14.77
ETU01282,L1,Gestion,12.88,16.72,16.11,17.08,12.77,0.36,0,0.84,14.32
ETU01283,M2,Droit,14.28,7.75,6.52,6.67,19.21,-1.08,5,0.806,9.13
ETU01284,L3,Informatique,14.82,6.79,8.42,9.66,26.8,2.88,5,0.999,11.68
ETU01285,M2,Droit,15.62,17.34,16.32,18.01,24.71,0.67,1,0.674,13.85
ETU01286,M1,Droit,10.55,7.57,8.52,6.59,25.82,-0.98,3,0.925,7.76
ETU01287,M2,Informatique,14.15,17.01,17.26,19.11,7.33,2.1,5,0.555,15.07
ETU01288,L2,Ingénierie,11.41,13.09,12.6,12.52,27.29,-0.58,0,0.585,9.81
ETU01289,L2,Ingénierie,11.08,16.53,17.37,18.91,11.74,2.38,4,0.739,13.1
ETU01290,M1,Médecine,12.18,5.98,8.23,9.27,8.16,3.29,4,0.98,10.95
ETU01291,M2,Ingénierie,11.3,18.49,19.63,20.0,4.25,1.51,3,0.852,16.3
ETU01292,M2,Ingénierie,6.34,9.2,9.59,9.9,29.06,0.7,4,0.556,8.3
ETU01293,M2,Médecine,15.65,5.82,8.45,8.15,21.81,2.33,1,0.977,9.42
ETU01294,L2,Gestion,13.6,15.71,13.4,12.93,29.45,-2.78,2,0.883,10.51
ETU01295,M1,Gestion,7.79,7.5,6.03,4.77,19.65,-2.72,3,0.868,9.11
ETU01296,M2,Ingénierie,9.4,9.92,9.42,10.93,30.11,1.02,5,0.776,8.18
ETU01297,L2,Droit,13.94,13.33,15.65,14.3,19.48,0.98,0,0.697,11.2
ETU01298,L1,Médecine,12.73,5.96,7.57,9.07,22.6,3.11,1,0.555,8.8
ETU01299,L3,Ingénierie,15.4,7.83,5.45,5.42,1.97,-2.41,1,0.81,11.9
ETU01300,L3,Ingénierie,12.36,11.85,11.39,9.05,23.44,-2.8,5,0.564,10.53
ETU01301,M1,Médecine,16.98,10.91,9.12,11.65,20.92,0.75,4,0.795,13.39
ETU01302,L1,Gestion,7.01,12.81,12.95,8.18,8.47,-4.62,5,0.77,8.64
ETU01303,L3,Informatique,13.97,15.2,16.75,16.93,3.95,1.73,3,0.798,12.72
ETU01304,L3,Ingénierie,10.83,9.94,11.61,12.26,12.15,2.31,3,0.913,8.55
ETU01305,L3,Informatique,9.99,10.66,11.26,8.1,2.11,-2.56,2,0.706,8.96
ETU01306,L1,Droit,18.27,8.81,8.38,9.34,21.03,0.52,3,0.718,12.72
ETU01307,L1,Gestion,17.23,9.76,9.81,9.11,19.11,-0.65,0,0.53,11.15
ETU01308,L3,Droit,8.39,5.71,6.94,6.87,32.12,1.15,0,0.644,8.65
ETU01309,L2,Ingénierie,6.75,13.12,16.84,19.16,18.11,6.04,0,0.541,9.85
ETU01310,L1,Droit,17.27,7.42,5.84,6.36,25.54,-1.06,0,0.571,9.3
ETU01311,M2,Informatique,8.2,15.03,17.61,17.39,23.24,2.36,1,0.713,11.33
ETU01312,L3,Droit,18.07,5.59,6.16,6.2,24.49,0.61,2,0.704,12.34
ETU01313,L3,Informatique,9.61,5.84,7.27,10.23,10.98,4.39,5,0.968,10.76
ETU01314,M1,Ingénierie,11.35,8.99,9.46,10.37,14.54,1.38,5,0.56,8.14
ETU01315,M1,Informatique,6.58,11.14,13.44,12.42,4.19,1.28,4,0.575,11.13
ETU01316,L2,Ingénierie,12.99,14.71,15.41,14.97,22.77,0.26,1,0.875,12.86
ETU01317,L1,Gestion,8.45,14.69,13.92,12.43,10.59,-2.26,3,0.511,9.6
ETU01318,L3,Médecine,11.6,18.63,19.5,19.12,19.21,0.5,2,0.825,14.39
ETU01319,L2,Ingénierie,17.95,9.92,11.81,14.53,32.25,4.6,3,0.874,15.15
ETU01320,M2,Informatique,9.28,5.83,6.03,6.08,23.9,0.25,0,0.814,5.84
ETU01321,M2,Ingénierie,14.25,17.06,14.15,12.44,9.37,-4.62,0,0.644,12.65
ETU01322,M2,Droit,8.63,15.23,15.26,16.2,18.01,0.97,1,0.552,10.53
ETU01323,M1,Droit,13.93,5.95,6.3,6.01,21.08,0.06,0,0.997,10.66
ETU01324,M2,Gestion,9.76,6.17,6.3,7.44,29.76,1.27,2,0.93,9.8
ETU01325,M2,Ingénierie,14.86,11.67,11.13,11.07,27.78,-0.61,2,0.865,11.9
ETU01326,L1,Médecine,16.02,9.78,11.97,14.44,11.03,4.65,5,0.594,12.87
ETU01327,M1,Gestion,17.45,13.35,9.99,8.92,32.19,-4.43,4,0.715,12.76
ETU01328,L3,Informatique,17.94,8.07,8.41,6.96,5.16,-1.11,1,0.855,12.29
ETU01329,L1,Ingénierie,9.14,18.43,18.79,20.0,9.66,1.57,3,0.551,10.23
ETU01330,M1,Médecine,7.68,12.17,15.51,12.81,1.19,0.64,0,0.979,11.21
ETU01331,L1,Informatique,6.63,15.51,15.69,15.73,10.89,0.22,5,0.978,11.49
ETU01332,M2,Droit,15.36,6.76,7.63,9.13,14.49,2.37,0,0.575,12.77
ETU01333,M1,Gestion,8.43,13.64,14.02,11.03,8.45,-2.6,1,0.599,8.83
ETU01334,L2,Gestion,16.4,17.11,17.45,17.85,0.44,0.74,3,0.682,16.26
ETU01335,L1,Droit,18.54,5.32,8.17,6.22,0.37,0.9,4,0.725,14.3
ETU01336,M2,Informatique,7.92,12.56,11.09,8.63,32.34,-3.93,3,0.72,11.35
ETU01337,M2,Gestion,9.68,8.45,7.65,6.35,25.72,-2.1,5,0.844,8.64
ETU01338,L3,Informatique,12.81,11.7,13.03,13.05,24.44,1.36,1,0.735,12.88
ETU01339,M2,Ingénierie,11.6,16.42,17.01,16.25,27.5,-0.17,5,0.592,11.01
ETU01340,M1,Ingénierie,11.54,14.66,14.44,16.4,24.3,1.74,1,0.631,10.77
ETU01341,M1,Informatique,8.82,15.56,15.66,16.08,2.15,0.52,4,0.706,12.79
ETU01342,L3,Droit,17.56,7.96,9.53,9.1,32.4,1.14,1,0.76,9.66
ETU01343,L1,Gestion,14.86,16.66,17.58,15.92,15.01,-0.74,4,0.962,14.21
ETU01344,L2,Droit,8.0,13.6,12.73,13.36,15.87,-0.23,0,0.548,11.85
ETU01345,L2,Droit,6.06,5.97,6.53,9.92,31.03,3.95,4,0.902,7.65
ETU01346,L1,Informatique,15.91,17.08,17.2,16.45,7.16,-0.63,4,0.655,15.63
ETU01347,M1,Médecine,6.21,5.78,6.69,6.11,10.95,0.33,2,0.864,6.85
ETU01348,L1,Médecine,17.45,5.4,5.12,3.83,29.93,-1.57,4,0.629,9.83
ETU01349,L2,Informatique,12.88,16.67,15.06,17.14,18.19,0.46,3,0.693,15.66
ETU01350,M1,Gestion,18.09,5.18,6.39,8.08,14.71,2.9,1,0.722,13.61
ETU01351,L3,Informatique,16.03,6.24,7.26,6.89,33.41,0.65,3,0.875,11.55
ETU01352,L3,Gestion,17.63,5.24,7.56,6.96,31.11,1.72,3,0.583,11.3
ETU01353,M2,Droit,15.67,17.32,15.55,14.43,31.06,-2.89,2,0.673,12.83
ETU01354,L3,Médecine,13.5,5.63,5.72,5.59,7.43,-0.04,1,0.764,11.21
ETU01355,M1,Médecine,8.25,10.22,10.07,11.9,29.54,1.68,2,0.829,8.55
ETU01356,M1,Informatique,15.46,8.04,7.64,8.01,22.98,-0.03,0,0.538,11.24
ETU01357,L1,Droit,13.7,9.78,7.67,9.9,24.2,0.12,3,0.547,11.38
ETU01358,L3,Médecine,11.91,9.07,7.67,6.89,1.67,-2.18,3,0.859,10.23
ETU01359,L3,Ingénierie,13.26,17.43,18.04,14.87,19.45,-2.56,3,0.683,15.05
ETU01360,L1,Ingénierie,9.02,15.76,15.21,19.42,7.65,3.66,4,0.583,10.5
ETU01361,L1,Gestion,11.26,17.39,16.35,16.97,32.45,-0.42,2,0.632,12.28
ETU01362,L2,Droit,7.61,15.08,17.43,18.89,19.66,3.81,2,0.799,13.95
ETU01363,L3,Informatique,11.33,9.62,13.39,12.5,21.61,2.88,4,0.977,11.88
ETU01364,L3,Gestion,12.07,7.6,7.72,5.97,8.51,-1.63,1,0.866,9.47
ETU01365,L2,Gestion,17.15,12.42,10.36,10.9,14.75,-1.52,0,0.899,14.17
ETU01366,L2,Gestion,12.85,9.99,10.79,8.1,18.53,-1.89,1,0.804,10.58
ETU01367,L2,Ingénierie,17.82,14.01,11.08,10.98,28.42,-3.03,4,0.686,14.8
ETU01368,M2,Médecine,18.58,5.55,3.72,5.55,21.41,0.01,2,0.981,12.31
ETU01369,M1,Ingénierie,6.64,14.98,15.8,16.77,3.96,1.79,1,0.541,9.88
ETU01370,M2,Gestion,13.76,9.19,7.32,8.0,15.78,-1.19,2,0.904,10.84
ETU01371,M1,Gestion,9.89,11.47,11.23,14.14,10.34,2.67,1,0.629,11.37
ETU01372,L3,Ingénierie,17.07,18.7,16.68,17.54,18.86,-1.16,4,0.804,15.7
ETU01373,L3,Informatique,12.42,8.02,8.3,5.75,16.44,-2.27,0,0.991,10.12
ETU01374,L2,Médecine,7.02,6.65,8.53,8.61,0.78,1.96,1,0.921,9.01
ETU01375,L1,Médecine,8.8,7.94,7.22,10.41,7.26,2.47,4,0.925,9.45
ETU01376,M1,Gestion,14.76,9.92,10.09,9.93,23.1,0.01,4,0.912,10.49
ETU01377,L2,Ingénierie,7.03,12.51,11.48,14.58,19.05,2.07,1,0.727,9.03
ETU01378,L1,Gestion,10.93,18.72,17.8,19.64,1.86,0.92,5,0.697,13.22
ETU01379,L3,Gestion,17.33,17.18,16.13,15.82,20.92,-1.36,0,0.759,15.08
ETU01380,L3,Gestion,6.38,15.01,16.39,15.07,17.61,0.06,1,0.643,9.87
ETU01381,M1,Gestion,15.05,15.09,13.17,13.98,5.26,-1.11,1,0.739,14.93
ETU01382,M2,Gestion,14.78,8.97,8.68,10.88,0.07,1.91,3,0.563,10.91
ETU01383,M2,Droit,10.17,17.99,18.81,16.74,11.74,-1.25,3,0.946,10.51
ETU01384,M2,Ingénierie,7.47,12.55,14.12,14.6,27.29,2.05,2,0.868,12.13
ETU01385,M2,Droit,7.33,7.28,8.14,5.37,4.66,-1.9,1,0.531,6.78
ETU01386,M2,Médecine,18.6,18.3,18.4,18.19,33.06,-0.12,3,0.83,17.04
ETU01387,M1,Médecine,14.8,12.09,11.44,9.26,18.99,-2.84,2,0.879,12.52
ETU01388,L1,Médecine,10.89,7.18,8.77,9.91,26.54,2.73,5,0.931,8.3
ETU01389,L2,Gestion,16.84,15.29,14.19,13.46,34.19,-1.83,0,0.665,13.43
ETU01390,L3,Gestion,7.34,8.27,7.19,9.23,9.19,0.96,5,0.815,7.69
ETU01391,M1,Gestion,7.65,7.63,9.86,9.35,20.4,1.72,4,0.638,8.61
ETU01392,M1,Gestion,8.57,8.75,9.49,8.84,11.92,0.09,2,0.924,7.95
ETU01393,M2,Ingénierie,15.93,13.1,13.89,11.77,2.96,-1.33,4,0.938,13.22
ETU01394,L1,Droit,11.32,9.1,10.19,11.08,27.77,1.98,4,0.538,9.9
ETU01395,L3,Ingénierie,14.35,5.57,5.63,6.67,0.42,1.1,5,0.643,11.75
ETU01396,M1,Ingénierie,9.02,10.42,8.47,10.18,30.41,-0.25,3,0.551,8.18
ETU01397,L2,Médecine,16.1,8.28,8.86,10.14,27.81,1.86,0,0.699,10.64
ETU01398,L2,Médecine,16.42,12.16,12.33,13.23,22.34,1.07,4,0.503,12.42
ETU01399,M1,Informatique,11.37,11.43,10.35,11.54,20.69,0.11,0,0.891,11.1
ETU01400,M2,Informatique,8.72,6.09,4.66,6.0,29.6,-0.09,5,0.716,4.85
ETU01401,L3,Médecine,14.19,8.43,8.56,10.23,1.95,1.79,4,0.767,12.97
ETU01402,L3,Ingénierie,9.33,8.94,7.1,5.11,25.77,-3.83,4,0.871,7.74
ETU01403,L1,Ingénierie,7.93,11.79,11.77,11.38,6.31,-0.41,2,0.856,10.21
ETU01404,L2,Gestion,14.01,16.51,16.32,14.18,0.71,-2.33,0,0.657,14.12
ETU01405,L1,Médecine,12.67,8.06,8.08,8.88,10.93,0.82,2,0.891,9.62
ETU01406,M2,Médecine,16.18,7.21,8.02,10.76,11.45,3.55,1,0.82,10.93
ETU01407,M2,Informatique,9.8,5.01,6.15,7.79,6.74,2.78,5,0.609,7.71
ETU01408,M1,Ingénierie,8.93,13.49,12.62,12.01,24.88,-1.48,4,0.515,7.94
ETU01409,L2,Gestion,14.33,9.56,11.06,12.12,19.56,2.56,1,0.878,12.37
ETU01410,L3,Médecine,15.11,14.38,14.25,15.08,32.2,0.69,0,0.583,12.97
ETU01411,L1,Gestion,11.37,14.66,17.49,18.14,26.66,3.48,5,0.556,10.58
ETU01412,M2,Ingénierie,11.75,5.63,4.95,3.29,28.91,-2.33,3,0.71,7.17
ETU01413,L1,Droit,7.61,10.86,8.64,10.91,31.59,0.06,4,0.961,8.94
ETU01414,M1,Ingénierie,12.1,18.55,20.0,18.54,28.22,-0.02,3,0.859,14.96
ETU01415,L3,Ingénierie,18.5,8.85,9.69,9.44,4.13,0.59,1,0.899,11.94
ETU01416,L3,Informatique,7.48,12.41,14.42,16.15,6.49,3.74,4,0.635,13.18
ETU01417,L1,Droit,13.38,12.53,13.19,12.93,14.06,0.4,1,0.918,11.15
ETU01418,L2,Médecine,6.24,8.65,12.36,12.78,11.62,4.13,4,0.708,6.79
ETU01419,M2,Ingénierie,10.23,15.91,15.83,16.31,30.99,0.4,5,0.99,13.46
ETU01420,M2,Médecine,15.89,5.05,6.82,7.22,18.35,2.17,0,0.785,9.8
ETU01421,L3,Médecine,13.37,8.18,7.59,8.06,30.66,-0.12,4,0.803,11.64
ETU01422,L3,Gestion,7.05,13.3,14.23,14.85,13.55,1.56,4,0.958,9.2
ETU01423,M2,Informatique,11.87,17.84,19.06,19.47,31.73,1.63,4,0.974,12.81
ETU01424,M1,Ingénierie,7.03,5.13,6.58,5.54,2.51,0.41,4,0.509,5.67
ETU01425,L3,Informatique,10.86,13.41,14.78,12.75,15.59,-0.66,5,0.616,12.7
ETU01426,M2,Ingénierie,16.0,5.05,0.39,2.19,31.54,-2.86,0,0.807,10.38
ETU01427,M2,Informatique,9.36,13.72,13.82,15.68,15.74,1.96,1,0.502,10.41
ETU01428,L2,Gestion,11.89,10.76,10.1,10.91,25.64,0.14,2,0.659,10.34
ETU01429,L1,Ingénierie,12.5,11.08,10.72,11.51,12.63,0.43,5,0.598,11.89
ETU01430,M1,Gestion,17.09,18.55,18.32,17.25,29.02,-1.3,3,0.762,14.48
ETU01431,L1,Gestion,7.58,14.55,16.22,12.86,22.1,-1.69,3,0.799,11.61
ETU01432,M2,Gestion,13.16,7.75,8.25,8.18,28.42,0.43,2,0.595,9.85
ETU01433,M1,Médecine,6.4,18.96,18.4,15.86,18.78,-3.11,0,0.768,10.2
ETU01434,L1,Gestion,7.21,8.59,6.59,7.17,22.32,-1.43,2,0.698,5.44
ETU01435,L3,Médecine,8.87,14.6,17.1,19.36,18.5,4.76,2,0.995,10.41
ETU01436,M1,Droit,15.36,14.52,13.75,13.13,19.86,-1.4,0,0.533,13.95
ETU01437,L1,Ingénierie,6.53,16.9,16.9,16.36,24.12,-0.53,0,0.92,10.79
ETU01438,M2,Médecine,18.29,10.58,13.99,12.78,4.23,2.2,4,1.0,15.41
ETU01439,L1,Droit,11.56,14.74,14.01,14.38,26.9,-0.36,1,0.771,10.97
ETU01440,L3,Informatique,16.9,13.76,13.55,13.8,12.43,0.04,1,0.84,12.13
ETU01441,L1,Droit,8.88,11.11,11.66,10.43,0.44,-0.68,0,0.564,9.57
ETU01442,L1,Droit,10.39,17.82,15.61,17.28,22.53,-0.54,2,0.675,14.57
ETU01443,M1,Ingénierie,15.45,8.53,6.14,10.5,21.48,1.97,0,0.591,10.33
ETU01444,L1,Gestion,10.93,8.14,7.62,9.7,25.4,1.56,3,0.792,9.25
ETU01445,M2,Gestion,12.6,13.83,13.35,13.49,34.94,-0.34,0,0.971,8.71
ETU01446,L1,Ingénierie,16.52,7.66,8.07,8.18,16.15,0.52,0,0.515,11.23
ETU01447,M1,Ingénierie,14.46,16.62,15.35,14.88,34.07,-1.74,5,0.747,12.27
ETU01448,L2,Ingénierie,16.87,9.76,10.61,10.11,20.22,0.35,2,0.862,12.93
ETU01449,M1,Informatique,7.12,10.9,7.86,9.6,12.53,-1.3,1,0.715,8.0
ETU01450,M1,Informatique,13.9,14.55,14.65,16.45,23.72,1.9,0,0.769,11.4
ETU01451,M1,Gestion,13.82,17.39,18.13,16.68,6.88,-0.71,2,0.726,13.4
ETU01452,L3,Gestion,13.89,14.66,15.35,16.2,33.82,1.54,1,0.799,12.65
ETU01453,M2,Gestion,13.65,6.32,6.27,8.24,15.44,1.92,1,0.534,9.13
ETU01454,L3,Ingénierie,15.41,9.73,8.94,8.72,0.37,-1.02,2,0.773,11.05
ETU01455,M2,Droit,16.97,15.5,15.41,15.4,22.94,-0.11,0,0.756,15.7
ETU01456,L3,Gestion,8.98,17.71,19.76,20.0,4.21,2.29,2,0.591,12.31
ETU01457,M1,Médecine,7.36,13.87,13.17,14.56,3.11,0.69,2,0.767,10.94
ETU01458,M1,Ingénierie,6.96,13.35,15.01,15.96,0.82,2.61,2,0.732,10.54
ETU01459,L2,Droit,8.06,10.31,12.21,12.9,30.9,2.59,4,0.797,7.65
ETU01460,M2,Informatique,14.53,11.69,9.29,10.17,1.18,-1.52,0,0.782,11.81
ETU01461,L2,Droit,11.41,11.05,11.06,10.94,18.8,-0.11,1,0.702,10.98
ETU01462,M2,Gestion,10.54,5.77,4.51,3.13,17.13,-2.64,2,0.891,9.83
ETU01463,L1,Informatique,17.83,5.31,3.25,1.22,31.89,-4.09,2,0.679,8.91
ETU01464,M1,Médecine,17.7,13.64,15.03,16.23,31.89,2.58,0,0.737,14.42
ETU01465,M2,Médecine,13.01,12.14,13.05,13.51,32.23,1.37,1,0.713,12.75
ETU01466,L2,Gestion,11.96,8.43,9.02,10.01,14.0,1.58,1,0.743,11.95
ETU01467,L2,Gestion,9.52,17.5,16.07,15.13,16.57,-2.37,5,0.9,10.62
ETU01468,M2,Médecine,11.98,7.89,8.41,8.86,28.9,0.97,0,0.855,9.55
ETU01469,M1,Informatique,11.34,14.81,13.04,13.46,4.21,-1.35,2,0.521,13.23
ETU01470,M2,Ingénierie,6.09,16.04,16.35,18.57,4.0,2.53,1,0.747,11.76
ETU01471,M2,Droit,15.86,16.76,15.97,17.55,32.26,0.79,5,0.562,15.22
ETU01472,M2,Droit,11.7,16.75,18.53,17.72,1.03,0.97,3,0.865,15.03
ETU01473,M2,Droit,8.9,16.12,15.77,16.83,13.4,0.71,1,0.993,12.33
ETU01474,M1,Droit,14.66,11.41,11.96,11.14,6.82,-0.27,5,0.809,12.45
ETU01475,M2,Informatique,11.82,13.73,14.28,10.67,2.94,-3.07,3,0.69,10.85
ETU01476,L2,Médecine,10.08,17.01,17.09,19.98,34.09,2.98,1,0.536,12.03
ETU01477,L3,Ingénierie,9.0,10.88,11.24,10.98,5.81,0.1,4,0.666,9.63
ETU01478,L3,Médecine,6.77,14.39,15.05,16.91,15.12,2.51,4,0.763,11.8
ETU01479,L2,Médecine,12.54,7.23,6.09,5.4,8.97,-1.84,3,0.94,9.67
ETU01480,L2,Informatique,10.88,12.91,13.71,12.8,17.19,-0.11,0,0.756,11.5
ETU01481,M2,Médecine,6.52,6.97,8.47,7.95,26.84,0.98,4,0.992,5.87
ETU01482,L2,Droit,16.56,14.24,15.04,15.72,23.09,1.47,2,0.685,15.58
ETU01483,L1,Gestion,16.51,10.28,9.94,10.51,20.01,0.23,0,0.5,11.61
ETU01484,L3,Droit,12.37,8.19,8.65,9.7,17.87,1.51,2,0.814,9.97
ETU01485,L2,Gestion,16.91,10.05,9.7,9.26,4.61,-0.79,2,0.61,14.35
ETU01486,M2,Gestion,12.25,14.82,14.84,15.2,14.09,0.38,0,0.622,13.69
ETU01487,M1,Ingénierie,8.2,17.71,16.13,15.17,31.68,-2.55,1,0.509,9.64
ETU01488,L3,Médecine,12.73,5.16,7.43,9.93,28.72,4.77,3,0.766,8.5
ETU01489,M2,Droit,10.06,7.35,10.45,8.78,2.27,1.43,4,0.624,9.45
ETU01490,L3,Ingénierie,11.88,14.88,14.02,13.09,29.42,-1.79,0,0.997,10.85
ETU01491,L2,Informatique,18.62,12.96,14.34,14.01,28.98,1.04,1,0.918,12.65
ETU01492,M1,Ingénierie,10.62,9.47,11.86,15.74,28.07,6.27,4,0.861,9.8
ETU01493,M1,Droit,8.81,14.12,12.89,14.34,28.52,0.21,0,0.677,7.02
ETU01494,L2,Médecine,7.67,17.14,14.1,13.12,34.41,-4.02,3,0.536,10.68
ETU01495,L1,Ingénierie,17.49,8.61,11.09,12.62,1.93,4.01,2,0.834,14.8
ETU01496,L1,Médecine,6.19,11.8,11.98,13.06,13.43,1.26,4,0.511,10.65
ETU01497,L2,Ingénierie,17.8,5.29,4.71,5.42,33.9,0.13,0,0.721,11.24
ETU01498,M1,Gestion,6.8,18.24,18.51,19.86,19.34,1.61,0,0.526,11.13
ETU01499,M2,Informatique,15.78,16.22,15.87,16.26,23.88,0.03,4,0.78,15.21
ETU01500,L2,Informatique,9.82,12.07,16.71,17.27,12.66,5.2,1,0.78,11.18
ETU01501,M1,Médecine,9.25,18.89,18.29,16.26,7.42,-2.63,2,0.765,10.71
ETU01502,L2,Droit,8.34,8.08,8.77,11.24,34.24,3.16,4,0.857,8.12
ETU01503,L1,Médecine,7.75,15.42,17.55,17.18,12.66,1.77,2,0.614,11.87
ETU01504,L3,Droit,6.86,15.77,17.9,16.35,19.63,0.58,2,0.621,9.74
ETU01505,L2,Gestion,8.02,16.63,18.48,18.02,8.53,1.39,0,0.708,10.81
ETU01506,L1,Ingénierie,13.65,14.59,14.15,13.76,33.84,-0.83,3,0.851,11.59
ETU01507,L2,Informatique,13.41,7.67,7.64,6.74,9.04,-0.93,0,0.558,10.94
ETU01508,L2,Médecine,9.65,6.28,3.22,4.68,31.99,-1.6,2,0.943,6.91
ETU01509,L2,Informatique,14.84,7.53,7.61,9.37,10.21,1.85,2,0.626,14.52
ETU01510,L3,Gestion,16.01,17.02,17.27,14.63,33.14,-2.39,4,0.564,13.55
ETU01511,M2,Informatique,18.74,10.63,11.94,11.47,12.86,0.84,4,0.799,14.78
ETU01512,M2,Informatique,11.72,12.65,15.54,15.17,30.52,2.53,3,0.638,9.94
ETU01513,L3,Informatique,10.87,5.36,6.62,6.66,20.99,1.31,3,0.704,9.28
ETU01514,L2,Gestion,18.65,11.88,13.69,16.55,3.98,4.67,1,0.531,14.93
ETU01515,L1,Ingénierie,18.25,10.73,10.9,9.98,10.35,-0.75,2,0.732,13.47
ETU01516,L3,Gestion,18.05,12.48,14.61,17.25,26.63,4.77,5,0.652,16.61
ETU01517,M1,Médecine,13.91,10.25,10.47,10.55,23.36,0.3,4,0.585,10.73
ETU01518,L3,Médecine,14.03,6.06,7.97,10.62,12.46,4.57,4,0.693,9.44
ETU01519,L1,Ingénierie,18.06,5.62,7.02,6.86,6.84,1.24,5,0.885,10.61
ETU01520,M1,Ingénierie,12.24,18.3,19.09,18.74,29.01,0.45,0,0.882,13.74
ETU01521,L2,Informatique,8.78,13.45,11.34,11.61,21.78,-1.85,0,0.68,9.93
ETU01522,L3,Gestion,18.81,14.01,15.85,18.09,23.87,4.08,0,0.987,15.77
ETU01523,M2,Médecine,16.95,17.82,18.58,19.12,16.77,1.3,2,0.563,14.19
ETU01524,M1,Médecine,6.73,12.71,13.97,14.58,12.26,1.87,4,0.927,12.21
ETU01525,L3,Ingénierie,7.46,13.62,14.29,15.54,13.38,1.93,5,0.989,12.02
ETU01526,M2,Médecine,17.47,12.32,13.25,12.23,1.09,-0.09,3,0.786,14.31
ETU01527,L2,Droit,9.91,7.46,9.61,10.42,33.03,2.96,4,0.53,7.08
ETU01528,L2,Gestion,15.05,9.36,8.85,8.21,12.83,-1.15,5,0.961,13.14
ETU01529,L2,Droit,7.53,17.38,18.28,20.0,16.9,2.62,1,0.718,13.3
ETU01530,M2,Informatique,8.22,11.21,10.25,11.18,12.5,-0.04,4,0.586,9.37
ETU01531,M2,Médecine,15.72,7.86,8.92,10.26,12.43,2.4,3,0.946,13.38
ETU01532,L2,Informatique,18.73,16.59,17.17,14.41,24.0,-2.18,1,0.713,14.64
ETU01533,L1,Médecine,12.53,6.22,5.48,6.84,23.46,0.61,2,0.75,8.05
ETU01534,M2,Médecine,6.56,13.95,14.29,14.33,28.36,0.37,0,0.786,9.72
ETU01535,L3,Ingénierie,9.05,14.8,14.15,12.29,2.51,-2.51,2,0.953,9.04
ETU01536,M1,Ingénierie,8.77,9.25,8.89,9.33,30.59,0.08,3,0.752,7.05
ETU01537,L1,Médecine,18.16,7.34,8.07,6.09,33.48,-1.25,2,0.944,12.16
ETU01538,L3,Médecine,11.45,11.28,11.88,13.1,34.62,1.82,2,0.585,10.9
ETU01539,M1,Gestion,18.32,15.57,12.89,15.34,4.51,-0.23,3,0.808,13.46
ETU01540,L3,Médecine,17.17,17.41,18.17,15.78,17.03,-1.63,5,0.763,14.48
ETU01541,M2,Droit,11.86,16.41,16.16,16.41,32.87,0.0,2,0.663,10.65
ETU01542,L3,Droit,6.32,6.53,6.11,6.16,26.56,-0.37,4,0.606,5.77
ETU01543,L3,Médecine,18.65,8.12,6.63,3.94,2.11,-4.18,2,0.535,11.42
ETU01544,L2,Gestion,6.13,13.64,13.77,15.44,30.46,1.81,5,0.631,10.3
ETU01545,M1,Gestion,17.13,14.94,14.35,15.59,29.35,0.65,3,0.84,13.87
ETU01546,L3,Informatique,11.37,5.12,7.23,10.57,27.31,5.45,4,0.639,9.0
ETU01547,M1,Gestion,9.92,7.0,4.57,5.62,14.41,-1.38,1,0.864,7.68
ETU01548,M1,Ingénierie,11.31,6.32,5.07,4.05,22.13,-2.26,3,0.938,6.06
ETU01549,L2,Informatique,10.64,9.78,8.43,9.5,25.06,-0.28,1,0.847,9.35
ETU01550,L2,Droit,14.96,14.53,15.12,17.35,13.88,2.82,3,0.903,14.57
ETU01551,L2,Ingénierie,13.45,18.2,20.0,19.77,27.44,1.56,1,0.787,14.59
ETU01552,L2,Ingénierie,9.34,6.25,7.21,8.79,9.57,2.53,3,0.973,9.61
ETU01553,M2,Ingénierie,12.86,12.09,10.64,7.41,6.43,-4.67,1,0.881,11.87
ETU01554,L2,Gestion,11.26,10.21,9.77,12.28,30.06,2.07,3,0.661,12.78
ETU01555,L1,Gestion,17.97,10.58,9.56,11.06,11.88,0.49,2,0.862,11.99
ETU01556,M2,Gestion,17.6,5.95,6.91,3.4,1.99,-2.55,5,0.836,11.61
ETU01557,L2,Droit,14.03,9.04,8.56,9.44,29.14,0.4,0,0.876,11.2
ETU01558,L2,Médecine,18.55,8.53,6.62,3.94,27.97,-4.6,1,0.66,11.02
ETU01559,L2,Médecine,10.88,15.06,16.13,15.52,28.08,0.46,4,0.755,10.86
ETU01560,L3,Médecine,7.14,13.99,16.08,17.4,11.93,3.41,5,0.94,11.34
ETU01561,L2,Droit,6.62,13.91,13.84,13.94,21.11,0.03,4,0.988,9.89
ETU01562,M2,Médecine,16.83,12.27,12.65,14.84,0.49,2.57,3,0.68,13.04
ETU01563,L3,Gestion,10.99,9.79,7.73,8.13,0.08,-1.66,1,0.743,7.87
ETU01564,L1,Informatique,17.18,8.41,5.52,5.77,9.07,-2.65,2,0.665,10.94
ETU01565,L3,Ingénierie,11.96,5.16,2.58,4.53,18.39,-0.63,5,0.859,7.3
ETU01566,L2,Informatique,6.15,7.07,7.2,7.0,21.01,-0.07,1,0.519,7.66
ETU01567,L2,Ingénierie,12.87,8.08,7.82,8.08,4.67,0.0,5,0.977,9.23
ETU01568,M2,Droit,13.73,18.66,19.68,20.0,30.37,1.34,1,0.775,14.16
ETU01569,L1,Ingénierie,11.87,18.59,18.49,18.69,33.58,0.1,2,0.635,11.01
ETU01570,M1,Droit,16.89,15.75,17.43,19.47,4.17,3.72,3,0.519,13.97
ETU01571,M1,Informatique,14.37,13.54,15.05,14.35,28.84,0.81,1,0.78,11.89
ETU01572,L2,Informatique,10.74,14.36,14.08,13.13,21.5,-1.23,0,0.793,10.98
ETU01573,L3,Informatique,15.35,13.41,12.1,10.81,17.58,-2.6,1,0.848,11.58
ETU01574,L1,Droit,10.15,14.06,11.38,8.47,17.12,-5.59,0,0.763,10.16
ETU01575,L3,Médecine,16.9,8.07,10.42,12.95,26.24,4.88,3,0.758,10.65
ETU01576,L3,Médecine,9.64,18.67,17.46,16.41,7.31,-2.26,1,0.652,12.18
ETU01577,L3,Ingénierie,14.67,15.59,13.55,13.49,21.31,-2.1,2,0.597,12.65
ETU01578,M1,Droit,11.4,8.28,8.67,11.31,9.15,3.03,1,0.626,8.79
ETU01579,M2,Informatique,7.32,12.19,10.16,10.25,2.98,-1.94,1,0.687,9.49
ETU01580,L3,Informatique,14.19,16.05,16.44,17.51,19.35,1.46,5,0.887,11.06
ETU01581,M2,Informatique,10.98,17.76,17.45,15.62,9.4,-2.14,2,0.559,11.86
ETU01582,M2,Ingénierie,14.25,10.37,11.96,14.36,25.99,3.98,3,0.822,13.11
ETU01583,L2,Ingénierie,13.02,11.77,13.23,13.34,22.76,1.57,2,0.519,9.19
ETU01584,L2,Informatique,6.54,9.34,11.19,9.97,7.85,0.63,2,0.522,9.39
ETU01585,L3,Gestion,8.66,10.27,10.78,9.55,30.15,-0.72,1,0.637,7.41
ETU01586,L3,Gestion,15.11,8.19,7.1,9.94,12.14,1.75,5,0.679,10.6
ETU01587,L2,Médecine,12.08,5.42,4.06,3.48,24.82,-1.93,3,0.595,9.78
ETU01588,L1,Informatique,12.06,10.83,10.23,9.04,9.36,-1.79,2,0.943,9.92
ETU01589,M1,Ingénierie,6.03,11.59,14.78,14.43,6.88,2.84,3,0.652,11.65
ETU01590,L3,Gestion,9.94,15.92,15.74,16.11,30.11,0.19,5,0.734,10.85
ETU01591,L1,Ingénierie,14.7,12.32,12.76,13.29,32.15,0.97,3,0.997,12.09
ETU01592,M2,Médecine,17.53,9.57,12.05,13.01,12.32,3.44,5,0.627,14.57
ETU01593,M2,Gestion,13.46,11.49,12.07,12.72,11.02,1.23,3,0.809,12.72
ETU01594,L1,Informatique,13.03,16.15,15.22,16.49,24.59,0.35,4,0.873,12.94
ETU01595,L3,Droit,12.11,11.73,13.03,12.92,7.96,1.19,2,0.636,11.27
ETU01596,M1,Informatique,14.82,12.77,12.33,15.74,30.25,2.97,3,0.529,10.85
ETU01597,L2,Médecine,16.38,7.42,8.06,7.62,0.3,0.2,3,0.896,10.17
ETU01598,L2,Gestion,8.87,5.11,6.08,8.4,4.97,3.3,4,0.645,9.96
ETU01599,L2,Ingénierie,15.28,18.02,17.47,16.88,4.22,-1.14,4,0.661,16.81
ETU01600,L2,Informatique,9.17,8.75,9.23,7.39,11.12,-1.36,1,0.707,9.08
ETU01601,M1,Gestion,6.41,9.87,12.47,10.27,30.31,0.4,2,0.52,5.97
ETU01602,L1,Gestion,6.97,6.61,5.87,6.62,22.4,0.02,2,0.926,6.0
ETU01603,M1,Médecine,6.61,12.18,14.36,16.4,3.76,4.22,5,0.932,9.28
ETU01604,L3,Gestion,9.64,15.32,14.63,13.21,2.76,-2.11,1,0.936,10.79
ETU01605,M1,Médecine,7.65,14.6,17.51,16.49,10.1,1.89,3,0.591,10.12
ETU01606,M2,Gestion,7.11,16.98,15.9,16.77,21.69,-0.2,1,0.988,11.34
ETU01607,L3,Informatique,7.92,9.01,8.62,8.92,20.78,-0.09,0,0.831,8.68
ETU01608,L1,Ingénierie,6.5,9.41,11.87,11.29,4.0,1.88,0,0.796,11.03
ETU01609,L3,Informatique,10.47,18.52,20.0,19.43,26.63,0.91,0,0.861,12.64
ETU01610,L2,Droit,16.7,11.39,12.82,13.58,22.13,2.19,5,0.878,13.46
ETU01611,L3,Médecine,13.2,16.68,15.26,16.54,34.41,-0.14,5,0.708,13.41
ETU01612,L2,Informatique,6.84,13.56,13.88,14.92,19.34,1.36,0,0.792,11.19
ETU01613,L1,Médecine,10.87,7.53,7.73,8.07,11.46,0.54,1,0.793,8.01
ETU01614,L3,Droit,11.59,18.4,17.32,16.04,4.18,-2.37,2,0.504,13.68
ETU01615,L2,Médecine,8.24,9.54,10.79,11.56,32.17,2.02,0,0.505,9.12
ETU01616,L1,Informatique,10.85,13.99,13.02,13.68,1.32,-0.31,2,0.735,12.12
ETU01617,L1,Ingénierie,10.38,8.56,6.83,5.16,12.21,-3.41,5,0.779,8.53
ETU01618,M2,Informatique,12.42,13.06,10.83,10.67,18.58,-2.38,2,0.854,13.1
ETU01619,M2,Ingénierie,15.06,12.58,15.34,16.19,19.94,3.62,3,0.876,12.49
ETU01620,M1,Gestion,12.22,8.65,8.09,8.27,20.38,-0.38,5,0.793,8.56
ETU01621,L2,Informatique,6.96,18.84,18.31,15.67,25.1,-3.18,0,0.642,9.83
ETU01622,M1,Gestion,6.72,6.97,5.62,4.96,4.49,-2.01,4,0.81,6.58
ETU01623,L3,Droit,17.54,11.2,13.45,12.69,25.18,1.49,2,0.63,13.92
ETU01624,L1,Informatique,15.03,5.44,3.57,4.71,31.13,-0.73,3,0.909,8.75
ETU01625,M2,Gestion,14.54,14.56,12.95,17.15,1.07,2.59,5,0.712,15.0
ETU01626,L3,Gestion,17.87,11.47,11.19,11.69,1.25,0.22,4,0.947,13.86
ETU01627,L3,Informatique,13.04,12.84,13.01,11.51,34.7,-1.33,1,0.564,11.16
ETU01628,M2,Droit,6.96,14.78,15.97,16.03,10.92,1.25,4,0.853,8.95
ETU01629,M1,Informatique,15.29,15.7,14.88,15.2,15.93,-0.5,1,0.715,16.03
ETU01630,L3,Gestion,8.11,18.52,20.0,20.0,10.85,1.48,2,0.564,12.51
ETU01631,M2,Informatique,14.66,17.1,16.29,18.46,19.48,1.36,3,0.78,16.16
ETU01632,M1,Informatique,11.21,9.53,8.22,10.61,24.9,1.07,2,0.606,9.06
ETU01633,L3,Droit,6.37,15.18,13.73,14.83,26.6,-0.35,5,0.646,10.3
ETU01634,M1,Ingénierie,6.72,6.06,5.1,5.4,12.44,-0.66,1,0.728,6.16
ETU01635,L1,Gestion,11.1,6.91,5.35,7.88,9.12,0.97,3,0.682,11.37
ETU01636,M2,Médecine,13.73,11.43,12.76,12.54,19.13,1.11,1,0.694,13.45
ETU01637,M2,Informatique,8.22,11.43,10.13,10.52,13.45,-0.92,3,0.699,10.18
ETU01638,L2,Médecine,7.39,12.08,12.08,12.02,21.77,-0.06,5,0.508,8.12
ETU01639,L1,Médecine,10.89,11.65,10.31,7.41,21.4,-4.24,5,0.684,11.69
ETU01640,M2,Droit,16.45,13.98,12.42,14.63,31.31,0.65,4,0.697,15.64
ETU01641,L3,Gestion,16.19,18.36,20.0,20.0,0.13,1.64,3,0.796,15.76
ETU01642,L2,Droit,14.89,7.42,10.02,6.77,3.56,-0.65,2,0.74,11.59
ETU01643,M2,Médecine,11.53,10.0,12.11,13.91,27.54,3.91,1,0.586,12.13
ETU01644,L3,Médecine,11.75,6.04,4.03,3.88,20.42,-2.16,0,0.794,6.0
ETU01645,L2,Informatique,8.94,7.8,6.0,7.78,2.19,-0.02,3,0.518,9.97
ETU01646,M1,Gestion,7.78,18.82,20.0,20.0,32.99,1.18,4,0.667,12.9
ETU01647,M1,Ingénierie,6.21,5.55,5.37,3.64,22.76,-1.92,5,0.81,5.08
ETU01648,L3,Ingénierie,17.18,7.99,6.13,6.47,17.01,-1.52,5,0.812,8.65
ETU01649,M1,Ingénierie,12.45,10.97,12.79,11.75,27.29,0.78,1,0.59,11.56
ETU01650,L1,Médecine,6.04,9.1,9.4,7.86,20.86,-1.23,5,0.67,5.84
ETU01651,L2,Informatique,12.88,12.63,13.69,15.29,13.07,2.65,1,0.729,10.7
ETU01652,L3,Gestion,9.36,18.87,15.71,16.6,10.38,-2.27,4,0.706,12.33
ETU01653,L1,Gestion,11.56,14.86,14.57,17.11,15.87,2.26,4,0.843,13.94
ETU01654,L1,Gestion,14.74,10.68,12.31,12.01,16.63,1.33,3,0.87,12.03
ETU01655,L3,Droit,16.53,14.56,13.8,12.66,24.92,-1.9,2,0.52,14.8
ETU01656,L3,Informatique,15.11,17.21,19.26,20.0,16.56,2.79,0,0.873,16.09
ETU01657,L2,Médecine,17.65,8.21,6.43,5.48,0.64,-2.73,3,0.939,10.32
ETU01658,L1,Droit,9.05,15.04,15.07,14.9,23.96,-0.13,0,0.957,10.31
ETU01659,L2,Informatique,14.6,13.6,16.26,17.35,2.44,3.76,3,0.528,15.56
ETU01660,L3,Ingénierie,17.57,15.27,13.75,13.86,29.62,-1.42,1,0.942,13.32
ETU01661,M2,Gestion,10.01,6.18,6.79,6.35,24.79,0.17,1,0.582,9.21
ETU01662,L2,Droit,16.39,15.26,16.34,14.53,20.92,-0.73,3,0.669,13.58
ETU01663,L3,Droit,18.22,16.03,16.37,18.07,15.9,2.04,1,0.691,16.66
ETU01664,L1,Gestion,14.37,14.62,14.45,14.19,6.02,-0.43,5,0.649,13.74
ETU01665,L1,Gestion,8.14,7.76,6.65,7.87,22.92,0.11,0,0.647,7.61
ETU01666,M1,Droit,9.39,7.26,7.75,8.78,3.83,1.52,5,0.585,9.81
ETU01667,L3,Informatique,14.84,15.34,15.38,17.32,21.16,1.98,4,0.83,11.15
ETU01668,L2,Médecine,17.26,14.07,12.11,12.06,6.42,-2.01,1,0.79,12.66
ETU01669,L2,Médecine,6.31,18.77,20.0,20.0,20.89,1.23,3,0.807,10.91
ETU01670,L3,Droit,10.24,11.37,10.2,8.84,5.29,-2.53,2,0.761,11.43
ETU01671,L3,Ingénierie,9.04,8.21,6.29,5.78,3.31,-2.43,1,0.61,6.69
ETU01672,M2,Droit,11.49,15.78,15.08,15.89,16.48,0.12,1,0.793,12.35
ETU01673,L2,Gestion,15.99,15.48,14.34,13.41,24.84,-2.06,2,0.827,13.8
ETU01674,M2,Médecine,12.54,12.32,12.13,12.9,8.35,0.59,3,0.526,12.15
ETU01675,M2,Médecine,12.74,15.44,13.78,16.28,17.42,0.84,3,0.994,12.54
ETU01676,L3,Médecine,13.92,9.35,10.22,9.85,27.96,0.5,4,0.79,10.08
ETU01677,L1,Droit,12.7,8.02,10.29,8.62,19.23,0.6,3,0.819,10.05
ETU01678,L3,Médecine,14.95,6.77,7.12,6.8,20.9,0.04,4,0.785,11.57
ETU01679,M2,Ingénierie,7.39,9.07,7.1,5.27,7.71,-3.8,5,0.845,6.59
ETU01680,L3,Médecine,6.3,14.16,12.99,15.3,4.36,1.13,5,0.828,7.28
ETU01681,M1,Médecine,16.75,8.62,9.15,9.58,5.22,0.96,2,0.9,13.16
ETU01682,L2,Médecine,12.23,17.37,14.62,13.83,34.05,-3.54,3,0.581,13.51
ETU01683,L3,Ingénierie,9.88,8.5,6.85,6.31,3.03,-2.19,4,0.582,7.52
ETU01684,L2,Ingénierie,11.91,14.58,12.31,10.84,5.3,-3.74,3,0.61,13.1
ETU01685,L2,Gestion,14.45,12.39,12.76,14.58,7.2,2.19,0,0.982,13.88
ETU01686,L1,Médecine,7.58,7.96,11.4,14.46,27.58,6.5,5,0.679,7.62
ETU01687,M1,Médecine,12.81,12.79,11.1,9.15,13.93,-3.63,4,0.658,10.12
ETU01688,M2,Droit,7.44,18.37,19.79,20.0,27.68,1.63,4,0.615,10.73
ETU01689,L2,Droit,17.17,18.22,17.57,17.5,14.66,-0.71,5,0.741,15.53
ETU01690,L1,Ingénierie,13.31,9.08,7.3,9.5,27.82,0.42,1,0.953,10.11
ETU01691,L3,Ingénierie,16.54,12.51,15.06,12.61,31.34,0.1,5,0.837,14.36
ETU01692,L2,Ingénierie,15.37,7.11,10.55,11.19,15.66,4.08,1,0.594,13.15
ETU01693,M1,Gestion,16.6,11.57,12.38,12.07,34.52,0.51,4,0.919,10.69
ETU01694,L1,Gestion,10.44,9.5,10.24,11.53,32.65,2.03,0,0.973,8.08
ETU01695,M1,Informatique,7.81,18.01,18.31,18.7,0.54,0.69,3,0.857,12.97
ETU01696,L1,Ingénierie,17.59,13.86,13.84,14.17,19.74,0.31,0,0.797,13.72
ETU01697,L2,Médecine,17.5,7.59,8.3,8.44,23.0,0.85,5,0.836,11.62
ETU01698,L1,Ingénierie,17.48,18.89,20.0,20.0,29.51,1.11,2,0.868,16.63
ETU01699,M2,Médecine,18.86,14.72,17.41,17.45,23.57,2.73,5,0.93,16.56
ETU01700,L3,Gestion,13.75,6.89,6.3,7.9,24.09,1.01,4,0.829,8.42
ETU01701,M2,Gestion,12.66,16.19,16.58,17.83,10.14,1.63,2,0.766,10.9
ETU01702,L3,Gestion,16.37,12.81,12.87,14.51,28.72,1.7,1,0.591,13.24
ETU01703,M1,Médecine,7.43,10.6,12.34,11.12,2.22,0.51,2,0.687,8.53
ETU01704,M2,Droit,16.18,7.75,11.55,12.91,23.01,5.16,1,0.542,12.8
ETU01705,M2,Ingénierie,16.56,8.89,10.68,11.48,7.07,2.59,1,0.864,12.96
ETU01706,M1,Médecine,13.5,7.34,8.74,7.25,26.8,-0.09,2,0.996,8.87
ETU01707,M1,Gestion,11.04,16.25,17.81,17.79,27.66,1.54,1,0.548,15.07
ETU01708,M2,Ingénierie,14.53,8.82,10.92,14.66,6.12,5.84,5,0.72,12.62
ETU01709,M1,Droit,17.9,11.58,15.4,15.11,27.77,3.53,5,0.85,13.46
ETU01710,L3,Gestion,8.05,18.55,16.22,15.97,29.31,-2.58,1,0.515,11.0
ETU01711,L3,Gestion,10.04,18.92,20.0,20.0,1.86,1.08,1,0.72,14.37
ETU01712,L2,Médecine,14.73,16.08,12.41,11.89,15.05,-4.18,0,0.897,12.07
ETU01713,L3,Informatique,16.83,16.18,17.81,18.32,6.74,2.14,2,0.647,18.44
ETU01714,M2,Médecine,14.48,18.23,19.25,18.88,4.42,0.65,3,0.83,13.24
ETU01715,M2,Informatique,13.68,16.16,15.54,16.44,28.12,0.28,1,0.804,11.39
ETU01716,L3,Médecine,7.11,11.31,7.51,7.72,10.26,-3.6,3,0.85,6.05
ETU01717,L3,Médecine,11.64,5.84,6.02,9.25,22.54,3.41,2,0.62,9.34
ETU01718,M1,Droit,17.57,7.92,8.45,8.82,0.13,0.9,0,0.584,13.52
ETU01719,M2,Informatique,10.7,11.22,11.33,11.3,2.78,0.07,1,0.508,10.52
ETU01720,L1,Droit,10.95,8.72,7.98,9.83,21.36,1.11,4,0.74,10.03
ETU01721,M1,Ingénierie,10.65,9.61,8.46,6.68,12.96,-2.93,5,0.593,9.63
ETU01722,L3,Gestion,10.72,5.83,5.95,8.78,30.79,2.96,2,0.826,8.17
ETU01723,L2,Ingénierie,11.26,12.73,11.73,10.54,2.88,-2.19,3,0.775,11.55
ETU01724,L2,Informatique,16.05,9.92,11.34,13.42,21.83,3.5,3,0.917,12.54
ETU01725,M2,Ingénierie,11.92,8.62,8.71,11.19,24.6,2.57,1,0.901,9.79
ETU01726,L2,Gestion,13.89,13.55,11.16,10.67,21.39,-2.88,4,0.681,10.93
ETU01727,L3,Médecine,11.75,8.87,9.34,9.0,23.82,0.12,2,0.648,10.15
ETU01728,M1,Gestion,17.36,11.67,12.49,12.63,8.73,0.96,0,0.541,15.46
ETU01729,L2,Médecine,8.32,8.45,11.08,12.31,26.85,3.86,2,0.878,7.68
ETU01730,M2,Médecine,7.6,14.53,16.12,14.92,19.41,0.4,1,0.748,9.96
ETU01731,L1,Droit,11.3,16.96,15.81,15.95,27.58,-1.01,2,0.668,12.28
ETU01732,M2,Ingénierie,18.67,6.14,8.48,8.31,4.26,2.17,2,0.852,15.08
ETU01733,M1,Ingénierie,15.1,16.48,14.6,13.17,4.45,-3.31,2,0.637,14.22
ETU01734,M2,Informatique,14.01,16.92,17.17,15.9,13.84,-1.03,1,0.739,12.87
ETU01735,L1,Ingénierie,11.07,18.51,19.84,20.0,13.65,1.49,5,0.718,12.42
ETU01736,M2,Médecine,9.84,16.59,18.98,19.44,4.5,2.85,0,0.635,14.45
ETU01737,L2,Droit,18.44,12.73,15.77,14.92,2.84,2.19,1,0.895,15.06
ETU01738,M2,Informatique,11.55,5.98,8.1,8.51,2.83,2.53,1,0.854,8.59
ETU01739,L2,Médecine,15.24,6.04,6.04,5.37,1.83,-0.68,2,0.76,12.0
ETU01740,M1,Gestion,16.54,7.75,8.82,11.08,1.16,3.33,2,0.846,13.18
ETU01741,M2,Informatique,14.55,11.26,11.8,11.94,28.27,0.68,5,0.545,10.27
ETU01742,M1,Informatique,9.02,18.38,17.51,19.46,32.72,1.08,5,0.715,10.11
ETU01743,L1,Informatique,9.74,7.45,7.48,5.24,14.9,-2.21,0,0.8,5.83
ETU01744,L2,Gestion,6.3,12.54,15.44,16.22,6.54,3.68,3,0.697,9.55
ETU01745,L1,Informatique,18.6,18.97,20.0,20.0,11.49,1.03,3,0.857,17.29
ETU01746,M2,Ingénierie,16.85,5.19,8.48,8.58,28.65,3.38,5,0.761,12.44
ETU01747,L2,Gestion,11.25,5.66,4.23,3.73,32.52,-1.93,2,0.691,8.16
ETU01748,L3,Droit,17.6,8.78,8.41,8.48,8.35,-0.3,2,0.708,11.02
ETU01749,L3,Médecine,8.0,8.15,8.97,10.39,1.07,2.24,5,0.858,8.62
ETU01750,L2,Informatique,6.55,11.98,13.29,11.78,10.8,-0.2,2,0.533,10.95
ETU01751,L2,Gestion,7.76,10.89,10.91,12.26,13.49,1.38,3,0.919,8.73
ETU01752,L3,Informatique,17.48,13.17,14.57,15.35,0.11,2.18,1,0.529,16.0
ETU01753,L1,Droit,8.09,7.06,8.45,8.36,23.85,1.3,4,0.566,8.66
ETU01754,M2,Ingénierie,6.89,14.6,12.72,12.69,4.36,-1.91,0,0.905,10.86
ETU01755,M2,Droit,8.41,8.01,9.34,9.73,2.86,1.72,5,0.687,9.52
ETU01756,M1,Droit,11.4,11.33,13.14,15.93,25.17,4.6,1,0.73,12.5
ETU01757,L3,Informatique,12.45,5.47,6.11,6.93,26.98,1.47,3,0.686,7.27
ETU01758,L1,Ingénierie,9.07,16.17,13.61,12.5,6.44,-3.67,0,0.547,12.79
ETU01759,L2,Droit,16.47,13.78,13.56,13.21,26.9,-0.57,0,0.804,11.28
ETU01760,L3,Droit,18.48,7.92,8.78,7.36,10.41,-0.56,4,0.845,12.94
ETU01761,L1,Droit,9.78,13.42,12.33,9.79,10.78,-3.63,4,0.595,10.03
ETU01762,M1,Droit,18.1,11.12,12.7,11.25,4.29,0.13,2,0.876,13.32
ETU01763,L3,Informatique,16.63,16.57,17.86,18.34,7.93,1.77,0,0.55,14.52
ETU01764,M1,Droit,17.52,18.77,19.17,20.0,1.36,1.23,0,0.887,17.5
ETU01765,L3,Droit,6.78,6.74,6.97,8.76,23.52,2.02,5,0.851,8.12
ETU01766,L1,Médecine,16.84,11.86,12.35,10.92,29.8,-0.94,4,0.956,12.48
ETU01767,M1,Droit,13.62,8.61,8.81,7.91,1.69,-0.7,2,0.907,10.7
ETU01768,M1,Ingénierie,6.5,15.5,13.77,12.66,8.94,-2.84,1,0.922,11.3
ETU01769,L3,Médecine,15.8,5.48,5.04,1.46,12.12,-4.02,4,0.979,9.22
ETU01770,M1,Informatique,9.14,12.62,12.93,12.98,13.74,0.36,5,0.922,10.22
ETU01771,M2,Ingénierie,16.36,17.0,19.33,20.0,28.85,3.0,3,0.898,15.02
ETU01772,L2,Droit,14.14,10.45,11.69,11.61,1.5,1.16,4,0.598,15.24
ETU01773,M2,Médecine,12.4,16.73,19.14,17.54,21.49,0.81,5,0.878,12.21
ETU01774,L2,Gestion,6.3,7.06,5.15,4.18,18.63,-2.88,1,0.816,7.32
ETU01775,L1,Médecine,17.57,17.86,17.52,17.33,29.35,-0.53,4,0.981,13.01
ETU01776,L3,Ingénierie,7.92,16.08,19.39,20.0,10.71,3.92,1,0.86,11.19
ETU01777,M2,Informatique,16.79,10.48,9.56,9.59,3.56,-0.89,1,0.63,12.51
ETU01778,M1,Médecine,14.95,6.83,5.88,7.14,4.57,0.31,5,0.582,10.58
ETU01779,L2,Médecine,6.9,12.29,12.08,12.26,22.07,-0.03,1,0.641,8.74
ETU01780,M2,Gestion,13.05,14.39,17.61,18.27,19.1,3.88,4,0.74,13.31
ETU01781,M2,Gestion,18.5,6.8,6.0,4.89,20.73,-1.92,2,0.826,10.71
ETU01782,M2,Droit,18.0,18.06,19.1,18.37,4.8,0.31,5,0.608,17.84
ETU01783,L3,Droit,7.9,15.68,16.47,14.88,1.49,-0.8,1,0.616,10.11
ETU01784,M1,Droit,8.25,18.32,15.63,16.83,19.83,-1.49,0,0.651,12.27
ETU01785,L3,Ingénierie,8.0,9.19,9.37,9.23,2.84,0.04,2,0.904,9.8
ETU01786,L3,Ingénierie,15.83,11.07,10.44,5.34,32.54,-5.73,3,0.683,9.73
ETU01787,L3,Ingénierie,8.09,8.36,9.58,10.6,28.12,2.24,2,0.539,8.05
ETU01788,L1,Droit,6.84,8.83,11.64,13.4,6.3,4.57,1,0.773,9.46
ETU01789,L1,Médecine,11.07,7.03,6.72,5.8,20.92,-1.23,4,0.503,10.57
ETU01790,L3,Informatique,18.57,6.75,6.44,7.46,4.62,0.7,2,0.837,12.12
ETU01791,L3,Informatique,10.01,14.39,18.37,18.35,32.77,3.96,4,0.921,16.2
ETU01792,L3,Médecine,15.42,7.2,6.33,3.45,20.63,-3.74,0,0.583,11.09
ETU01793,M2,Médecine,7.87,6.87,5.05,8.28,11.12,1.41,5,0.922,8.09
ETU01794,M1,Informatique,14.07,12.48,14.75,14.74,23.81,2.26,4,0.84,13.69
ETU01795,L1,Médecine,13.56,14.86,14.98,15.58,0.09,0.73,1,0.549,11.56
ETU01796,M2,Médecine,17.75,15.89,16.52,15.88,10.08,-0.01,3,0.614,16.67
ETU01797,M2,Médecine,15.32,13.12,16.67,16.53,8.2,3.4,4,0.614,12.62
ETU01798,L1,Droit,7.57,7.82,5.92,6.46,12.12,-1.36,4,0.603,8.46
ETU01799,M2,Médecine,11.26,13.03,12.93,11.67,2.99,-1.36,2,0.667,10.74
ETU01800,L2,Médecine,6.01,13.76,12.11,14.95,33.88,1.19,0,0.954,8.02
ETU01801,L2,Droit,9.13,8.61,9.32,10.87,16.38,2.26,0,0.612,11.56
ETU01802,L3,Droit,18.63,7.02,6.39,7.47,29.97,0.45,5,0.963,11.54
ETU01803,M2,Médecine,11.92,17.96,16.4,16.49,2.08,-1.47,0,0.775,11.62
ETU01804,L2,Informatique,17.28,6.34,7.64,6.8,29.57,0.46,2,0.759,12.44
ETU01805,L3,Ingénierie,6.31,8.88,9.1,10.94,22.86,2.06,5,0.837,6.29
ETU01806,L1,Ingénierie,17.44,8.24,6.56,7.78,23.76,-0.46,5,0.903,13.13
ETU01807,L1,Droit,17.56,17.49,15.9,15.6,28.22,-1.88,2,0.979,14.66
ETU01808,L3,Ingénierie,14.49,12.03,12.54,11.21,18.41,-0.82,4,0.501,10.51
ETU01809,L2,Médecine,7.51,18.39,16.09,14.02,22.19,-4.37,3,0.699,11.35
ETU01810,L1,Droit,17.39,16.6,17.14,17.48,31.49,0.88,0,0.59,15.68
ETU01811,L1,Droit,17.7,15.57,17.78,17.7,4.38,2.14,2,0.576,13.39
ETU01812,L2,Médecine,8.61,7.47,8.68,10.75,1.95,3.28,4,0.574,9.17
ETU01813,L2,Gestion,18.22,9.82,9.09,10.87,34.39,1.05,3,0.855,12.94
ETU01814,M2,Droit,17.45,16.48,17.1,17.45,30.85,0.97,3,0.526,15.2
ETU01815,L3,Droit,8.66,18.77,17.09,17.27,17.99,-1.5,4,0.918,11.42
ETU01816,L3,Droit,11.12,17.29,17.7,16.27,27.33,-1.02,1,0.876,13.27
ETU01817,L1,Droit,10.38,18.28,17.99,19.88,30.87,1.6,3,0.705,13.27
ETU01818,L1,Informatique,12.48,13.99,12.63,12.84,16.34,-1.14,1,0.713,11.89
ETU01819,L2,Médecine,17.56,11.76,12.9,14.1,3.43,2.34,0,0.839,14.28
ETU01820,M2,Droit,17.37,12.21,9.44,11.51,16.82,-0.7,5,0.505,13.1
ETU01821,M1,Informatique,8.28,11.42,9.84,9.29,12.3,-2.13,4,0.694,8.18
ETU01822,L1,Gestion,13.16,7.17,5.77,4.83,0.81,-2.34,5,0.59,8.47
ETU01823,L1,Droit,12.94,9.28,8.72,12.73,33.57,3.45,2,0.59,9.35
ETU01824,L2,Médecine,11.86,6.27,8.41,9.61,25.05,3.34,3,0.775,9.54
ETU01825,L2,Gestion,15.29,6.24,7.57,7.45,27.5,1.21,0,0.623,9.69
ETU01826,M2,Ingénierie,14.4,9.37,9.72,11.88,20.89,2.52,1,0.688,11.54
ETU01827,L1,Médecine,9.58,14.33,14.61,14.45,9.42,0.12,0,0.859,13.05
ETU01828,M1,Informatique,10.53,13.59,13.77,14.56,20.46,0.97,2,0.81,11.03
ETU01829,L2,Informatique,17.55,12.83,15.09,14.54,23.81,1.71,2,0.665,14.4
ETU01830,L2,Médecine,10.24,15.49,12.96,13.24,20.91,-2.25,1,0.525,10.7
ETU01831,L2,Droit,11.77,10.92,12.28,12.16,4.45,1.25,4,0.513,12.96
ETU01832,M1,Informatique,18.65,11.19,10.63,9.8,28.47,-1.39,3,0.744,15.0
ETU01833,M1,Ingénierie,17.14,12.25,13.21,13.87,10.41,1.62,2,0.711,13.52
ETU01834,L3,Informatique,15.09,5.93,6.89,6.24,13.89,0.3,2,0.898,11.48
ETU01835,M2,Droit,9.95,13.14,14.44,15.61,19.27,2.46,3,0.541,13.76
ETU01836,M2,Informatique,14.17,15.5,18.08,17.92,34.22,2.42,2,0.925,12.24
ETU01837,M1,Ingénierie,14.35,8.69,6.83,4.55,10.94,-4.14,4,0.606,11.3
ETU01838,L3,Droit,11.35,16.97,18.68,19.91,1.47,2.94,4,0.675,11.74
ETU01839,L3,Médecine,6.47,8.73,8.83,10.09,34.04,1.36,1,0.93,7.57
ETU01840,M1,Ingénierie,10.76,12.18,11.69,15.37,33.51,3.19,5,0.919,10.45
ETU01841,L3,Gestion,12.61,17.24,20.0,20.0,6.94,2.76,2,0.757,12.45
ETU01842,L1,Gestion,18.35,15.33,16.59,17.16,29.02,1.83,1,0.541,16.58
ETU01843,M1,Médecine,15.46,13.07,12.64,13.66,32.19,0.59,5,0.795,12.66
ETU01844,L2,Ingénierie,7.4,13.72,15.35,17.18,0.45,3.47,2,0.881,10.12
ETU01845,M1,Informatique,9.92,6.52,6.66,8.39,26.42,1.87,0,0.631,8.97
ETU01846,L1,Droit,12.78,14.79,14.34,15.12,6.3,0.33,3,0.592,13.91
ETU01847,L1,Gestion,11.86,13.57,12.86,13.11,28.95,-0.46,2,0.749,9.09
ETU01848,L3,Informatique,6.07,6.18,6.84,8.4,0.73,2.22,1,0.875,3.89
ETU01849,M1,Informatique,18.16,6.74,6.02,6.21,24.19,-0.53,4,0.752,11.35
ETU01850,L3,Droit,17.75,18.59,19.03,17.39,28.59,-1.2,2,0.62,14.59
ETU01851,L1,Informatique,18.01,7.49,9.02,7.07,1.25,-0.42,3,0.934,14.26
ETU01852,L2,Médecine,11.57,17.54,17.91,17.77,26.5,0.23,0,0.936,12.52
ETU01853,L3,Informatique,16.83,8.86,12.03,12.51,4.16,3.64,2,0.829,13.92
ETU01854,L2,Droit,15.21,10.55,10.77,14.77,2.77,4.23,0,0.537,13.17
ETU01855,M2,Gestion,12.65,12.78,15.0,15.12,32.22,2.34,1,0.616,10.22
ETU01856,L3,Droit,7.0,13.76,15.43,15.8,32.31,2.03,4,0.809,9.79
ETU01857,M2,Informatique,8.18,11.97,14.46,14.15,25.94,2.18,5,0.891,8.27
ETU01858,L1,Informatique,9.1,9.88,13.04,14.26,31.16,4.39,2,0.737,8.34
ETU01859,L3,Gestion,17.65,11.98,9.54,10.26,0.58,-1.72,4,0.652,12.05
ETU01860,M2,Médecine,14.65,14.81,15.41,14.75,17.91,-0.06,4,0.942,11.85
ETU01861,L2,Droit,18.78,10.55,10.58,9.37,30.51,-1.18,4,0.691,12.57
ETU01862,M2,Gestion,13.36,12.63,13.0,12.7,31.25,0.06,0,0.958,11.31
ETU01863,M1,Droit,7.1,10.31,9.91,8.95,12.85,-1.36,1,0.766,8.8
ETU01864,L3,Ingénierie,12.21,9.62,9.0,8.96,11.36,-0.66,4,0.807,8.43
ETU01865,L1,Ingénierie,7.45,9.18,7.73,8.25,24.5,-0.94,1,0.562,7.5
ETU01866,M2,Droit,17.72,8.14,8.48,8.03,2.11,-0.11,3,0.634,12.07
ETU01867,L3,Droit,9.62,15.65,17.25,19.73,27.32,4.08,5,0.987,12.22
ETU01868,M1,Gestion,8.56,18.77,18.23,20.0,8.74,1.23,4,0.859,12.81
ETU01869,M1,Médecine,12.65,5.41,5.11,5.07,18.26,-0.34,2,0.739,9.18
ETU01870,L3,Ingénierie,16.49,7.74,6.9,5.75,6.74,-1.99,1,0.761,10.3
ETU01871,L1,Ingénierie,12.63,18.5,17.21,17.46,25.7,-1.04,1,0.544,13.32
ETU01872,L3,Gestion,6.5,9.78,9.63,9.73,33.48,-0.05,3,0.892,6.92
ETU01873,L3,Médecine,15.66,10.45,11.16,11.37,18.93,0.92,4,0.536,13.86
ETU01874,L1,Informatique,6.44,14.28,16.37,16.07,33.28,1.79,5,0.693,9.75
ETU01875,L1,Informatique,13.86,9.94,8.35,7.08,14.07,-2.86,5,0.705,10.56
ETU01876,L2,Médecine,14.02,11.9,12.05,12.4,10.02,0.51,1,0.802,10.88
ETU01877,L2,Droit,8.71,17.61,19.58,19.35,29.35,1.74,0,0.708,11.46
ETU01878,L3,Gestion,11.81,12.91,11.34,11.25,1.33,-1.66,0,0.98,11.89
ETU01879,M1,Droit,6.08,14.34,16.44,16.88,9.84,2.54,1,0.899,10.47
ETU01880,L1,Droit,9.69,8.04,7.58,7.78,24.17,-0.26,2,0.98,8.41
ETU01881,M2,Gestion,14.05,8.66,9.93,10.34,6.61,1.68,0,0.759,9.67
ETU01882,M2,Droit,9.69,17.48,17.35,17.06,31.17,-0.42,5,0.651,10.56
ETU01883,L1,Informatique,6.62,17.85,18.73,19.57,16.88,1.73,2,0.991,11.17
ETU01884,L1,Médecine,14.77,16.3,18.91,18.13,8.61,1.84,0,0.541,16.4
ETU01885,M2,Ingénierie,15.65,6.71,6.73,5.39,12.99,-1.31,3,0.964,8.42
ETU01886,L3,Droit,17.22,16.46,18.15,17.12,9.93,0.66,0,0.548,14.43
ETU01887,L3,Médecine,17.38,5.27,5.88,5.17,24.53,-0.1,5,0.903,8.44
ETU01888,L3,Médecine,12.45,13.35,12.37,10.74,3.85,-2.61,5,0.89,11.92
ETU01889,M2,Droit,11.3,14.45,14.44,12.2,29.88,-2.26,5,0.83,12.27
ETU01890,L1,Ingénierie,13.62,10.97,10.86,11.91,5.21,0.94,2,0.891,12.48
ETU01891,M2,Gestion,16.3,11.71,9.79,12.0,9.89,0.29,3,0.544,13.6
ETU01892,L2,Médecine,12.18,15.39,16.27,17.41,21.93,2.03,0,0.687,11.73
ETU01893,M2,Gestion,18.94,17.53,18.72,18.29,12.4,0.76,0,0.668,17.11
ETU01894,L3,Gestion,14.29,7.65,9.07,6.79,17.85,-0.86,3,0.991,9.63
ETU01895,M1,Droit,10.01,6.94,9.28,9.87,19.92,2.93,4,0.736,9.24
ETU01896,L1,Médecine,16.32,13.82,15.45,13.34,9.07,-0.48,0,0.525,14.77
ETU01897,L2,Droit,7.96,8.23,7.53,7.7,18.71,-0.53,5,0.63,7.41
ETU01898,L1,Ingénierie,18.17,7.72,7.33,6.43,32.88,-1.28,2,0.922,12.51
ETU01899,L3,Gestion,10.42,7.85,9.31,6.19,0.09,-1.66,3,0.946,9.2
ETU01900,L1,Droit,14.91,7.76,8.54,11.06,20.87,3.31,0,0.964,11.94
ETU01901,L2,Droit,14.13,11.68,11.85,10.27,11.21,-1.41,5,0.572,14.04
ETU01902,L3,Médecine,7.25,18.5,17.39,17.16,30.17,-1.35,3,0.844,11.34
ETU01903,L3,Droit,15.38,16.59,16.0,16.1,3.38,-0.49,2,0.701,13.65
ETU01904,M2,Droit,10.05,12.61,13.68,13.28,2.12,0.67,3,0.868,10.69
ETU01905,M1,Informatique,10.96,6.14,3.41,4.41,14.17,-1.73,4,0.912,9.05
ETU01906,M2,Informatique,7.25,14.42,11.11,10.3,23.58,-4.12,0,0.631,10.14
ETU01907,L3,Informatique,16.53,11.32,12.56,13.43,0.23,2.11,0,0.75,14.0
ETU01908,L2,Médecine,17.18,15.9,15.3,16.07,28.39,0.18,3,0.664,12.54
ETU01909,L2,Gestion,7.75,11.92,12.82,11.05,11.78,-0.86,4,0.728,8.26
ETU01910,M1,Droit,16.56,14.36,16.92,17.57,32.21,3.22,5,0.645,14.46
ETU01911,M2,Droit,17.67,7.8,6.48,5.2,31.7,-2.6,0,0.67,11.85
ETU01912,M2,Gestion,7.26,16.67,14.36,12.91,26.73,-3.75,2,0.636,10.88
ETU01913,L2,Informatique,18.97,15.91,15.7,16.43,25.8,0.52,4,0.649,12.81
ETU01914,L3,Droit,6.06,10.24,9.41,9.1,21.03,-1.14,5,0.789,8.54
ETU01915,M1,Gestion,16.95,18.49,18.65,19.51,27.81,1.02,1,0.8,17.3
ETU01916,M2,Droit,13.26,7.25,8.25,9.13,6.23,1.88,5,0.96,7.78
ETU01917,L2,Médecine,18.44,5.28,5.97,4.13,28.6,-1.15,4,0.695,10.92
ETU01918,M1,Médecine,10.4,15.68,15.95,17.36,19.78,1.68,1,0.829,13.1
ETU01919,M2,Droit,10.69,13.41,15.2,15.92,27.37,2.51,4,0.983,9.73
ETU01920,L1,Ingénierie,16.92,6.55,7.76,7.18,17.28,0.63,3,0.733,10.93
ETU01921,L2,Ingénierie,15.24,7.23,7.16,7.26,22.08,0.02,5,0.89,11.21
ETU01922,L3,Médecine,13.81,6.83,7.99,9.44,11.96,2.61,4,0.985,10.14
ETU01923,M2,Ingénierie,14.38,7.34,5.22,5.04,14.85,-2.3,1,0.895,9.57
ETU01924,M2,Ingénierie,14.87,11.46,13.26,16.73,12.77,5.27,4,0.54,13.68
ETU01925,L1,Ingénierie,6.62,5.71,5.95,8.48,25.92,2.77,2,0.597,5.56
ETU01926,L1,Informatique,7.53,12.27,10.67,11.15,7.02,-1.13,4,0.647,7.96
ETU01927,L2,Médecine,8.36,13.48,13.05,13.01,32.57,-0.47,0,0.843,10.31
ETU01928,L1,Informatique,8.3,15.18,16.94,16.96,29.02,1.78,1,0.836,12.19
ETU01929,L3,Gestion,16.96,18.24,17.29,16.69,30.16,-1.55,1,0.569,15.31
ETU01930,L2,Médecine,11.13,6.15,6.97,7.46,31.99,1.3,5,0.725,10.1
ETU01931,L2,Droit,12.36,5.49,7.01,8.34,15.26,2.85,2,0.711,10.29
ETU01932,L1,Médecine,7.16,6.95,7.18,5.46,31.22,-1.49,1,0.845,8.99
ETU01933,L2,Gestion,17.32,9.72,8.63,9.89,15.54,0.17,4,0.63,12.54
ETU01934,L1,Ingénierie,6.13,12.36,12.46,14.16,3.56,1.8,3,0.619,9.88
ETU01935,L2,Gestion,7.08,5.06,3.15,4.3,1.74,-0.76,3,0.798,7.18
ETU01936,L3,Médecine,16.56,14.69,14.16,14.27,2.23,-0.43,5,0.541,13.48
ETU01937,L2,Médecine,7.7,18.4,16.94,18.03,6.58,-0.36,5,0.834,10.69
ETU01938,M1,Informatique,16.31,8.5,8.63,10.88,12.59,2.38,2,0.72,11.28
ETU01939,L3,Ingénierie,10.56,5.12,3.42,3.63,34.27,-1.49,5,0.768,6.31
ETU01940,L2,Médecine,16.09,15.55,15.87,16.21,8.44,0.66,3,0.901,17.06
ETU01941,M1,Informatique,6.65,15.78,17.68,20.0,31.95,4.22,5,0.59,12.89
ETU01942,M2,Gestion,10.44,5.61,7.6,8.36,28.37,2.75,4,0.605,8.15
ETU01943,L3,Informatique,12.26,13.64,11.97,10.76,30.14,-2.88,0,0.951,10.43
ETU01944,M2,Droit,14.13,8.4,7.6,9.21,27.47,0.81,5,0.87,7.81
ETU01945,L2,Informatique,16.87,13.86,15.34,16.24,34.06,2.38,3,0.631,12.79
ETU01946,L3,Médecine,9.18,15.17,16.43,15.74,4.19,0.57,2,0.86,10.85
ETU01947,L3,Informatique,14.57,8.12,7.4,6.04,16.76,-2.08,2,0.729,9.93
ETU01948,M2,Médecine,7.97,8.65,8.12,8.78,12.0,0.13,3,0.809,7.7
ETU01949,M1,Médecine,16.34,13.56,13.89,14.1,9.95,0.53,5,0.893,14.04
ETU01950,L3,Gestion,18.13,13.15,10.6,9.04,15.64,-4.12,0,0.522,14.26
ETU01951,L2,Gestion,6.61,17.41,18.39,18.56,16.83,1.16,1,0.806,10.43
ETU01952,L1,Médecine,7.04,12.15,13.97,14.04,34.51,1.9,0,0.669,11.08
ETU01953,M2,Ingénierie,16.24,16.2,15.81,16.02,9.26,-0.18,1,0.758,15.15
ETU01954,L1,Ingénierie,17.44,15.25,13.32,14.36,31.91,-0.89,0,0.682,15.03
ETU01955,M1,Médecine,14.43,14.32,16.64,14.3,5.84,-0.02,1,0.971,13.23
ETU01956,L3,Gestion,12.0,7.68,8.21,6.85,23.28,-0.84,2,0.799,10.05
ETU01957,M1,Gestion,16.0,8.87,10.13,9.7,10.69,0.83,4,0.923,12.7
ETU01958,M2,Informatique,9.9,12.93,11.15,13.44,33.61,0.51,3,0.628,11.76
ETU01959,L1,Informatique,18.89,5.92,4.15,8.0,22.21,2.08,1,0.682,12.78
ETU01960,L1,Informatique,17.02,5.63,6.45,6.76,2.25,1.13,0,0.894,12.94
ETU01961,L2,Médecine,17.53,5.7,7.44,7.81,32.32,2.11,5,0.617,10.6
ETU01962,L3,Droit,17.11,17.9,16.4,13.04,10.28,-4.86,1,1.0,16.14
ETU01963,L1,Droit,18.13,14.64,14.69,16.35,32.46,1.7,4,0.83,12.95
ETU01964,M2,Gestion,6.84,16.71,14.53,15.51,0.47,-1.21,1,0.948,10.15
ETU01965,M1,Informatique,17.81,18.49,17.64,18.36,7.65,-0.13,3,0.552,16.44
ETU01966,M2,Droit,9.23,14.81,14.63,13.06,9.74,-1.75,5,0.707,9.4
ETU01967,L2,Droit,10.67,12.21,13.15,16.42,24.08,4.2,5,0.668,10.12
ETU01968,M2,Informatique,10.82,11.71,8.75,11.33,27.93,-0.38,0,0.985,8.89
ETU01969,L2,Médecine,9.02,15.44,17.62,18.37,22.05,2.92,3,0.572,12.25
ETU01970,L1,Gestion,11.7,17.15,17.09,18.88,2.17,1.73,2,0.874,13.52
ETU01971,M2,Droit,12.57,16.61,18.76,19.13,15.18,2.52,5,0.815,14.87
ETU01972,L1,Gestion,7.93,11.9,13.15,14.68,17.29,2.78,4,0.926,12.26
ETU01973,M1,Informatique,10.67,15.83,17.31,15.65,12.56,-0.18,0,0.989,12.77
ETU01974,L2,Ingénierie,10.53,11.67,14.9,11.79,14.68,0.12,5,0.903,10.18
ETU01975,M1,Médecine,14.77,10.38,9.41,7.8,16.89,-2.58,2,0.626,11.68
ETU01976,L2,Gestion,13.55,9.17,9.57,8.66,19.39,-0.51,4,0.917,9.55
ETU01977,L1,Gestion,15.31,5.76,4.48,3.81,22.08,-1.95,1,0.763,9.7
ETU01978,M2,Informatique,16.19,7.82,7.86,8.84,7.35,1.02,1,0.827,14.98
ETU01979,L2,Médecine,14.67,15.22,16.5,16.41,31.56,1.19,0,0.64,13.32
ETU01980,M1,Gestion,9.14,7.4,9.29,9.55,28.98,2.15,0,0.908,9.11
ETU01981,L1,Gestion,12.53,17.62,17.24,15.77,27.53,-1.85,5,0.722,12.41
ETU01982,M2,Ingénierie,12.07,6.1,4.49,2.89,28.2,-3.21,0,0.904,7.65
ETU01983,M1,Ingénierie,6.96,5.72,6.03,6.39,18.39,0.67,3,0.714,7.49
ETU01984,L3,Droit,17.63,11.74,10.66,10.14,33.36,-1.59,4,0.808,10.95
ETU01985,M2,Droit,7.19,8.12,7.45,7.76,12.81,-0.36,0,0.551,7.71
ETU01986,L3,Ingénierie,18.69,6.44,7.65,8.77,14.7,2.32,1,0.546,11.1
ETU01987,L2,Médecine,6.41,5.84,6.77,9.53,28.57,3.69,2,0.976,8.95
ETU01988,L2,Gestion,15.49,12.38,13.83,14.1,30.42,1.72,2,0.863,14.1
ETU01989,M1,Médecine,9.74,8.63,8.33,11.35,15.71,2.71,5,0.586,8.46
ETU01990,L3,Informatique,17.76,12.78,14.49,15.4,29.68,2.62,1,0.799,12.06
ETU01991,L3,Droit,16.71,7.08,7.3,8.63,22.16,1.56,4,0.891,12.06
ETU01992,M1,Droit,6.33,5.34,5.12,7.0,13.58,1.65,2,0.799,6.77
ETU01993,M1,Droit,6.29,5.38,3.93,5.31,31.69,-0.07,2,0.724,8.51
ETU01994,M1,Médecine,13.84,6.58,3.64,2.74,17.61,-3.84,2,0.918,10.67
ETU01995,M1,Informatique,7.94,16.14,14.0,15.92,29.72,-0.22,4,0.525,10.98
ETU01996,M1,Ingénierie,6.18,11.28,11.8,11.54,28.43,0.26,2,0.817,7.66
ETU01997,M1,Gestion,18.58,13.73,12.57,13.33,3.38,-0.41,3,0.737,14.44
ETU01998,M2,Gestion,14.23,17.25,14.98,15.48,30.49,-1.77,0,0.824,13.54
ETU01999,M1,Droit,6.14,7.98,7.55,9.56,5.68,1.59,1,0.645,8.38
ETU02000,L1,Ingénierie,12.38,17.2,17.82,18.71,28.49,1.51,2,0.581,12.41
ETU02001,M2,Ingénierie,8.05,15.44,16.26,14.48,26.44,-0.96,1,0.987,8.87
ETU02002,L2,Droit,16.47,15.21,15.36,18.8,25.8,3.59,0,0.932,17.1
ETU02003,M1,Droit,6.37,17.19,17.3,18.85,32.23,1.66,1,0.954,10.69
ETU02004,M1,Droit,10.82,6.76,6.15,5.63,21.02,-1.13,3,0.884,8.9
ETU02005,M1,Médecine,9.09,12.57,13.72,12.31,11.85,-0.26,5,0.532,9.25
ETU02006,L3,Ingénierie,18.75,11.77,11.7,13.43,20.76,1.66,4,0.814,15.68
ETU02007,L3,Informatique,7.02,14.3,14.38,13.15,24.36,-1.14,5,0.691,10.61
ETU02008,L1,Droit,15.36,8.33,10.09,11.59,12.76,3.26,3,0.667,12.26
ETU02009,L2,Droit,12.21,6.78,8.17,10.07,8.9,3.29,0,0.625,10.82
ETU02010,L1,Médecine,16.61,18.63,18.55,17.88,17.14,-0.75,0,0.59,15.87
ETU02011,M2,Informatique,8.79,11.52,11.23,10.42,31.44,-1.1,4,0.57,9.04
ETU02012,M2,Droit,17.12,8.25,7.95,7.54,22.07,-0.71,3,0.561,12.32
ETU02013,L1,Médecine,18.35,6.8,3.97,2.79,31.4,-4.02,5,0.856,10.8
ETU02014,M2,Informatique,8.77,13.31,15.16,15.8,16.63,2.49,2,0.965,10.81
ETU02015,M1,Informatique,9.16,7.07,6.24,7.1,33.14,0.03,5,0.69,6.1
ETU02016,L2,Informatique,18.53,7.56,9.04,10.44,27.7,2.87,2,0.553,12.72
ETU02017,L1,Ingénierie,11.64,18.33,18.59,17.64,12.41,-0.69,5,0.611,14.12
ETU02018,M1,Ingénierie,16.86,5.41,7.7,9.26,15.69,3.85,0,0.873,12.83
ETU02019,L1,Droit,16.95,7.62,8.61,7.43,34.92,-0.19,2,0.674,12.85
ETU02020,L1,Ingénierie,10.04,14.4,15.97,17.52,33.38,3.13,5,0.831,13.05
ETU02021,L1,Droit,8.32,8.04,7.35,5.42,14.36,-2.62,4,0.603,8.51
ETU02022,L1,Ingénierie,10.76,7.55,5.82,8.47,29.17,0.92,2,0.878,8.93
ETU02023,L1,Informatique,13.69,12.79,13.21,12.73,31.84,-0.06,5,0.828,12.05
ETU02024,L2,Médecine,12.46,14.74,12.07,13.27,8.81,-1.48,2,0.611,11.38
ETU02025,M2,Médecine,15.58,11.03,10.53,11.84,18.12,0.82,5,0.966,13.22
ETU02026,L2,Médecine,13.13,15.94,14.35,12.75,26.5,-3.19,0,0.761,13.78
ETU02027,L2,Droit,16.47,16.41,15.35,16.91,2.69,0.49,4,0.61,16.22
ETU02028,M2,Gestion,7.35,13.72,14.82,14.29,28.2,0.57,4,0.783,10.34
ETU02029,L3,Informatique,11.71,13.09,14.08,13.93,7.39,0.84,1,0.708,11.83
ETU02030,L1,Médecine,6.21,16.43,16.39,15.68,16.76,-0.75,1,0.959,9.89
ETU02031,L3,Droit,7.57,5.21,5.89,8.61,13.13,3.4,4,0.655,7.42
ETU02032,L3,Droit,10.31,12.15,11.54,10.08,25.91,-2.07,4,0.943,8.87
ETU02033,L3,Informatique,17.72,6.8,10.64,11.59,8.16,4.79,1,0.871,13.74
ETU02034,M2,Gestion,10.94,8.1,8.75,8.12,16.32,0.02,0,0.84,6.25
ETU02035,M1,Ingénierie,9.56,18.29,17.6,19.54,9.3,1.25,1,0.592,12.25
ETU02036,L1,Médecine,14.72,5.05,6.56,10.35,1.92,5.3,1,0.543,11.6
ETU02037,L2,Médecine,15.15,9.3,11.36,10.71,29.52,1.41,3,0.932,14.65
ETU02038,L3,Informatique,12.26,7.16,6.2,6.71,7.86,-0.45,4,0.785,9.56
ETU02039,M1,Droit,9.75,12.99,11.06,10.78,8.13,-2.21,1,0.983,10.39
ETU02040,L2,Droit,9.92,16.82,15.19,17.05,1.64,0.23,2,0.758,11.4
ETU02041,L3,Médecine,8.41,10.47,9.67,9.59,17.59,-0.88,1,0.796,11.02
ETU02042,L2,Médecine,10.71,16.72,16.84,18.5,9.41,1.78,0,0.999,12.09
ETU02043,M1,Informatique,8.19,11.16,8.92,8.62,19.79,-2.54,5,0.858,10.78
ETU02044,L2,Ingénierie,14.36,17.73,17.3,20.0,25.32,2.27,4,0.68,13.38
ETU02045,L3,Informatique,17.63,16.86,16.75,13.76,1.61,-3.1,4,0.914,16.24
ETU02046,M2,Droit,9.31,7.5,8.19,9.06,7.02,1.55,5,0.648,8.89
ETU02047,M2,Gestion,9.15,17.39,18.51,18.79,13.68,1.4,0,0.763,11.9
ETU02048,L3,Gestion,17.68,7.7,8.5,8.73,30.79,1.03,2,0.619,13.14
ETU02049,L2,Droit,13.38,11.87,14.75,15.48,3.84,3.62,4,0.997,14.63
ETU02050,L1,Droit,15.49,7.74,9.59,9.97,26.03,2.23,3,0.967,11.23
ETU02051,M2,Informatique,17.56,10.41,10.94,11.57,33.38,1.16,4,0.937,12.63
ETU02052,L3,Informatique,14.64,18.8,17.54,18.45,2.72,-0.34,2,0.701,14.51
ETU02053,L1,Médecine,15.65,15.71,14.9,17.82,11.66,2.11,0,0.864,14.93
ETU02054,M2,Informatique,11.03,12.76,10.81,6.97,26.93,-5.79,3,0.63,8.15
ETU02055,L3,Gestion,18.2,18.1,18.53,20.0,32.73,1.9,4,0.695,12.6
ETU02056,M1,Ingénierie,15.15,10.04,10.73,14.87,8.64,4.84,4,0.902,10.69
ETU02057,L1,Gestion,6.93,7.42,8.96,6.64,22.47,-0.79,1,0.528,7.13
ETU02058,M2,Informatique,13.74,16.61,17.21,17.58,25.6,0.97,3,0.525,12.26
ETU02059,L2,Droit,7.23,5.17,6.95,9.31,14.14,4.14,3,0.831,7.61
ETU02060,M1,Droit,12.79,16.26,18.08,19.75,23.43,3.49,1,0.887,13.19
ETU02061,L2,Informatique,7.15,5.31,3.96,6.78,19.22,1.47,1,0.692,6.03
ETU02062,L1,Droit,14.15,8.98,8.4,9.26,32.8,0.28,1,0.837,9.84
ETU02063,L3,Ingénierie,11.93,9.98,10.16,7.41,18.86,-2.57,0,0.951,11.26
ETU02064,L1,Ingénierie,13.19,9.46,8.6,10.86,18.08,1.4,3,0.55,11.15
ETU02065,L3,Informatique,14.44,8.41,8.24,9.5,23.43,1.09,1,0.915,12.88
ETU02066,L3,Médecine,9.25,6.51,7.17,9.67,5.33,3.15,3,0.791,9.16
ETU02067,L1,Médecine,10.15,5.04,5.06,3.06,18.58,-1.99,3,0.711,5.2
ETU02068,L3,Médecine,12.27,15.85,16.05,14.52,1.77,-1.32,3,0.526,11.66
ETU02069,L3,Médecine,13.36,11.4,10.18,10.51,21.95,-0.89,5,0.692,11.09
ETU02070,L3,Médecine,18.01,7.27,8.23,10.53,18.71,3.26,0,0.897,13.11
ETU02071,L1,Ingénierie,10.57,6.15,7.0,9.72,29.38,3.57,0,0.771,8.32
ETU02072,M1,Gestion,13.69,8.9,7.95,7.17,27.92,-1.73,2,0.588,9.12
ETU02073,L2,Informatique,17.99,9.96,8.22,7.91,15.14,-2.05,0,0.616,11.88
ETU02074,L2,Gestion,15.33,11.46,13.51,18.11,23.06,6.65,4,0.924,13.4
ETU02075,M2,Informatique,10.27,6.41,9.24,8.71,10.62,2.29,2,0.716,9.38
ETU02076,M2,Informatique,11.39,18.72,19.27,20.0,13.57,1.28,0,0.548,12.6
ETU02077,L1,Informatique,17.42,8.76,8.42,8.04,2.73,-0.72,0,0.987,13.02
ETU02078,L3,Droit,11.69,11.18,12.95,13.96,3.52,2.78,5,0.627,12.03
ETU02079,L2,Ingénierie,9.28,14.93,15.83,14.83,28.66,-0.09,2,0.898,10.75
ETU02080,M1,Informatique,12.8,9.34,9.23,8.27,34.02,-1.07,2,0.506,9.06
ETU02081,M1,Médecine,8.42,6.15,7.81,7.55,17.12,1.4,1,0.628,8.93
ETU02082,L3,Ingénierie,13.57,10.27,9.26,8.74,4.48,-1.53,4,0.669,12.71
ETU02083,M1,Droit,18.89,12.74,11.9,11.75,3.09,-0.99,4,0.93,13.87
ETU02084,M1,Informatique,18.6,16.78,17.53,18.62,1.59,1.83,2,0.874,15.85
ETU02085,M2,Médecine,13.98,10.15,10.52,13.66,30.76,3.51,5,0.654,12.04
ETU02086,M2,Gestion,17.52,17.45,18.61,18.02,15.48,0.57,2,0.894,14.39
ETU02087,L3,Informatique,16.6,12.65,14.64,13.45,30.81,0.81,5,0.905,11.65
ETU02088,L1,Droit,18.36,15.04,12.92,13.23,12.7,-1.81,5,0.756,13.59
ETU02089,M2,Informatique,17.35,5.42,5.68,4.7,20.58,-0.72,2,0.754,11.27
ETU02090,L3,Gestion,17.7,17.54,20.0,18.44,23.58,0.9,3,0.755,14.76
ETU02091,M2,Médecine,8.98,7.99,7.29,9.19,1.75,1.2,5,0.584,8.91
ETU02092,M1,Informatique,8.05,9.56,8.69,9.11,23.86,-0.45,0,0.906,6.01
ETU02093,L3,Droit,6.57,12.33,9.17,9.74,27.99,-2.59,2,0.857,8.63
ETU02094,M2,Ingénierie,14.57,18.44,18.79,16.2,0.77,-2.24,5,0.925,16.3
ETU02095,M1,Gestion,18.14,9.84,10.91,10.33,2.06,0.49,1,0.908,12.66
ETU02096,M1,Gestion,18.92,8.09,9.15,7.33,18.27,-0.76,2,0.893,13.21
ETU02097,L3,Médecine,17.08,18.45,17.09,17.36,34.0,-1.09,5,0.89,14.39
ETU02098,L2,Médecine,16.8,16.32,16.51,17.01,34.06,0.69,4,0.972,14.44
ETU02099,L2,Droit,12.75,14.29,14.82,15.32,3.84,1.03,2,0.803,12.72
ETU02100,M1,Médecine,11.88,10.73,11.01,10.31,26.63,-0.42,0,0.914,10.15
ETU02101,L2,Médecine,14.32,10.89,9.44,8.46,27.77,-2.42,1,0.901,9.93
ETU02102,M1,Gestion,6.3,18.31,18.63,18.64,30.69,0.33,5,0.635,9.3
ETU02103,M1,Ingénierie,16.33,5.97,4.94,5.78,1.52,-0.19,3,0.783,12.44
ETU02104,L1,Gestion,14.55,15.61,13.0,12.43,34.04,-3.18,5,0.865,10.01
ETU02105,L1,Médecine,8.21,13.42,14.64,13.53,28.76,0.12,0,0.552,10.06
ETU02106,M1,Droit,14.26,18.56,18.97,17.93,21.27,-0.63,2,0.765,14.27
ETU02107,M2,Droit,13.79,12.82,13.91,13.22,2.34,0.4,0,0.501,12.98
ETU02108,L3,Ingénierie,16.24,8.93,8.33,7.95,8.41,-0.98,0,0.62,12.83
ETU02109,M1,Ingénierie,16.89,15.92,17.06,15.71,12.13,-0.21,0,0.743,14.61
ETU02110,L2,Médecine,9.29,18.8,20.0,20.0,30.01,1.2,3,0.653,13.23
ETU02111,L2,Droit,16.59,17.7,20.0,20.0,26.64,2.3,1,0.886,18.05
ETU02112,L2,Gestion,8.37,9.13,10.55,10.41,32.93,1.28,0,0.819,8.53
ETU02113,M2,Médecine,11.12,9.85,10.63,9.07,14.79,-0.78,5,0.634,7.49
ETU02114,M1,Informatique,12.4,15.57,13.7,10.61,32.09,-4.96,2,0.509,10.94
ETU02115,L2,Informatique,16.46,13.37,13.41,16.47,31.35,3.09,3,0.627,13.38
ETU02116,L1,Médecine,17.71,5.16,3.23,5.24,0.65,0.07,3,0.76,11.86
ETU02117,M2,Gestion,6.22,6.99,5.96,6.68,8.37,-0.3,2,0.881,4.69
ETU02118,L2,Droit,15.58,6.2,9.33,11.37,28.0,5.18,0,0.802,12.13
ETU02119,L2,Ingénierie,17.41,7.5,6.17,7.26,23.28,-0.24,2,0.528,10.98
ETU02120,M1,Gestion,18.41,9.27,5.95,6.14,7.8,-3.13,5,0.733,13.04
ETU02121,L1,Droit,9.48,18.54,19.96,18.4,27.35,-0.14,4,0.98,11.62
ETU02122,L2,Médecine,8.25,14.47,13.66,16.82,11.08,2.35,4,0.952,11.97
ETU02123,L3,Médecine,12.49,5.77,7.12,6.76,21.08,1.0,3,0.871,7.54
ETU02124,L1,Ingénierie,17.71,13.5,11.95,11.67,32.71,-1.83,2,0.642,13.2
ETU02125,M2,Gestion,10.1,11.11,10.67,11.03,8.39,-0.08,2,0.511,9.14
ETU02126,M2,Ingénierie,12.57,15.56,17.55,17.93,1.94,2.38,2,0.728,13.28
ETU02127,M2,Gestion,18.94,17.37,15.59,16.75,23.1,-0.62,3,0.687,18.78
ETU02128,L3,Médecine,11.93,5.91,5.86,6.85,25.49,0.94,5,0.838,7.6
ETU02129,L3,Informatique,14.17,18.72,19.36,18.79,10.94,0.07,0,0.535,14.5
ETU02130,L2,Ingénierie,18.94,5.81,4.93,5.27,16.39,-0.54,2,0.962,10.36
ETU02131,L1,Médecine,10.77,15.25,15.82,16.93,17.54,1.68,1,0.868,11.93
ETU02132,L1,Gestion,9.55,17.64,17.87,17.17,28.56,-0.47,5,0.985,11.47
ETU02133,L1,Ingénierie,9.68,15.52,16.53,19.0,24.26,3.47,0,0.933,11.29
ETU02134,L1,Informatique,14.02,7.11,10.07,10.34,9.55,3.23,0,0.715,13.49
ETU02135,M1,Gestion,8.12,7.91,12.12,14.82,9.56,6.91,4,0.831,11.37
ETU02136,M1,Droit,8.14,5.58,6.47,4.68,11.37,-0.89,1,0.923,6.34
ETU02137,M1,Médecine,9.38,6.84,6.87,8.15,5.11,1.32,1,0.602,9.91
ETU02138,L2,Médecine,13.03,5.85,6.72,5.68,4.7,-0.17,3,0.505,9.26
ETU02139,L1,Informatique,16.97,5.75,5.6,4.95,28.61,-0.8,5,0.654,8.9
ETU02140,L1,Ingénierie,12.88,12.87,10.69,12.35,29.11,-0.52,0,0.719,10.45
ETU02141,M2,Informatique,16.17,6.07,6.2,6.16,9.1,0.09,3,0.812,9.55
ETU02142,M2,Ingénierie,18.45,10.95,12.77,16.97,29.76,6.02,2,0.632,15.61
ETU02143,L1,Droit,15.62,14.94,12.94,14.02,19.98,-0.92,1,0.721,12.32
ETU02144,M1,Droit,14.36,5.21,3.94,3.19,24.93,-2.02,3,0.824,10.51
ETU02145,M2,Gestion,6.11,13.94,13.27,14.35,30.82,0.41,5,0.912,9.02
ETU02146,M2,Gestion,11.83,15.6,16.36,16.3,10.79,0.7,1,0.613,12.43
ETU02147,L2,Droit,9.48,12.51,16.28,17.83,23.18,5.31,1,0.9,11.04
ETU02148,M1,Gestion,12.66,11.66,10.64,10.5,10.8,-1.16,0,0.97,13.46
ETU02149,M2,Ingénierie,18.36,15.23,15.57,16.48,31.6,1.25,3,0.705,14.85
ETU02150,M2,Médecine,10.17,12.42,12.62,13.22,10.49,0.81,1,0.776,10.43
ETU02151,M1,Droit,8.09,12.13,11.88,12.3,21.89,0.17,3,0.505,10.45
ETU02152,L2,Médecine,16.74,16.23,16.35,18.22,6.69,1.99,0,0.855,16.25
ETU02153,M1,Informatique,18.88,16.73,16.23,13.82,12.94,-2.9,4,0.936,14.05
ETU02154,L1,Médecine,16.14,10.16,14.47,14.92,12.3,4.76,1,0.51,13.89
ETU02155,L1,Informatique,7.8,10.82,12.14,11.39,26.26,0.57,0,0.922,6.97
ETU02156,L1,Informatique,13.16,16.21,15.73,14.0,10.03,-2.21,0,0.575,13.07
ETU02157,L3,Médecine,11.27,12.63,14.6,13.65,11.46,1.02,4,0.921,11.99
ETU02158,L1,Droit,14.23,14.62,15.2,14.57,0.33,-0.04,5,0.771,14.03
ETU02159,L1,Informatique,14.69,6.05,6.34,6.29,11.05,0.23,2,0.685,9.28
ETU02160,M2,Informatique,16.49,6.34,6.26,7.07,9.53,0.73,0,0.971,10.66
ETU02161,L3,Médecine,9.12,12.45,12.27,13.38,19.06,0.94,4,0.806,10.44
ETU02162,M1,Droit,18.54,16.47,14.84,14.53,14.06,-1.94,0,0.519,16.75
ETU02163,L3,Gestion,8.79,9.43,7.12,9.8,34.32,0.37,1,0.883,8.4
ETU02164,L1,Gestion,7.61,18.45,19.2,18.95,19.11,0.5,5,0.591,10.98
ETU02165,L3,Médecine,16.78,15.64,15.56,12.94,2.55,-2.71,2,0.962,15.65
ETU02166,L1,Ingénierie,12.02,15.94,17.46,17.24,28.33,1.3,4,0.583,12.77
ETU02167,M1,Ingénierie,12.37,16.68,15.54,15.91,1.86,-0.76,2,0.744,13.47
ETU02168,M1,Ingénierie,10.14,8.56,7.12,2.51,29.3,-6.06,1,0.761,8.6
ETU02169,M1,Gestion,6.6,9.62,10.99,13.1,14.19,3.48,1,0.782,8.93
ETU02170,L2,Médecine,8.52,6.66,6.42,6.57,2.16,-0.09,5,0.767,6.94
ETU02171,L3,Gestion,15.9,10.32,11.81,10.38,34.21,0.06,2,0.72,11.75
ETU02172,M1,Informatique,8.92,5.5,5.75,4.61,17.34,-0.89,5,0.856,8.61
ETU02173,L3,Informatique,18.9,15.52,18.54,19.98,29.92,4.46,5,0.578,18.27
ETU02174,M2,Droit,16.22,16.24,17.57,19.2,14.72,2.96,4,0.894,13.71
ETU02175,M1,Gestion,17.03,7.99,8.81,8.13,16.16,0.14,1,0.519,14.07
ETU02176,M1,Informatique,17.35,11.86,13.26,11.53,12.68,-0.33,3,0.921,13.16
ETU02177,M1,Médecine,15.35,14.41,14.2,14.69,12.91,0.29,2,0.875,13.68
ETU02178,L1,Informatique,12.06,15.4,13.13,13.9,27.77,-1.49,3,0.898,13.59
ETU02179,L3,Ingénierie,17.92,18.57,19.31,20.0,1.08,1.43,4,0.648,16.29
ETU02180,M1,Droit,11.54,7.81,10.92,10.38,17.15,2.57,5,0.925,9.85
ETU02181,L3,Gestion,7.25,8.45,5.22,5.34,9.29,-3.12,4,0.846,6.35
ETU02182,L3,Gestion,13.75,16.95,17.86,18.19,19.49,1.23,2,0.984,14.05
ETU02183,M2,Médecine,7.37,6.36,4.26,6.01,7.53,-0.35,5,0.51,7.42
ETU02184,M2,Ingénierie,14.52,16.0,16.17,18.46,12.21,2.46,4,0.895,13.39
ETU02185,L2,Gestion,18.97,6.87,7.19,9.89,18.66,3.02,1,0.812,14.64
ETU02186,L2,Ingénierie,14.78,11.5,12.82,15.08,25.96,3.57,0,0.995,11.97
ETU02187,L1,Ingénierie,8.74,13.29,13.81,16.83,33.11,3.54,2,0.722,11.14
ETU02188,M1,Ingénierie,7.79,15.75,18.01,19.83,8.51,4.08,4,0.64,11.99
ETU02189,L3,Médecine,10.63,6.6,8.55,7.97,16.9,1.37,1,0.94,10.75
ETU02190,L3,Informatique,7.89,16.54,16.44,19.04,12.2,2.51,5,0.663,10.58
ETU02191,M2,Gestion,13.41,16.91,18.75,16.98,21.21,0.08,5,0.851,14.2
ETU02192,L3,Droit,16.18,16.11,15.84,19.69,12.83,3.58,0,0.666,18.23
ETU02193,M1,Médecine,14.56,18.12,17.6,16.43,3.39,-1.69,2,0.973,12.82
ETU02194,L2,Informatique,14.02,17.21,15.6,17.24,21.5,0.02,1,0.763,12.61
ETU02195,M2,Droit,11.66,15.75,17.92,20.0,1.24,4.25,5,0.66,16.26
ETU02196,L1,Médecine,8.25,13.11,12.86,13.85,1.51,0.74,4,0.911,10.34
ETU02197,L3,Informatique,14.29,16.32,12.89,10.11,30.95,-6.21,4,0.531,11.82
ETU02198,M2,Droit,11.45,18.65,19.67,18.55,30.46,-0.11,4,0.547,12.57
ETU02199,M1,Droit,9.97,13.92,13.47,14.31,19.69,0.38,4,0.918,12.87
ETU02200,L1,Droit,14.57,8.4,8.15,9.4,0.63,1.01,4,0.662,9.6
ETU02201,M2,Médecine,10.92,8.47,8.32,8.35,12.01,-0.12,4,0.588,10.98
ETU02202,L2,Informatique,8.19,16.14,15.84,16.25,12.12,0.11,5,0.794,9.3
ETU02203,L3,Médecine,12.29,18.85,20.0,20.0,25.23,1.15,3,0.627,11.97
ETU02204,L3,Informatique,9.76,7.94,10.64,13.6,28.42,5.66,0,0.994,8.64
ETU02205,L2,Médecine,15.54,18.58,19.83,19.56,12.4,0.98,2,0.91,15.4
ETU02206,L2,Gestion,6.61,8.76,9.32,10.8,14.76,2.05,4,0.945,7.32
ETU02207,M2,Droit,17.09,10.78,12.67,15.08,7.86,4.3,5,0.917,13.09
ETU02208,M1,Gestion,12.0,17.71,18.28,16.85,25.48,-0.87,3,0.943,11.77
ETU02209,M2,Ingénierie,6.21,18.47,19.89,20.0,12.22,1.53,1,0.669,10.68
ETU02210,L2,Informatique,7.73,12.94,13.97,14.69,24.69,1.75,1,0.837,8.93
ETU02211,L2,Droit,18.29,18.3,18.69,18.61,24.74,0.31,5,0.953,16.11
ETU02212,L3,Ingénierie,12.98,16.79,18.4,20.0,5.47,3.21,1,0.843,13.78
ETU02213,M1,Gestion,15.99,17.13,16.7,16.0,30.99,-1.13,0,0.999,11.0
ETU02214,L1,Informatique,17.48,17.16,17.44,17.83,28.86,0.67,3,0.933,15.08
ETU02215,L2,Gestion,10.16,10.41,9.14,8.88,20.41,-1.53,3,0.535,10.2
ETU02216,L3,Gestion,13.11,5.43,4.33,8.12,3.02,2.69,3,0.751,9.71
ETU02217,L1,Informatique,14.45,7.31,3.71,3.02,5.85,-4.29,2,0.638,8.19
ETU02218,L3,Ingénierie,16.94,6.04,6.93,8.34,3.23,2.3,3,0.938,12.93
ETU02219,L1,Ingénierie,11.46,8.39,9.69,12.69,16.23,4.29,2,0.969,9.01
ETU02220,M2,Ingénierie,18.37,5.77,7.6,6.52,9.29,0.75,2,0.783,11.87
ETU02221,L3,Droit,13.89,8.88,7.42,7.87,29.08,-1.01,1,0.529,10.22
ETU02222,L1,Gestion,17.36,13.25,14.11,12.93,15.26,-0.32,4,0.673,15.2
ETU02223,L3,Ingénierie,7.08,6.97,7.17,4.45,15.82,-2.52,3,0.594,7.59
ETU02224,L2,Ingénierie,12.02,9.42,10.73,9.85,32.27,0.43,1,0.765,10.43
ETU02225,L3,Médecine,8.33,8.14,7.36,6.81,20.22,-1.33,3,0.992,8.92
ETU02226,L2,Informatique,17.85,6.33,6.03,5.56,13.56,-0.77,1,0.672,10.25
ETU02227,L3,Ingénierie,9.05,14.47,12.34,12.19,34.42,-2.28,4,0.867,11.47
ETU02228,L1,Médecine,15.27,17.5,16.63,16.94,16.19,-0.57,3,0.916,10.66
ETU02229,L2,Médecine,6.82,15.02,15.23,13.73,20.29,-1.29,3,0.915,11.49
ETU02230,L2,Ingénierie,8.61,14.58,15.04,15.87,13.37,1.29,3,0.575,10.06
ETU02231,M1,Gestion,10.16,18.76,16.43,18.55,23.42,-0.21,5,0.619,12.66
ETU02232,M2,Droit,16.16,15.24,14.67,16.97,27.15,1.73,4,0.612,15.7
ETU02233,M2,Gestion,9.27,5.66,6.1,6.01,22.0,0.35,1,0.649,8.5
ETU02234,L2,Informatique,16.62,8.06,10.37,12.01,8.69,3.95,2,0.523,13.44
ETU02235,L2,Droit,16.25,13.92,12.86,12.14,32.98,-1.79,3,0.77,13.76
ETU02236,L2,Droit,18.9,13.95,14.88,14.67,17.91,0.72,4,0.87,13.15
ETU02237,L3,Gestion,14.8,16.66,16.01,16.91,28.91,0.26,0,0.63,12.22
ETU02238,M2,Médecine,14.29,7.22,6.76,6.55,0.31,-0.67,5,0.82,10.94
ETU02239,L2,Gestion,13.82,18.74,17.62,16.02,18.12,-2.71,1,0.773,13.59
ETU02240,M1,Ingénierie,7.43,12.23,10.86,12.41,32.75,0.18,2,0.55,8.41
ETU02241,L2,Médecine,12.67,17.89,17.37,16.43,24.09,-1.46,1,0.62,14.64
ETU02242,L2,Gestion,17.07,12.41,14.18,13.7,4.0,1.29,3,0.621,15.66
ETU02243,L3,Médecine,6.27,7.62,6.68,8.57,24.85,0.95,1,0.744,6.03
ETU02244,M1,Gestion,7.65,9.91,8.75,9.85,0.53,-0.06,5,0.814,9.34
ETU02245,M2,Droit,13.81,8.1,8.61,9.17,12.9,1.08,1,0.651,9.15
ETU02246,M1,Médecine,17.01,8.7,8.91,7.0,8.28,-1.7,1,0.564,10.28
ETU02247,M1,Gestion,10.0,17.47,17.56,16.12,8.82,-1.35,0,0.635,11.42
ETU02248,M2,Gestion,17.33,10.28,10.86,11.76,1.45,1.48,4,0.52,13.47
ETU02249,M1,Informatique,10.39,7.56,6.24,7.49,21.6,-0.07,5,0.874,7.68
ETU02250,L1,Gestion,12.05,10.1,8.96,9.63,25.97,-0.47,3,0.85,10.56
ETU02251,L1,Médecine,18.39,13.64,15.32,14.91,10.21,1.27,5,0.835,14.94
ETU02252,L3,Informatique,11.43,7.81,7.79,7.33,20.54,-0.48,2,0.809,10.62
ETU02253,L1,Ingénierie,13.79,5.71,6.81,7.43,17.41,1.72,4,0.649,10.68
ETU02254,M1,Gestion,18.16,17.21,19.25,17.67,34.76,0.46,5,0.558,14.06
ETU02255,M1,Gestion,9.44,8.35,9.82,10.26,28.43,1.91,4,0.8,9.98
ETU02256,M2,Droit,7.2,18.11,16.25,14.47,33.11,-3.64,0,0.866,9.14
ETU02257,L1,Médecine,18.45,5.66,5.69,4.41,28.85,-1.25,5,0.905,11.39
ETU02258,M1,Médecine,13.28,14.11,15.87,16.44,23.02,2.33,0,0.863,12.51
ETU02259,M2,Médecine,18.56,14.31,15.3,16.47,2.49,2.16,0,0.829,17.47
ETU02260,L1,Informatique,17.27,7.18,7.66,8.47,30.03,1.29,1,0.912,12.54
ETU02261,M1,Ingénierie,13.73,14.31,12.05,10.68,26.64,-3.63,4,0.881,10.62
ETU02262,M2,Droit,12.13,10.43,9.7,7.2,9.88,-3.23,5,0.972,9.62
ETU02263,L1,Ingénierie,12.24,10.34,10.65,10.94,9.43,0.59,3,0.503,14.97
ETU02264,L3,Médecine,8.16,17.28,15.35,12.8,18.35,-4.49,2,0.573,8.92
ETU02265,L1,Informatique,11.9,18.33,19.72,20.0,9.91,1.67,2,0.79,13.28
ETU02266,L3,Droit,16.68,7.38,7.41,6.08,33.97,-1.3,4,0.701,9.87
ETU02267,M2,Ingénierie,18.85,14.58,11.81,15.46,6.77,0.88,1,0.67,13.84
ETU02268,L2,Médecine,18.48,7.17,6.52,5.37,5.37,-1.79,1,0.873,10.96
ETU02269,M1,Médecine,18.51,5.49,5.26,6.25,1.52,0.76,1,0.768,12.12
ETU02270,M2,Ingénierie,6.25,7.09,7.1,6.29,19.34,-0.8,2,0.763,7.41
ETU02271,L1,Droit,12.71,13.89,16.21,16.26,25.91,2.38,4,0.525,10.61
ETU02272,L3,Gestion,8.6,15.17,16.24,16.81,20.52,1.64,3,0.731,10.6
ETU02273,L2,Informatique,14.0,12.1,10.25,11.84,7.29,-0.26,0,0.804,11.28
ETU02274,M2,Ingénierie,18.3,18.32,16.29,18.12,32.32,-0.2,1,0.64,14.07
ETU02275,M1,Médecine,17.4,15.7,15.5,16.89,13.28,1.19,0,0.619,16.44
ETU02276,L3,Ingénierie,17.27,7.26,7.65,9.51,4.93,2.25,2,0.775,11.63
ETU02277,M1,Médecine,10.75,7.91,9.6,8.98,6.69,1.06,3,0.956,8.23
ETU02278,L1,Gestion,12.52,13.35,16.14,17.41,15.34,4.07,1,0.558,14.16
ETU02279,L3,Informatique,9.67,9.67,12.54,12.33,19.05,2.66,0,0.655,11.79
ETU02280,M1,Ingénierie,13.2,5.01,4.55,6.33,21.05,1.32,0,0.529,9.68
ETU02281,M2,Ingénierie,9.94,5.34,6.94,7.42,2.56,2.08,4,0.663,7.72
ETU02282,L1,Droit,16.51,10.71,11.55,12.78,30.36,2.07,2,0.847,12.4
ETU02283,M2,Gestion,12.04,12.33,10.89,11.63,11.78,-0.7,5,0.659,10.26
ETU02284,L2,Ingénierie,15.11,14.15,11.51,12.96,9.08,-1.19,3,0.699,12.9
ETU02285,M2,Ingénierie,17.34,15.68,16.1,15.19,24.06,-0.5,1,0.968,15.47
ETU02286,M2,Médecine,9.9,18.56,16.52,14.46,21.47,-4.1,0,0.674,11.68
ETU02287,M1,Droit,14.09,16.74,15.67,17.45,34.75,0.71,4,0.77,13.16
ETU02288,M2,Ingénierie,17.0,9.98,9.16,11.47,14.36,1.49,2,0.967,12.23
ETU02289,L3,Ingénierie,18.36,12.49,13.01,13.14,6.41,0.65,3,0.754,15.31
ETU02290,M1,Gestion,8.12,8.02,10.14,11.66,34.05,3.64,2,0.585,9.01
ETU02291,M2,Gestion,14.86,18.56,18.78,16.64,16.87,-1.92,0,0.572,12.39
ETU02292,L2,Médecine,11.66,12.5,11.89,11.26,23.15,-1.24,5,0.949,8.47
ETU02293,M1,Informatique,9.71,8.5,5.59,6.02,1.48,-2.48,0,0.943,8.4
ETU02294,M1,Informatique,8.05,15.14,16.02,13.72,11.76,-1.42,3,0.626,11.81
ETU02295,L3,Droit,13.61,11.83,12.07,10.08,34.55,-1.75,0,0.812,12.55
ETU02296,L3,Ingénierie,10.34,18.95,18.33,18.87,33.75,-0.09,5,0.583,13.18
ETU02297,M1,Ingénierie,14.68,6.05,8.0,7.39,34.45,1.34,1,0.616,10.04
ETU02298,L3,Informatique,9.65,9.7,8.11,7.89,28.84,-1.81,3,0.96,10.24
ETU02299,L3,Gestion,6.01,18.19,17.36,17.05,17.52,-1.14,0,0.701,9.87
ETU02300,L3,Gestion,15.97,11.46,11.29,9.66,20.02,-1.79,4,0.604,11.74
ETU02301,L3,Ingénierie,8.1,9.37,8.72,8.7,2.62,-0.67,1,0.762,7.23
ETU02302,L3,Ingénierie,9.28,13.47,14.49,14.77,27.76,1.31,0,0.926,10.36
ETU02303,L3,Ingénierie,9.06,14.3,15.2,14.62,26.22,0.32,1,0.916,9.74
ETU02304,L2,Droit,10.45,6.3,8.08,7.62,24.79,1.32,3,0.831,10.53
ETU02305,L1,Informatique,12.31,8.63,9.58,9.58,13.39,0.95,1,0.907,12.21
ETU02306,L3,Médecine,16.56,9.33,9.35,10.88,9.3,1.56,2,0.89,12.77
ETU02307,L3,Ingénierie,14.45,8.44,8.13,8.29,28.35,-0.15,0,0.982,11.25
ETU02308,L1,Gestion,7.9,10.36,11.24,8.65,34.11,-1.71,4,0.828,7.36
ETU02309,L3,Gestion,8.39,9.69,9.6,8.11,14.82,-1.58,2,0.799,5.61
ETU02310,M2,Droit,17.01,15.24,15.51,17.21,1.94,1.97,5,0.953,14.24
ETU02311,L2,Gestion,9.25,13.39,14.35,13.62,31.53,0.24,2,0.681,11.19
ETU02312,M2,Ingénierie,8.84,11.01,11.42,11.58,24.13,0.58,4,0.746,9.89
ETU02313,L3,Droit,6.05,7.8,8.46,11.65,23.5,3.85,1,0.93,7.38
ETU02314,L2,Ingénierie,16.06,10.89,9.9,11.15,33.05,0.26,0,0.989,12.99
ETU02315,M2,Médecine,15.6,7.53,9.75,6.83,23.47,-0.7,3,0.711,10.45
ETU02316,M2,Droit,10.52,18.33,16.87,19.34,21.61,1.01,3,0.795,11.32
ETU02317,M2,Droit,6.1,7.43,8.29,8.82,24.85,1.38,5,0.919,7.93
ETU02318,M1,Médecine,16.21,17.02,16.49,17.35,16.94,0.33,4,0.759,13.95
ETU02319,M1,Gestion,7.29,13.62,15.44,16.2,10.04,2.58,3,0.702,11.9
ETU02320,M2,Droit,11.99,16.35,17.88,19.55,8.81,3.2,0,0.532,11.52
ETU02321,M2,Ingénierie,16.92,17.44,17.64,17.82,25.42,0.38,4,0.606,14.29
ETU02322,M2,Ingénierie,9.18,16.26,18.79,16.87,8.49,0.61,1,0.666,13.02
ETU02323,M2,Informatique,10.94,13.25,13.17,13.95,32.59,0.7,4,0.701,11.35
ETU02324,L2,Médecine,14.59,8.74,10.26,8.49,14.1,-0.25,4,0.888,10.98
ETU02325,M2,Ingénierie,14.75,14.24,13.35,16.38,22.17,2.14,4,0.583,13.54
ETU02326,M2,Droit,12.02,5.07,5.88,5.63,1.5,0.56,1,0.536,9.63
ETU02327,M2,Gestion,11.64,10.28,9.09,9.31,15.71,-0.98,2,0.794,8.39
ETU02328,L1,Droit,11.45,17.01,17.24,16.53,13.98,-0.48,0,0.504,12.52
ETU02329,L1,Ingénierie,12.32,13.13,13.25,14.06,26.41,0.93,2,0.965,11.94
ETU02330,M2,Informatique,10.51,8.65,10.17,11.15,1.94,2.5,5,0.628,10.91
ETU02331,M1,Gestion,9.33,17.49,16.68,15.97,14.08,-1.52,1,0.917,11.78
ETU02332,L3,Ingénierie,10.11,5.21,10.02,11.0,30.03,5.79,5,0.69,8.38
ETU02333,M1,Médecine,12.21,17.36,15.49,15.89,23.4,-1.47,0,0.999,11.09
ETU02334,M1,Gestion,10.97,15.63,16.18,16.34,27.21,0.71,2,0.751,12.89
ETU02335,L1,Médecine,13.61,7.05,7.68,6.85,26.71,-0.2,2,0.981,10.65
ETU02336,L2,Informatique,14.2,5.88,6.89,10.66,23.17,4.78,5,0.734,11.75
ETU02337,L3,Médecine,18.95,18.32,17.74,19.82,13.7,1.5,3,0.857,15.37
ETU02338,L1,Droit,14.0,5.94,6.5,7.89,13.98,1.96,5,0.532,10.36
ETU02339,M2,Ingénierie,15.55,18.63,17.99,19.98,1.79,1.34,5,0.722,14.72
ETU02340,L1,Médecine,7.27,10.89,13.9,14.65,6.82,3.76,3,0.635,10.18
ETU02341,L3,Informatique,15.89,9.95,9.2,8.97,19.53,-0.98,4,0.897,15.15
ETU02342,L1,Médecine,12.62,14.1,14.08,10.41,31.33,-3.69,4,0.766,12.11
ETU02343,L1,Médecine,17.27,11.94,11.15,9.62,21.43,-2.32,3,0.82,11.81
ETU02344,L3,Gestion,18.62,10.46,9.46,13.01,13.55,2.55,5,0.627,13.42
ETU02345,M1,Droit,8.99,13.96,12.06,14.1,29.12,0.14,2,0.558,9.67
ETU02346,L2,Gestion,18.07,9.9,11.11,11.71,15.71,1.81,4,0.84,13.56
ETU02347,L3,Médecine,14.73,5.48,4.67,2.61,9.1,-2.88,2,0.721,7.82
ETU02348,M2,Gestion,15.61,16.54,15.55,16.8,2.8,0.26,2,0.709,15.12
ETU02349,L2,Droit,12.14,12.2,10.96,10.84,29.0,-1.36,2,0.982,8.07
ETU02350,M2,Médecine,10.61,14.61,15.27,16.62,21.56,2.0,1,0.559,9.94
ETU02351,M2,Informatique,16.4,13.05,13.28,11.92,20.33,-1.14,4,0.822,15.46
ETU02352,L3,Ingénierie,6.29,13.6,13.84,13.4,25.22,-0.2,2,0.53,8.72
ETU02353,M1,Informatique,13.03,8.07,7.12,8.75,21.18,0.69,4,0.842,11.72
ETU02354,M2,Ingénierie,6.96,18.09,18.94,20.0,12.27,1.91,1,0.78,10.98
ETU02355,M1,Médecine,9.31,11.27,10.47,9.79,21.62,-1.48,4,0.863,6.69
ETU02356,L3,Droit,15.43,17.88,18.19,16.99,4.9,-0.89,0,0.875,13.88
ETU02357,M2,Droit,15.81,16.3,16.29,18.12,10.37,1.82,3,0.566,18.07
ETU02358,M2,Gestion,17.56,15.08,12.75,11.16,18.81,-3.92,2,0.637,11.94
ETU02359,L2,Médecine,15.3,11.44,14.68,13.2,2.42,1.76,0,0.626,15.81
ETU02360,M1,Gestion,14.77,5.32,6.38,7.08,28.76,1.76,1,0.804,10.55
ETU02361,L2,Droit,18.29,9.41,9.88,13.31,1.56,3.9,0,0.629,14.42
ETU02362,M1,Ingénierie,12.99,14.31,15.02,14.04,13.03,-0.27,0,0.758,11.85
ETU02363,L1,Médecine,14.5,9.63,12.91,12.65,15.9,3.02,4,0.721,11.2
ETU02364,L2,Médecine,17.28,6.39,8.29,8.76,23.82,2.37,5,0.793,12.38
ETU02365,M1,Droit,15.93,12.25,12.97,12.56,5.42,0.31,4,0.676,14.92
ETU02366,M1,Informatique,16.01,7.16,6.3,3.95,28.75,-3.21,0,0.962,10.49
ETU02367,L3,Informatique,12.98,9.29,8.66,10.16,14.91,0.88,3,0.983,11.64
ETU02368,M1,Informatique,12.86,12.03,9.52,10.1,8.79,-1.93,3,0.675,10.63
ETU02369,L3,Gestion,14.43,6.63,6.28,7.13,3.44,0.5,2,0.957,13.38
ETU02370,L1,Droit,15.11,6.58,7.77,7.86,32.39,1.28,3,0.897,10.72
ETU02371,M2,Gestion,13.1,7.94,9.09,11.66,14.12,3.72,1,0.613,13.62
ETU02372,L1,Droit,8.41,13.29,14.41,13.95,13.35,0.67,5,0.781,9.21
ETU02373,M2,Ingénierie,9.23,18.06,17.49,16.18,6.31,-1.89,1,0.689,12.17
ETU02374,M2,Ingénierie,12.41,8.35,9.37,12.17,17.72,3.82,1,0.9,12.22
ETU02375,L1,Médecine,8.65,15.08,16.51,13.52,11.2,-1.56,4,0.947,11.05
ETU02376,M2,Informatique,11.51,7.65,4.51,4.58,5.81,-3.07,1,0.811,9.54
ETU02377,M1,Médecine,7.91,13.9,14.55,14.74,26.35,0.84,5,0.815,8.79
ETU02378,M1,Ingénierie,7.9,6.93,10.25,10.38,31.44,3.45,3,0.861,7.72
ETU02379,L2,Médecine,16.96,16.84,16.6,14.57,12.33,-2.26,5,0.748,13.53
ETU02380,L1,Ingénierie,13.05,15.4,11.81,10.33,10.03,-5.06,3,0.735,11.6
ETU02381,L1,Informatique,16.15,14.53,13.51,15.25,13.07,0.72,5,0.782,13.6
ETU02382,L3,Gestion,6.15,5.21,2.68,5.06,32.37,-0.14,4,0.909,4.78
ETU02383,M1,Droit,9.71,16.71,15.96,15.63,20.43,-1.08,4,0.824,12.22
ETU02384,L1,Informatique,6.23,7.11,5.48,4.38,5.81,-2.73,1,0.572,5.48
ETU02385,L2,Gestion,6.04,12.47,14.07,11.69,22.14,-0.78,4,0.57,6.1
ETU02386,M2,Gestion,6.42,15.87,17.24,18.95,14.04,3.08,1,0.708,10.46
ETU02387,L3,Gestion,12.78,13.84,14.56,16.36,0.61,2.51,4,0.83,15.71
ETU02388,L1,Médecine,7.18,16.47,18.51,14.59,33.95,-1.88,0,0.696,10.94
ETU02389,M2,Médecine,16.38,14.92,14.28,10.94,4.02,-3.98,0,0.691,12.82
ETU02390,L2,Informatique,12.71,15.59,15.9,16.4,14.47,0.82,4,0.948,13.49
ETU02391,L1,Médecine,9.19,9.18,12.67,13.37,23.02,4.19,0,0.934,9.99
ETU02392,L3,Ingénierie,16.9,10.31,11.39,10.97,20.51,0.66,1,0.738,13.35
ETU02393,L1,Informatique,12.63,12.02,13.09,13.35,0.15,1.32,2,0.859,13.43
ETU02394,M1,Médecine,10.56,13.21,12.25,12.18,21.28,-1.02,1,0.726,10.93
ETU02395,M1,Médecine,13.38,14.68,14.26,14.6,25.45,-0.09,4,0.802,12.48
ETU02396,M2,Médecine,14.74,12.78,11.47,10.42,29.73,-2.36,3,0.637,13.42
ETU02397,L2,Ingénierie,13.26,14.95,17.67,17.95,6.44,3.0,3,0.749,14.59
ETU02398,L3,Médecine,18.13,7.11,4.97,4.26,1.29,-2.85,1,0.821,12.04
ETU02399,M1,Gestion,10.6,10.53,12.1,11.26,33.05,0.73,0,0.721,10.12
ETU02400,L1,Informatique,11.33,17.79,18.86,16.36,23.82,-1.43,0,0.88,12.14
ETU02401,L2,Ingénierie,17.17,8.04,5.83,5.87,15.92,-2.17,1,0.634,9.92
ETU02402,L1,Médecine,14.29,7.01,8.92,10.43,25.38,3.42,1,0.506,11.85
ETU02403,M1,Droit,18.56,15.43,15.24,15.05,5.5,-0.38,3,0.957,16.95
ETU02404,M1,Droit,16.3,7.72,5.94,5.71,33.54,-2.01,5,0.681,10.76
ETU02405,L1,Droit,12.67,11.41,12.15,14.34,22.9,2.93,1,0.626,12.48
ETU02406,L1,Informatique,14.25,14.97,13.93,15.77,30.69,0.8,3,0.738,11.73
ETU02407,L3,Gestion,11.28,11.79,11.68,14.58,19.48,2.79,5,0.625,10.37
ETU02408,M1,Gestion,7.66,17.62,17.06,20.0,28.03,2.38,2,0.867,9.92
ETU02409,M1,Médecine,11.29,17.29,16.18,16.56,11.47,-0.73,1,0.653,12.5
ETU02410,L3,Droit,9.66,12.04,10.46,9.02,4.66,-3.02,2,0.996,11.08
ETU02411,M2,Droit,14.82,18.45,19.85,19.37,12.38,0.91,0,0.638,14.49
ETU02412,L3,Droit,14.7,9.08,9.77,10.93,31.39,1.85,5,0.681,11.03
ETU02413,L3,Ingénierie,18.19,8.27,8.87,11.33,24.43,3.05,5,0.769,13.55
ETU02414,L2,Informatique,7.03,14.38,14.04,12.76,15.97,-1.62,0,0.502,11.27
ETU02415,M1,Informatique,12.08,13.02,13.3,13.98,8.23,0.96,1,0.502,10.18
ETU02416,M2,Droit,11.18,8.52,7.61,6.72,20.93,-1.79,0,0.617,8.63
ETU02417,L2,Ingénierie,12.86,10.2,9.27,9.35,20.75,-0.85,5,0.541,9.5
ETU02418,M1,Ingénierie,7.55,8.26,11.03,11.09,18.58,2.82,5,0.88,7.58
ETU02419,L3,Gestion,12.39,8.32,9.84,10.72,25.82,2.4,2,0.936,9.96
ETU02420,L3,Gestion,14.54,10.15,9.5,12.85,8.5,2.71,3,0.707,9.9
ETU02421,L3,Ingénierie,10.08,17.94,15.89,16.91,17.88,-1.03,3,0.758,11.6
ETU02422,L3,Informatique,14.46,16.69,14.34,13.99,10.79,-2.7,5,0.806,13.23
ETU02423,M1,Gestion,9.45,12.17,11.42,10.83,7.2,-1.34,4,0.547,8.81
ETU02424,L2,Droit,10.8,11.69,12.05,12.06,11.65,0.38,4,0.735,10.19
ETU02425,L1,Gestion,17.79,5.44,5.82,4.81,28.1,-0.63,2,0.98,10.92
ETU02426,L2,Droit,6.33,11.47,11.89,12.4,3.99,0.93,4,0.604,9.29
ETU02427,L3,Ingénierie,9.55,13.73,14.43,11.12,9.64,-2.62,3,0.542,8.64
ETU02428,M2,Ingénierie,18.16,15.9,14.54,14.53,18.66,-1.37,3,0.64,15.54
ETU02429,M1,Gestion,7.91,9.98,12.45,12.55,14.03,2.56,1,0.774,10.56
ETU02430,L3,Droit,11.17,17.87,17.78,16.33,28.97,-1.54,0,0.934,11.58
ETU02431,M2,Ingénierie,11.9,16.76,17.4,17.13,27.27,0.37,3,0.677,14.69
ETU02432,L1,Gestion,14.48,6.15,5.37,7.35,23.73,1.2,5,0.672,10.45
ETU02433,M1,Droit,13.95,17.64,18.31,20.0,9.89,2.36,5,0.672,14.99
ETU02434,M2,Gestion,14.15,8.12,11.44,10.94,0.74,2.82,3,0.92,12.89
ETU02435,M1,Médecine,18.23,17.93,16.64,17.73,10.99,-0.2,5,0.735,14.55
ETU02436,L3,Informatique,11.11,13.83,12.36,10.41,21.03,-3.42,0,0.666,10.3
ETU02437,L3,Gestion,12.37,10.77,9.67,9.53,3.55,-1.24,4,0.588,11.61
ETU02438,L1,Médecine,18.53,11.11,10.81,11.46,28.83,0.35,1,0.563,12.43
ETU02439,L1,Médecine,7.67,12.88,12.3,14.89,34.53,2.01,2,0.987,9.07
ETU02440,L1,Gestion,18.33,16.81,15.45,17.54,25.81,0.73,2,0.743,16.04
ETU02441,M2,Gestion,18.33,16.72,16.84,17.46,14.51,0.74,1,0.536,16.24
ETU02442,L2,Médecine,18.4,10.81,13.35,12.28,27.9,1.47,1,0.953,13.82
ETU02443,M2,Ingénierie,6.87,16.89,16.86,19.2,9.54,2.31,3,0.977,11.49
ETU02444,M1,Droit,13.51,11.61,11.66,11.45,33.39,-0.16,0,0.619,11.12
ETU02445,M1,Médecine,16.9,10.85,11.56,12.53,12.83,1.69,1,0.658,14.47
ETU02446,M2,Médecine,10.08,8.41,9.58,9.69,24.15,1.29,1,0.98,11.85
ETU02447,L3,Ingénierie,13.68,16.59,18.85,20.0,0.66,3.41,0,0.508,15.43
ETU02448,L1,Gestion,9.33,13.68,14.24,13.63,22.08,-0.06,5,0.662,11.98
ETU02449,M2,Droit,7.68,11.04,11.23,12.91,10.36,1.87,2,0.715,9.11
ETU02450,L2,Informatique,17.08,14.27,12.99,13.16,3.57,-1.12,3,0.885,13.35
ETU02451,L1,Gestion,18.76,17.05,18.36,19.52,15.17,2.46,3,0.684,15.54
ETU02452,L2,Droit,6.91,7.77,6.7,9.43,3.7,1.66,1,0.669,7.1
ETU02453,M2,Ingénierie,7.58,10.49,9.38,6.67,6.48,-3.82,1,0.865,8.03
ETU02454,L3,Gestion,13.65,10.32,10.81,11.02,31.33,0.69,0,0.925,12.26
ETU02455,L3,Informatique,7.12,6.06,8.58,7.54,2.22,1.47,4,0.547,9.14
ETU02456,M1,Droit,14.21,9.68,10.97,11.94,21.87,2.26,4,0.571,11.0
ETU02457,L3,Droit,15.35,15.67,15.81,17.15,2.11,1.48,3,0.83,14.24
ETU02458,L1,Médecine,11.39,8.55,7.27,6.87,25.13,-1.68,4,0.657,8.91
ETU02459,L1,Informatique,15.83,16.35,18.84,18.35,34.23,2.0,4,0.834,14.71
ETU02460,M2,Ingénierie,7.48,18.37,18.49,19.09,15.03,0.72,0,0.587,12.65
ETU02461,L2,Médecine,9.92,8.14,7.9,6.29,33.89,-1.85,4,0.902,7.5
ETU02462,L2,Droit,16.5,10.74,11.77,12.57,22.45,1.83,5,0.661,12.53
ETU02463,L1,Ingénierie,7.15,6.84,6.37,5.44,20.84,-1.4,4,0.668,8.42
ETU02464,M1,Gestion,9.71,14.69,13.76,15.16,5.99,0.47,1,0.589,11.26
ETU02465,L3,Droit,14.08,11.75,10.97,9.29,33.33,-2.46,3,0.606,10.23
ETU02466,M1,Gestion,9.22,13.24,12.45,11.9,30.15,-1.34,1,0.799,9.73
ETU02467,L1,Gestion,12.25,15.9,14.41,13.58,4.61,-2.32,0,0.791,12.73
ETU02468,L3,Ingénierie,16.88,15.87,14.21,14.06,1.0,-1.81,1,0.912,12.84
ETU02469,L3,Ingénierie,9.51,12.22,13.88,16.25,12.57,4.02,2,0.815,10.79
ETU02470,M2,Gestion,11.67,17.35,18.56,20.0,5.58,2.65,5,0.714,14.3
ETU02471,M1,Gestion,6.24,18.05,17.01,16.59,11.77,-1.45,2,0.902,13.16
ETU02472,M1,Informatique,15.21,13.83,15.36,14.94,33.55,1.11,5,0.508,12.31
ETU02473,M1,Informatique,10.62,5.54,6.2,7.83,30.17,2.29,5,0.851,9.16
ETU02474,M1,Ingénierie,17.18,15.86,15.58,14.13,15.4,-1.73,3,0.772,14.65
ETU02475,L2,Informatique,7.15,17.49,15.85,16.18,9.65,-1.31,2,0.61,12.35
ETU02476,L3,Informatique,16.17,12.79,13.51,12.9,20.22,0.1,2,0.819,12.53
ETU02477,M2,Ingénierie,16.58,14.81,17.8,17.85,32.81,3.04,4,0.993,15.8
ETU02478,M1,Médecine,16.09,9.98,10.21,11.72,27.67,1.74,1,0.673,13.98
ETU02479,M2,Médecine,15.55,12.03,13.73,13.02,30.37,0.99,2,0.819,14.45
ETU02480,L1,Informatique,9.09,16.17,16.06,17.82,26.64,1.64,2,0.72,13.22
ETU02481,M2,Informatique,11.42,17.26,18.85,20.0,17.63,2.74,1,0.696,13.83
ETU02482,M1,Médecine,11.02,6.61,6.59,7.79,4.95,1.18,1,0.654,10.21
ETU02483,L1,Droit,9.13,5.24,1.83,2.01,28.65,-3.23,0,0.614,5.87
ETU02484,M2,Informatique,12.39,10.23,9.35,11.38,22.78,1.15,5,0.618,7.84
ETU02485,M2,Droit,15.07,10.47,10.87,9.51,27.04,-0.96,5,0.887,11.67
ETU02486,M1,Ingénierie,12.22,15.83,17.65,20.0,25.69,4.17,4,0.662,13.1
ETU02487,M2,Ingénierie,18.67,5.12,5.09,4.26,8.61,-0.86,4,0.765,12.68
ETU02488,M2,Informatique,15.21,15.7,15.94,19.49,10.0,3.8,2,0.607,15.87
ETU02489,L3,Informatique,11.76,12.51,11.83,11.05,29.97,-1.46,3,0.606,9.24
ETU02490,M2,Gestion,11.25,14.77,17.31,18.6,14.25,3.83,5,0.794,15.62
ETU02491,L3,Médecine,13.59,12.13,14.58,12.54,6.22,0.41,0,0.791,13.22
ETU02492,L1,Médecine,11.61,16.07,15.26,15.24,22.49,-0.83,1,0.753,10.64
ETU02493,L1,Droit,8.89,11.12,9.04,7.72,10.44,-3.39,4,0.847,7.45
ETU02494,M1,Droit,12.77,9.84,7.33,5.47,22.49,-4.37,0,0.819,7.03
ETU02495,L1,Droit,14.75,13.91,15.02,17.12,20.65,3.21,4,0.6,14.47
ETU02496,M2,Droit,10.66,11.22,11.63,10.08,23.21,-1.14,2,0.528,9.41
ETU02497,M2,Informatique,9.68,9.25,8.28,7.47,34.77,-1.78,4,0.635,7.17
ETU02498,L1,Droit,8.83,17.79,18.4,17.42,9.71,-0.37,5,0.716,11.25
ETU02499,L1,Ingénierie,10.72,15.13,13.48,15.49,34.15,0.36,3,0.604,10.75
ETU02500,L1,Droit,9.18,7.76,9.15,10.97,26.72,3.22,0,0.741,9.78
ETU02501,M1,Droit,15.92,15.36,14.99,17.19,29.94,1.83,3,0.518,11.95
ETU02502,L2,Ingénierie,14.3,8.53,7.11,6.23,28.09,-2.3,0,0.739,8.87
ETU02503,M1,Informatique,9.73,11.04,10.69,13.01,0.8,1.97,5,0.676,11.11
ETU02504,M2,Médecine,18.89,8.04,7.64,6.75,17.63,-1.29,2,0.98,11.69
ETU02505,M1,Gestion,14.39,6.59,7.33,6.5,3.7,-0.08,5,0.938,11.28
ETU02506,M2,Droit,7.85,10.59,12.54,11.79,23.57,1.2,5,0.976,8.46
ETU02507,L3,Informatique,16.78,12.77,14.64,13.95,2.09,1.18,1,0.829,16.35
ETU02508,M2,Gestion,15.8,9.23,9.67,9.83,1.16,0.6,2,0.986,12.71
ETU02509,M1,Droit,12.5,6.05,5.97,5.01,31.74,-1.04,5,0.595,9.95
ETU02510,L3,Droit,9.04,8.49,7.84,8.49,32.1,-0.01,4,0.766,8.69
ETU02511,L2,Gestion,16.54,8.44,5.99,2.37,21.83,-6.07,3,0.872,10.96
ETU02512,M1,Ingénierie,7.62,13.27,13.44,14.08,16.1,0.81,5,0.741,8.96
ETU02513,M1,Gestion,11.43,8.95,7.87,6.54,29.0,-2.41,1,0.607,10.43
ETU02514,L1,Gestion,16.63,12.47,14.5,13.8,33.75,1.32,4,0.827,13.46
ETU02515,L2,Droit,16.42,11.58,11.48,10.82,1.9,-0.77,2,0.986,12.09
ETU02516,M2,Gestion,14.19,8.73,10.05,11.76,3.62,3.04,0,0.762,9.67
ETU02517,L1,Gestion,6.1,15.38,14.85,15.91,31.68,0.53,2,0.624,9.73
ETU02518,M2,Informatique,10.33,14.35,13.53,13.58,3.48,-0.76,0,0.52,13.47
ETU02519,L1,Droit,17.09,14.52,15.63,14.86,25.0,0.33,5,0.552,12.96
ETU02520,L3,Médecine,15.38,11.07,11.69,13.16,19.37,2.09,1,0.889,11.62
ETU02521,L2,Droit,16.54,9.43,10.12,13.11,18.26,3.68,5,0.743,12.36
ETU02522,L1,Médecine,6.82,13.27,13.33,13.59,3.42,0.32,4,0.604,11.18
ETU02523,L2,Médecine,18.23,18.43,19.81,17.71,25.5,-0.71,2,0.93,13.74
ETU02524,M2,Médecine,8.98,11.08,12.24,11.49,21.07,0.41,4,0.718,8.82
ETU02525,L2,Gestion,10.32,14.31,11.25,12.39,32.51,-1.93,0,0.898,9.09
ETU02526,M2,Ingénierie,16.93,11.19,11.01,10.64,16.83,-0.55,1,0.906,13.63
ETU02527,M1,Ingénierie,11.28,18.06,19.78,18.79,31.93,0.73,4,0.859,12.71
ETU02528,M2,Médecine,14.36,8.71,7.38,6.32,6.44,-2.38,2,0.986,10.35
ETU02529,L3,Informatique,13.18,11.42,9.08,9.52,7.14,-1.9,0,0.948,11.09
ETU02530,L3,Ingénierie,17.26,11.91,11.9,9.9,33.21,-2.01,0,0.563,13.62
ETU02531,L1,Droit,8.03,15.2,16.18,16.43,3.48,1.23,4,0.672,12.69
ETU02532,L2,Droit,7.27,15.1,14.61,15.04,8.28,-0.06,2,0.977,11.78
ETU02533,L3,Gestion,14.22,15.35,17.49,17.12,4.95,1.77,2,0.828,15.0
ETU02534,L2,Informatique,16.98,15.26,18.23,16.96,24.84,1.7,2,0.722,16.58
ETU02535,L1,Ingénierie,18.0,11.58,8.89,10.72,27.31,-0.86,0,0.931,11.81
ETU02536,L3,Droit,11.2,7.18,6.8,5.1,31.55,-2.08,5,0.819,8.59
ETU02537,M2,Ingénierie,15.55,17.19,13.96,14.52,5.14,-2.66,1,0.685,16.96
ETU02538,M2,Médecine,11.08,9.55,10.74,12.13,11.26,2.58,2,0.636,8.54
ETU02539,L2,Ingénierie,10.15,6.54,5.72,6.26,11.1,-0.28,4,0.926,7.75
ETU02540,L1,Droit,6.31,6.8,6.29,8.44,34.07,1.63,0,0.923,5.57
ETU02541,L1,Gestion,9.25,11.93,13.85,12.45,20.4,0.52,3,0.959,10.56
ETU02542,M1,Droit,8.21,10.96,9.17,8.28,11.81,-2.68,3,0.892,10.39
ETU02543,M1,Informatique,9.49,14.29,12.12,11.73,10.46,-2.56,4,0.592,11.0
ETU02544,M2,Médecine,9.75,13.57,10.35,15.59,11.17,2.02,5,0.694,10.56
ETU02545,L3,Ingénierie,17.17,6.5,8.61,9.67,24.93,3.17,0,0.664,12.78
ETU02546,L2,Informatique,8.64,9.15,10.91,12.25,19.22,3.1,2,0.629,9.15
ETU02547,L1,Ingénierie,16.65,17.55,17.31,18.59,21.83,1.04,2,0.897,15.43
ETU02548,L3,Médecine,17.17,15.73,14.02,14.44,16.47,-1.29,4,0.562,14.95
ETU02549,L2,Droit,12.03,17.19,18.64,20.0,0.92,2.81,2,0.74,16.38
ETU02550,M1,Médecine,15.42,5.31,9.64,7.13,24.05,1.83,2,0.933,11.43
ETU02551,M1,Informatique,10.14,17.77,17.62,18.33,25.34,0.56,1,0.894,12.68
ETU02552,L3,Ingénierie,6.23,17.06,15.45,16.39,6.31,-0.66,3,0.634,13.02
ETU02553,M1,Ingénierie,15.23,11.33,13.39,15.22,22.73,3.89,3,0.518,10.71
ETU02554,L3,Médecine,13.88,14.43,12.93,11.5,30.71,-2.93,3,0.707,11.61
ETU02555,M1,Gestion,12.0,8.81,8.46,7.13,21.1,-1.67,3,0.797,8.66
ETU02556,M1,Informatique,17.68,14.22,10.46,9.23,23.4,-4.99,5,0.927,12.41
ETU02557,L1,Gestion,15.45,16.18,15.93,17.01,24.52,0.83,5,0.764,14.62
ETU02558,L1,Droit,11.53,11.77,10.05,11.16,11.35,-0.61,3,0.633,11.92
ETU02559,L3,Ingénierie,6.69,5.4,7.48,6.36,5.4,0.96,5,0.845,6.59
ETU02560,M1,Droit,17.39,10.83,9.56,12.74,16.54,1.91,2,0.701,14.08
ETU02561,L3,Médecine,18.8,15.15,16.52,17.25,8.11,2.1,0,0.913,15.07
ETU02562,M2,Droit,14.25,14.85,14.9,15.38,24.04,0.53,4,0.512,11.43
ETU02563,M2,Informatique,15.99,11.81,12.2,12.18,25.02,0.38,4,0.71,12.67
ETU02564,L1,Médecine,12.58,18.8,19.78,20.0,0.29,1.2,0,0.711,14.61
ETU02565,M1,Gestion,9.08,6.64,6.76,7.64,33.4,1.0,1,0.794,9.62
ETU02566,L1,Droit,17.86,7.22,6.44,9.58,32.38,2.36,1,0.679,14.45
ETU02567,M1,Gestion,14.95,8.62,7.6,6.08,4.62,-2.54,3,0.701,10.25
ETU02568,L1,Médecine,13.13,16.25,17.21,15.19,16.72,-1.05,1,0.867,11.06
ETU02569,L1,Ingénierie,14.87,15.68,13.03,12.22,7.32,-3.46,4,0.586,11.35
ETU02570,M1,Médecine,12.65,15.82,18.54,19.67,33.74,3.85,3,0.619,12.33
ETU02571,L2,Ingénierie,6.76,17.31,17.71,17.37,19.81,0.06,5,0.551,10.98
ETU02572,L2,Médecine,14.59,11.2,10.89,13.1,24.51,1.9,5,0.629,11.62
ETU02573,L3,Droit,6.07,9.46,10.06,9.77,34.23,0.31,1,0.753,5.98
ETU02574,L3,Médecine,8.86,13.41,12.71,14.64,23.56,1.23,3,0.595,12.44
ETU02575,M1,Médecine,8.03,10.74,10.67,9.72,30.48,-1.01,3,0.537,9.25
ETU02576,M1,Gestion,10.42,12.33,10.84,12.91,8.42,0.58,2,0.998,12.98
ETU02577,M2,Gestion,17.81,6.96,7.73,10.08,8.03,3.12,5,0.728,10.44
ETU02578,L3,Informatique,7.04,10.55,10.63,10.08,15.44,-0.46,0,0.916,10.24
ETU02579,M2,Médecine,10.65,11.62,12.1,13.13,30.85,1.52,5,0.869,10.08
ETU02580,M1,Informatique,15.87,6.22,8.65,9.35,1.37,3.13,5,0.583,11.45
ETU02581,L1,Informatique,17.22,18.92,17.92,18.99,15.45,0.07,2,0.756,15.88
ETU02582,M2,Ingénierie,15.57,5.53,5.54,7.76,28.87,2.23,1,0.784,9.67
ETU02583,L3,Informatique,18.55,17.87,15.6,17.36,6.21,-0.52,0,0.579,16.0
ETU02584,L3,Ingénierie,15.05,6.12,7.15,8.22,21.55,2.1,0,0.556,12.01
ETU02585,M2,Gestion,15.68,17.03,17.2,18.5,2.45,1.47,1,0.632,13.01
ETU02586,M2,Ingénierie,11.49,12.68,12.9,11.3,0.36,-1.38,4,0.631,13.21
ETU02587,M2,Médecine,9.93,7.75,7.71,7.95,11.16,0.2,4,0.639,9.39
ETU02588,L3,Informatique,12.0,8.24,7.57,6.22,28.2,-2.02,5,0.626,8.79
ETU02589,L3,Médecine,15.98,9.92,13.87,14.14,1.45,4.22,1,0.773,15.04
ETU02590,L3,Ingénierie,14.45,16.12,16.37,18.35,12.77,2.23,1,0.647,14.8
ETU02591,L2,Ingénierie,16.03,7.06,7.7,7.99,25.5,0.93,4,0.886,10.44
ETU02592,L2,Ingénierie,14.16,8.39,6.88,3.42,12.92,-4.97,3,0.526,8.9
ETU02593,L2,Gestion,15.53,14.7,16.23,14.95,16.76,0.26,0,0.811,15.84
ETU02594,M1,Informatique,8.02,13.6,13.61,14.78,17.51,1.19,4,0.886,8.44
ETU02595,L2,Gestion,10.21,10.89,11.76,11.25,31.78,0.36,0,0.719,9.69
ETU02596,M1,Droit,13.3,5.85,7.4,8.88,30.66,3.03,0,0.66,8.31
ETU02597,L2,Médecine,6.22,12.82,12.86,11.35,2.23,-1.47,5,0.652,9.69
ETU02598,M2,Ingénierie,17.86,8.21,7.39,8.27,24.23,0.06,5,0.664,11.73
ETU02599,L3,Droit,9.11,13.57,10.28,11.23,19.0,-2.34,4,0.559,8.09
ETU02600,L3,Droit,7.15,8.84,8.46,9.95,12.41,1.1,1,0.791,7.36
ETU02601,M2,Ingénierie,14.64,18.72,17.9,17.22,17.24,-1.51,0,0.812,14.55
ETU02602,M2,Ingénierie,8.52,13.27,11.75,13.22,30.79,-0.04,2,0.695,9.96
ETU02603,L2,Droit,13.31,13.0,15.38,17.94,27.06,4.94,3,0.978,10.63
ETU02604,L2,Droit,9.24,16.71,18.39,15.28,19.88,-1.43,0,0.956,10.9
ETU02605,L3,Gestion,8.16,18.9,16.36,16.74,6.15,-2.17,3,0.649,11.86
ETU02606,M1,Gestion,15.55,15.91,16.34,13.93,21.65,-1.98,0,0.866,15.26
ETU02607,M2,Médecine,11.05,13.31,12.29,11.3,17.43,-2.02,2,0.558,11.81
ETU02608,L2,Informatique,13.47,17.09,17.84,16.97,15.64,-0.12,0,0.879,13.36
ETU02609,L3,Gestion,8.81,7.54,6.54,6.74,33.03,-0.8,0,0.868,8.86
ETU02610,L1,Informatique,13.18,15.7,15.09,15.96,34.74,0.26,1,0.678,12.18
ETU02611,M1,Gestion,11.48,14.52,16.16,17.82,33.3,3.3,3,0.693,8.41
ETU02612,L3,Médecine,6.67,12.89,14.31,15.01,25.86,2.13,5,0.793,11.15
ETU02613,M1,Ingénierie,15.45,17.13,19.6,20.0,20.96,2.87,0,0.64,15.89
ETU02614,L2,Gestion,13.18,14.94,14.81,13.49,11.18,-1.44,3,0.786,12.85
ETU02615,L3,Ingénierie,18.06,15.03,13.05,14.94,33.15,-0.1,4,0.944,14.02
ETU02616,L1,Droit,16.5,17.74,19.32,14.67,15.95,-3.06,1,0.722,15.28
ETU02617,L2,Gestion,13.42,14.79,16.38,18.97,7.06,4.18,4,0.602,13.96
ETU02618,L2,Ingénierie,6.56,8.58,9.72,12.04,3.88,3.46,2,0.779,8.52
ETU02619,L3,Droit,15.77,7.57,6.66,8.08,29.25,0.51,0,0.826,10.17
ETU02620,M2,Informatique,13.14,12.18,10.78,14.42,11.49,2.24,1,0.763,12.33
ETU02621,M1,Gestion,16.86,8.29,9.29,6.89,26.82,-1.4,2,0.512,10.45
ETU02622,M2,Gestion,13.51,14.79,13.67,15.13,21.96,0.34,3,0.835,11.22
ETU02623,L2,Informatique,6.03,16.8,16.54,17.04,9.92,0.24,0,0.518,11.12
ETU02624,M2,Ingénierie,16.59,9.09,13.65,14.31,29.77,5.23,3,0.709,14.33
ETU02625,M1,Médecine,16.39,17.79,20.0,19.74,29.57,1.95,4,0.707,14.32
ETU02626,L1,Ingénierie,7.29,15.46,16.85,17.74,6.01,2.28,2,0.923,10.66
ETU02627,M2,Gestion,14.89,18.83,18.04,18.86,4.26,0.03,1,0.931,13.22
ETU02628,L1,Ingénierie,12.84,7.78,6.9,6.16,21.02,-1.62,4,0.888,7.85
ETU02629,M2,Médecine,13.67,11.46,12.74,12.93,8.17,1.47,3,0.91,10.83
ETU02630,L2,Gestion,17.56,13.96,16.41,14.74,11.63,0.77,2,0.609,16.04
ETU02631,M1,Gestion,9.24,15.68,15.11,14.82,32.79,-0.86,4,0.858,8.5
ETU02632,M1,Informatique,6.17,17.77,17.28,19.02,6.14,1.26,4,0.875,11.78
ETU02633,L1,Médecine,8.71,17.48,17.81,19.58,16.47,2.1,0,0.889,12.06
ETU02634,M2,Médecine,17.9,8.31,6.42,7.88,10.32,-0.43,3,0.897,12.94
ETU02635,M2,Droit,8.75,10.91,9.08,10.82,12.18,-0.1,3,0.582,10.72
ETU02636,L3,Ingénierie,14.77,15.06,13.49,15.25,12.95,0.2,1,0.628,13.49
ETU02637,L2,Médecine,16.27,6.85,7.87,7.21,9.1,0.35,1,0.892,13.01
ETU02638,L3,Médecine,16.57,18.43,19.04,19.85,26.72,1.42,0,0.574,17.48
ETU02639,M1,Ingénierie,6.14,15.46,17.36,19.29,28.42,3.84,1,0.562,12.26
ETU02640,L1,Gestion,6.12,16.6,14.2,12.43,18.88,-4.18,1,0.989,8.58
ETU02641,L1,Médecine,18.86,17.7,15.63,13.85,31.48,-3.85,4,0.984,12.3
ETU02642,M1,Médecine,12.86,7.49,8.37,6.51,4.78,-0.98,5,0.668,9.93
ETU02643,L2,Ingénierie,6.83,10.91,9.8,7.42,17.73,-3.49,2,0.504,8.1
ETU02644,M2,Médecine,6.35,14.12,13.12,11.85,29.0,-2.28,4,0.699,6.27
ETU02645,L3,Gestion,16.54,16.51,18.23,17.75,21.73,1.23,3,0.513,15.06
ETU02646,M1,Ingénierie,17.76,15.33,14.7,17.27,34.48,1.94,5,0.572,11.33
ETU02647,L2,Ingénierie,12.82,6.7,6.25,5.89,20.85,-0.81,2,0.612,11.21
ETU02648,M1,Informatique,10.83,14.04,13.86,11.89,33.6,-2.15,4,0.92,11.02
ETU02649,L2,Médecine,15.13,9.12,9.03,9.58,3.45,0.47,5,0.688,10.83
ETU02650,L3,Gestion,6.29,10.69,11.92,11.93,1.49,1.24,5,0.504,9.17
ETU02651,L1,Gestion,17.69,18.92,17.3,16.43,12.48,-2.49,2,0.818,15.9
ETU02652,L3,Droit,9.33,7.2,7.12,6.53,29.45,-0.67,2,0.535,8.46
ETU02653,M1,Gestion,8.48,6.46,8.4,10.31,1.77,3.84,0,0.947,9.34
ETU02654,L2,Ingénierie,10.04,10.73,14.13,12.31,8.83,1.58,3,0.623,11.96
ETU02655,L1,Informatique,6.83,17.1,15.26,13.06,34.48,-4.03,3,0.619,7.84
ETU02656,M2,Ingénierie,11.06,7.27,7.97,8.97,22.43,1.7,2,0.699,9.21
ETU02657,L2,Informatique,15.29,6.12,6.03,5.41,13.76,-0.71,1,0.554,12.66
ETU02658,M1,Gestion,12.48,10.86,10.92,13.54,2.73,2.68,5,0.512,11.34
ETU02659,M1,Droit,14.68,13.85,12.87,12.94,26.43,-0.92,5,0.957,12.57
ETU02660,L2,Droit,8.78,7.17,8.5,8.65,32.39,1.48,5,0.932,6.73
ETU02661,L2,Ingénierie,11.17,16.26,17.52,19.0,25.95,2.74,2,0.958,15.38
ETU02662,L3,Médecine,12.75,16.84,20.0,18.62,4.07,1.78,4,0.838,14.6
ETU02663,L3,Droit,13.44,12.32,10.53,11.34,18.62,-0.98,4,0.507,9.88
ETU02664,L1,Informatique,8.42,5.43,3.0,2.76,14.1,-2.67,4,0.987,7.87
ETU02665,L1,Informatique,16.5,12.23,15.51,17.35,31.64,5.12,2,0.854,12.79
ETU02666,L1,Médecine,7.17,8.0,8.12,7.45,26.68,-0.55,5,0.708,8.03
ETU02667,L2,Droit,7.28,11.25,10.76,11.33,28.07,0.08,3,0.866,9.78
ETU02668,L1,Droit,9.25,15.64,16.12,15.88,14.48,0.24,0,0.784,14.11
ETU02669,M1,Droit,14.51,5.76,3.87,4.79,0.87,-0.97,0,0.836,10.51
ETU02670,M2,Ingénierie,7.0,5.0,5.77,5.69,26.58,0.69,2,0.912,6.6
ETU02671,M1,Droit,6.1,6.87,6.95,7.64,22.17,0.77,5,0.968,4.29
ETU02672,L2,Droit,12.14,5.64,7.45,10.38,4.95,4.74,4,0.898,9.76
ETU02673,L2,Droit,10.51,8.65,10.13,10.0,26.49,1.36,3,0.948,8.62
ETU02674,M2,Ingénierie,8.04,10.66,12.27,13.17,5.23,2.51,3,0.784,9.81
ETU02675,L1,Gestion,14.53,15.92,16.4,20.0,25.89,4.08,5,0.669,13.42
ETU02676,L2,Informatique,14.34,5.42,8.03,8.92,24.98,3.49,3,0.835,11.43
ETU02677,L3,Ingénierie,7.58,9.91,10.98,7.63,0.26,-2.29,2,0.778,8.17
ETU02678,L3,Droit,8.99,18.01,17.41,16.71,27.12,-1.3,2,0.528,12.09
ETU02679,M2,Droit,10.74,13.07,12.06,10.55,14.27,-2.52,3,0.788,10.4
ETU02680,M2,Droit,18.87,16.57,15.73,17.41,17.73,0.84,1,0.709,15.1
ETU02681,M2,Gestion,15.99,11.77,12.85,13.01,33.76,1.24,5,0.685,11.64
ETU02682,L2,Informatique,10.38,6.36,4.56,6.46,32.19,0.1,5,0.862,7.97
ETU02683,L1,Médecine,18.55,7.62,8.05,9.27,13.39,1.65,2,0.943,14.51
ETU02684,M2,Droit,11.91,15.61,14.56,15.77,24.84,0.16,4,0.599,11.17
ETU02685,L1,Médecine,10.94,17.1,15.42,13.88,17.96,-3.21,4,0.897,11.75
ETU02686,M1,Médecine,18.28,11.55,10.11,11.17,28.78,-0.38,3,0.585,13.63
ETU02687,M2,Gestion,15.57,11.89,12.06,14.41,11.19,2.51,0,0.788,13.43
ETU02688,L1,Droit,13.12,11.3,12.65,10.78,16.48,-0.52,0,0.924,9.54
ETU02689,M1,Médecine,13.81,5.26,4.44,4.27,3.93,-0.99,4,0.953,10.13
ETU02690,M2,Ingénierie,18.65,6.34,3.42,4.25,32.43,-2.08,0,0.654,9.11
ETU02691,M2,Informatique,7.99,18.89,20.0,20.0,31.53,1.11,4,0.909,10.01
ETU02692,L2,Gestion,10.51,5.59,7.46,9.92,9.66,4.33,2,0.939,7.96
ETU02693,L2,Informatique,11.47,9.89,11.48,12.88,20.4,2.99,4,0.586,10.56
ETU02694,L2,Gestion,18.8,14.67,17.31,18.22,13.24,3.55,0,0.692,15.08
ETU02695,L3,Ingénierie,7.09,10.95,11.29,12.81,5.45,1.86,2,0.888,7.79
ETU02696,M2,Informatique,7.45,18.76,18.75,20.0,1.58,1.24,0,0.507,13.01
ETU02697,M2,Médecine,11.66,5.46,7.69,8.05,28.8,2.6,2,0.813,9.08
ETU02698,L2,Médecine,8.2,17.24,19.47,19.24,10.12,1.99,0,0.707,13.38
ETU02699,L3,Médecine,14.9,6.89,8.01,9.79,18.04,2.91,1,0.759,10.42
ETU02700,M1,Informatique,10.69,7.87,9.39,8.58,31.59,0.71,1,0.709,9.05
ETU02701,M1,Informatique,17.0,12.4,10.74,10.93,0.7,-1.47,3,0.598,14.4
ETU02702,L1,Informatique,15.73,17.2,17.01,15.58,19.16,-1.62,0,0.674,12.83
ETU02703,M2,Ingénierie,12.12,10.8,13.55,14.95,33.44,4.15,1,0.931,10.7
ETU02704,M2,Informatique,16.98,9.11,10.52,12.67,28.32,3.56,4,0.805,13.82
ETU02705,M1,Médecine,7.31,10.62,8.63,7.53,7.68,-3.1,2,0.739,8.27
ETU02706,L3,Gestion,13.55,6.32,5.72,5.79,7.03,-0.53,3,0.853,9.73
ETU02707,M1,Ingénierie,13.87,16.74,19.25,18.83,26.69,2.09,5,0.592,13.88
ETU02708,L1,Droit,9.2,17.81,18.7,20.0,2.79,2.19,3,0.542,14.48
ETU02709,L2,Droit,6.65,14.46,14.93,17.36,20.98,2.9,5,0.774,10.12
ETU02710,M2,Droit,12.96,11.23,11.74,11.32,8.19,0.1,5,0.506,11.57
ETU02711,L2,Ingénierie,12.68,13.6,13.67,9.34,29.37,-4.26,3,0.574,10.88
ETU02712,M1,Médecine,14.5,12.73,12.14,14.17,13.28,1.44,2,0.859,10.9
ETU02713,L3,Ingénierie,8.77,5.72,4.67,5.04,14.52,-0.68,1,0.951,8.1
ETU02714,M1,Droit,8.34,10.52,12.24,12.61,27.8,2.09,5,0.643,8.25
ETU02715,M2,Ingénierie,18.71,14.2,14.75,16.5,3.08,2.3,4,0.691,14.1
ETU02716,L3,Informatique,7.48,16.87,18.13,17.88,21.03,1.01,1,0.841,9.26
ETU02717,L2,Médecine,18.99,10.03,11.05,10.4,33.69,0.37,3,0.902,11.24
ETU02718,M1,Médecine,15.36,16.47,18.78,18.55,22.76,2.08,1,0.63,12.07
ETU02719,L2,Informatique,14.18,15.6,16.48,17.51,2.86,1.92,5,0.913,12.91
ETU02720,L2,Informatique,10.42,18.01,19.45,20.0,31.8,1.99,1,0.986,12.35
ETU02721,L1,Ingénierie,17.28,18.85,19.3,20.0,4.51,1.15,0,0.544,17.94
ETU02722,L3,Informatique,17.83,5.58,4.36,5.27,12.91,-0.32,5,0.612,11.18
ETU02723,M1,Droit,15.38,11.12,10.99,11.07,6.36,-0.06,3,0.863,12.87
ETU02724,L2,Médecine,15.23,15.83,16.91,18.54,25.26,2.71,5,0.518,15.69
ETU02725,M1,Ingénierie,12.41,16.52,17.74,16.58,9.27,0.06,5,0.642,9.82
ETU02726,L3,Gestion,7.01,6.16,8.54,10.97,9.14,4.81,2,0.922,8.89
ETU02727,L2,Médecine,18.99,13.49,13.0,13.62,14.47,0.13,2,0.841,15.12
ETU02728,L1,Médecine,6.2,17.58,18.12,18.07,10.01,0.5,5,0.82,11.98
ETU02729,M2,Ingénierie,12.44,8.18,8.19,7.03,27.46,-1.15,2,0.806,7.36
ETU02730,M2,Médecine,10.77,9.86,12.5,13.74,18.43,3.88,1,0.751,10.29
ETU02731,L3,Gestion,16.09,10.53,11.29,11.17,19.46,0.64,3,0.883,11.37
ETU02732,L2,Ingénierie,15.57,10.52,11.32,11.48,5.66,0.95,3,0.933,11.2
ETU02733,L3,Ingénierie,14.16,12.86,13.01,10.8,31.97,-2.06,4,0.898,14.3
ETU02734,L3,Gestion,6.97,5.85,5.71,5.36,12.21,-0.49,0,0.741,6.38
ETU02735,L2,Droit,9.08,15.91,13.94,13.38,13.21,-2.53,2,0.889,11.95
ETU02736,M1,Médecine,7.22,6.72,5.03,5.96,8.48,-0.76,3,0.878,8.03
ETU02737,L2,Ingénierie,18.73,16.39,16.85,16.75,33.61,0.37,5,0.728,13.35
ETU02738,L1,Droit,7.66,5.24,5.52,1.85,21.25,-3.39,1,0.667,5.7
ETU02739,L1,Médecine,18.57,16.02,16.49,16.17,2.13,0.15,3,0.705,15.98
ETU02740,L2,Médecine,7.47,9.97,11.59,9.7,6.74,-0.27,3,0.747,9.46
ETU02741,M2,Gestion,17.21,14.18,14.52,13.26,16.82,-0.92,5,0.573,14.3
ETU02742,L2,Gestion,13.47,7.51,7.19,8.99,6.57,1.48,2,0.609,12.88
ETU02743,M2,Ingénierie,16.81,12.52,12.4,10.17,21.18,-2.35,1,0.551,14.03
ETU02744,L1,Droit,14.24,9.19,9.75,10.5,10.78,1.31,3,0.536,12.38
ETU02745,M2,Gestion,15.99,5.05,4.68,4.22,12.24,-0.83,5,0.783,11.34
ETU02746,M2,Droit,15.5,15.15,16.95,16.2,27.53,1.05,0,0.849,15.67
ETU02747,L1,Gestion,9.38,6.84,7.02,5.85,18.35,-0.99,4,0.807,7.21
ETU02748,L3,Informatique,18.16,18.16,18.73,19.51,3.96,1.36,3,0.863,14.78
ETU02749,M1,Droit,14.37,12.61,11.59,12.54,13.02,-0.08,4,0.703,11.58
ETU02750,L3,Informatique,8.63,5.02,6.82,4.53,31.37,-0.49,1,0.9,5.41
ETU02751,M2,Ingénierie,9.98,18.23,20.0,20.0,29.62,1.77,5,0.874,11.42
ETU02752,L1,Ingénierie,12.93,6.86,5.01,3.53,26.59,-3.32,0,0.856,8.9
ETU02753,L3,Gestion,17.46,16.68,17.48,18.36,29.52,1.68,3,0.883,14.51
ETU02754,L3,Médecine,16.36,9.61,9.65,8.18,3.2,-1.43,3,0.616,13.08
ETU02755,M1,Gestion,9.93,12.95,13.58,13.19,4.28,0.24,1,0.785,11.63
ETU02756,L2,Médecine,14.95,16.7,17.58,15.96,0.65,-0.74,0,0.887,15.18
ETU02757,L3,Droit,6.02,5.7,2.55,2.06,4.38,-3.65,5,0.549,4.1
ETU02758,L1,Médecine,10.32,14.52,15.86,15.86,28.82,1.34,2,0.624,10.43
ETU02759,L1,Médecine,16.91,7.08,8.95,7.52,1.33,0.44,5,0.745,9.83
ETU02760,L3,Informatique,7.97,15.03,17.07,17.84,16.28,2.81,1,0.707,12.14
ETU02761,M1,Ingénierie,10.59,7.25,6.03,7.0,8.65,-0.25,3,0.957,11.24
ETU02762,M1,Gestion,6.01,5.31,5.46,9.82,29.14,4.51,3,0.875,6.93
ETU02763,M2,Médecine,6.3,7.18,6.57,8.26,28.1,1.08,2,0.52,7.21
ETU02764,L1,Médecine,7.9,13.76,11.09,13.15,26.81,-0.61,2,0.733,8.78
ETU02765,L3,Médecine,7.32,18.8,18.07,15.72,13.24,-3.08,1,0.881,10.98
ETU02766,L1,Médecine,12.37,18.58,17.16,14.52,32.4,-4.06,0,0.835,14.04
ETU02767,L2,Informatique,17.7,15.44,16.14,16.0,31.36,0.56,4,0.769,14.6
ETU02768,M1,Médecine,7.1,16.54,14.3,17.28,22.78,0.73,1,0.543,11.32
ETU02769,L3,Gestion,17.31,17.24,15.97,19.98,21.44,2.74,3,0.958,17.05
ETU02770,L2,Droit,14.69,12.4,11.82,11.09,11.79,-1.31,3,0.708,13.61
ETU02771,L1,Informatique,8.2,8.2,9.56,8.98,25.76,0.78,5,0.573,8.16
ETU02772,L1,Droit,9.77,14.26,18.62,19.74,32.85,5.48,5,0.542,12.09
ETU02773,L3,Gestion,8.52,6.98,7.64,7.64,11.07,0.66,1,0.892,7.94
ETU02774,M2,Médecine,16.26,16.65,15.3,15.35,10.01,-1.31,0,0.806,15.23
ETU02775,L2,Droit,15.43,10.77,9.95,11.2,9.23,0.43,5,0.626,11.76
ETU02776,L1,Droit,9.96,8.73,9.92,14.29,34.41,5.56,0,0.767,10.36
ETU02777,L2,Droit,6.71,16.81,14.99,17.25,18.91,0.44,4,0.973,11.67
ETU02778,M1,Droit,8.19,6.56,8.4,11.51,33.86,4.95,4,0.747,6.13
ETU02779,L2,Médecine,14.19,18.65,19.26,16.79,21.61,-1.86,5,0.695,11.73
ETU02780,M2,Informatique,7.17,18.31,18.32,20.0,10.27,1.69,2,0.654,11.93
ETU02781,L1,Ingénierie,12.97,13.52,11.2,10.07,20.52,-3.45,2,0.591,11.98
ETU02782,L2,Informatique,13.97,14.97,16.55,19.37,5.44,4.4,1,0.955,14.86
ETU02783,L2,Gestion,14.94,5.52,4.58,6.91,15.68,1.39,1,0.586,8.92
ETU02784,L3,Médecine,7.63,11.12,11.55,12.76,15.5,1.64,1,0.527,10.61
ETU02785,L2,Informatique,11.98,17.38,17.35,16.53,20.18,-0.85,1,0.571,15.26
ETU02786,L3,Gestion,12.02,5.16,2.99,2.56,13.55,-2.6,5,0.591,6.93
ETU02787,L2,Médecine,16.86,9.07,8.92,8.62,15.93,-0.45,2,0.712,11.28
ETU02788,L2,Médecine,12.09,9.95,8.34,9.78,30.67,-0.17,3,0.955,9.87
ETU02789,M1,Ingénierie,11.29,14.45,13.67,14.58,6.31,0.13,3,0.567,11.85
ETU02790,L2,Médecine,7.6,14.87,15.72,18.15,32.29,3.28,0,0.573,12.21
ETU02791,M2,Gestion,15.03,5.91,7.17,9.88,18.85,3.97,5,0.719,11.28
ETU02792,M2,Gestion,14.06,8.05,8.22,7.25,22.01,-0.8,2,0.952,10.05
ETU02793,L2,Informatique,15.32,16.56,15.43,16.44,3.65,-0.11,3,0.964,13.74
ETU02794,L2,Médecine,14.53,7.69,6.91,7.91,5.08,0.22,1,0.975,9.27
ETU02795,M2,Informatique,17.38,9.01,8.21,8.37,25.64,-0.64,1,0.563,13.65
ETU02796,M2,Informatique,17.41,7.27,4.27,5.98,31.52,-1.29,1,0.853,11.58
ETU02797,L3,Ingénierie,10.0,15.56,15.87,16.91,18.16,1.35,3,0.824,11.75
ETU02798,L3,Informatique,8.37,5.38,3.08,2.52,5.86,-2.86,5,0.515,6.82
ETU02799,L2,Gestion,18.04,9.23,9.54,9.63,27.89,0.4,0,0.836,12.54
ETU02800,M1,Droit,15.27,12.45,10.46,10.24,32.11,-2.21,2,0.848,9.56
ETU02801,M2,Informatique,18.62,5.08,3.47,2.68,23.46,-2.4,2,0.828,9.0
ETU02802,L3,Médecine,12.46,18.36,19.56,19.73,6.4,1.37,4,0.608,14.06
ETU02803,L3,Gestion,18.51,17.17,17.41,15.76,14.44,-1.41,4,0.666,15.29
ETU02804,L3,Gestion,7.6,14.06,11.44,12.45,32.89,-1.62,5,0.777,8.84
ETU02805,M2,Droit,13.67,11.15,10.51,12.92,6.71,1.77,1,0.569,14.27
ETU02806,L3,Gestion,12.46,7.17,7.77,8.14,5.98,0.97,1,0.579,9.98
ETU02807,L3,Gestion,6.03,12.75,12.02,13.74,24.56,0.99,2,0.849,7.94
ETU02808,L3,Ingénierie,8.51,8.35,8.03,8.57,19.01,0.22,0,0.583,8.57
ETU02809,L1,Droit,8.0,13.93,14.5,13.27,7.17,-0.67,2,0.508,8.81
ETU02810,M2,Ingénierie,6.79,7.04,7.31,10.62,21.58,3.58,1,0.593,8.04
ETU02811,L2,Gestion,18.33,15.04,13.75,10.42,32.78,-4.62,1,0.538,12.71
ETU02812,M2,Ingénierie,18.55,9.52,9.75,10.07,29.93,0.55,4,0.641,12.98
ETU02813,L2,Ingénierie,17.59,12.03,11.8,10.94,0.23,-1.08,0,0.88,13.77
ETU02814,L2,Informatique,18.86,7.27,10.05,12.72,30.69,5.46,2,0.893,13.14
ETU02815,M2,Informatique,16.8,8.59,8.63,9.26,21.94,0.67,4,0.536,12.63
ETU02816,L1,Médecine,18.12,11.3,11.71,15.84,9.35,4.54,2,0.785,15.52
ETU02817,M1,Gestion,8.57,11.41,12.0,12.36,3.27,0.94,5,0.544,12.49
ETU02818,M2,Médecine,9.34,19.0,18.71,17.87,33.99,-1.12,0,0.594,12.84
ETU02819,L2,Droit,17.21,9.7,8.82,6.55,1.02,-3.15,2,0.892,12.1
ETU02820,L2,Gestion,12.23,6.18,7.07,9.03,6.46,2.85,0,0.986,9.53
ETU02821,L2,Gestion,15.32,12.34,13.24,12.29,23.49,-0.05,0,0.636,13.19
ETU02822,M2,Gestion,13.3,9.51,12.83,12.5,26.53,2.99,2,0.888,13.29
ETU02823,L2,Médecine,9.97,17.29,18.6,20.0,9.33,2.71,1,0.671,14.25
ETU02824,L1,Informatique,9.7,7.94,9.28,11.16,25.8,3.22,0,0.892,8.55
ETU02825,L3,Informatique,15.73,16.98,18.26,17.64,26.78,0.66,5,0.785,14.93
ETU02826,L1,Ingénierie,12.92,14.29,13.45,13.07,28.1,-1.22,4,0.773,11.93
ETU02827,L3,Gestion,10.67,7.63,5.94,3.61,26.39,-4.02,2,0.904,9.15
ETU02828,L1,Médecine,14.02,10.67,9.37,6.58,1.14,-4.09,5,0.848,11.37
ETU02829,L2,Gestion,11.46,11.89,13.13,14.57,31.23,2.68,0,0.985,11.6
ETU02830,L1,Informatique,12.18,12.31,14.64,16.25,19.7,3.94,5,0.681,10.73
ETU02831,L1,Droit,14.81,10.56,11.86,12.7,15.09,2.14,5,0.978,13.26
ETU02832,M1,Gestion,11.95,13.18,13.13,13.72,0.86,0.53,2,0.914,10.54
ETU02833,M2,Médecine,18.35,15.03,17.75,16.99,20.68,1.96,4,0.747,15.54
ETU02834,L2,Ingénierie,12.31,12.09,11.62,14.12,5.7,2.04,1,0.75,11.44
ETU02835,L1,Ingénierie,18.5,13.43,11.91,9.54,19.17,-3.9,5,0.951,12.62
ETU02836,M2,Médecine,17.02,17.03,17.61,17.21,6.62,0.18,2,0.794,16.26
ETU02837,L3,Informatique,17.58,11.97,14.11,14.65,24.08,2.68,1,0.669,14.15
ETU02838,L2,Ingénierie,15.92,10.83,9.76,10.06,3.11,-0.77,0,0.521,9.85
ETU02839,M1,Ingénierie,13.86,8.47,6.11,6.41,21.01,-2.06,4,0.65,9.61
ETU02840,M1,Informatique,12.92,6.84,7.1,6.62,22.53,-0.22,5,0.609,8.94
ETU02841,M1,Droit,13.17,9.09,10.45,11.56,13.83,2.47,4,0.565,12.77
ETU02842,M1,Ingénierie,8.62,10.69,6.44,4.92,32.1,-5.77,4,0.836,5.72
ETU02843,L1,Ingénierie,8.79,15.7,17.37,17.45,18.43,1.75,4,0.698,13.86
ETU02844,L2,Gestion,6.44,8.04,6.19,7.14,26.27,-0.9,1,0.547,7.9
ETU02845,M1,Médecine,15.69,14.83,16.12,15.92,15.56,1.09,2,0.663,13.86
ETU02846,M2,Gestion,7.62,6.11,3.31,3.62,27.71,-2.49,4,0.57,5.54
ETU02847,M1,Ingénierie,13.57,7.22,5.21,5.83,31.41,-1.39,3,0.799,8.42
ETU02848,L2,Ingénierie,7.79,9.57,10.7,8.36,14.45,-1.21,1,0.713,9.02
ETU02849,M2,Médecine,6.87,11.58,13.6,11.4,33.86,-0.18,0,0.967,7.8
ETU02850,L3,Gestion,12.94,7.53,7.72,8.22,5.36,0.69,4,0.804,10.25
ETU02851,L1,Gestion,17.35,6.57,10.36,9.75,29.62,3.18,5,0.883,10.69
ETU02852,L2,Droit,10.63,12.92,11.59,11.07,18.4,-1.86,2,0.668,11.3
ETU02853,M2,Ingénierie,17.95,10.77,9.41,10.57,4.84,-0.2,4,0.877,13.54
ETU02854,L3,Gestion,6.13,10.82,10.57,9.39,21.89,-1.44,5,0.867,7.17
ETU02855,L3,Droit,12.05,9.31,8.99,5.67,4.6,-3.64,4,0.995,9.55
ETU02856,L1,Médecine,7.91,10.2,10.82,13.61,31.06,3.41,5,0.831,8.12
ETU02857,M1,Gestion,10.11,7.58,6.66,8.78,28.56,1.2,5,0.958,8.8
ETU02858,L2,Gestion,6.31,8.79,9.84,11.94,22.9,3.15,1,0.933,6.75
ETU02859,L1,Gestion,6.46,12.59,13.61,12.23,8.15,-0.37,5,0.959,10.34
ETU02860,M2,Droit,15.27,12.31,14.93,15.12,33.7,2.8,3,0.787,13.18
ETU02861,L3,Informatique,14.51,17.68,17.15,15.54,29.86,-2.14,2,0.612,12.96
ETU02862,M2,Informatique,8.71,16.66,17.36,17.57,25.03,0.92,1,0.793,12.3
ETU02863,M1,Médecine,17.71,5.1,6.21,5.99,12.79,0.89,4,0.961,11.91
ETU02864,M2,Ingénierie,14.94,8.22,8.41,7.09,16.95,-1.13,4,0.987,9.55
ETU02865,L3,Ingénierie,10.37,17.43,17.31,18.37,11.83,0.94,1,0.973,14.44
ETU02866,M1,Ingénierie,11.3,9.41,6.51,6.42,29.73,-2.98,2,0.721,5.74
ETU02867,M2,Ingénierie,9.8,11.69,12.01,14.9,10.81,3.21,5,0.902,12.12
ETU02868,M1,Ingénierie,16.8,14.45,15.54,15.97,8.34,1.52,5,0.744,14.42
ETU02869,M1,Informatique,12.42,12.61,12.72,9.2,7.5,-3.41,2,0.846,12.5
ETU02870,M2,Ingénierie,7.76,5.07,4.09,1.68,14.04,-3.39,5,0.716,7.86
ETU02871,L2,Droit,8.62,7.89,5.57,9.02,21.8,1.12,5,0.651,7.42
ETU02872,L3,Médecine,9.86,6.41,7.29,7.05,29.11,0.64,1,0.721,7.78
ETU02873,M1,Ingénierie,11.24,7.35,7.6,8.26,32.36,0.91,2,0.653,9.35
ETU02874,M2,Informatique,13.7,7.06,9.35,9.66,2.8,2.6,0,0.712,10.1
ETU02875,M1,Gestion,18.53,13.72,11.74,14.17,1.65,0.45,0,0.839,14.62
ETU02876,L3,Informatique,9.41,10.69,10.19,7.63,12.7,-3.07,3,0.6,8.63
ETU02877,M1,Droit,10.27,5.93,4.15,6.44,28.35,0.51,0,0.838,6.55
ETU02878,L3,Médecine,6.31,6.15,7.89,10.08,31.76,3.93,1,0.537,6.71
ETU02879,L3,Droit,10.84,18.3,20.0,20.0,5.9,1.7,1,0.501,14.82
ETU02880,L3,Droit,14.78,7.17,10.25,11.17,10.0,4.0,1,0.617,12.83
ETU02881,M1,Gestion,18.52,8.55,9.54,9.28,31.57,0.73,1,0.601,12.39
ETU02882,L1,Gestion,15.62,13.04,14.42,12.2,20.15,-0.84,3,0.917,13.06
ETU02883,M2,Droit,7.53,7.62,8.47,9.64,14.27,2.02,4,0.878,7.84
ETU02884,L1,Informatique,17.57,7.77,8.83,9.49,8.52,1.73,3,0.833,10.56
ETU02885,M1,Droit,16.9,6.02,6.29,6.99,3.95,0.97,4,0.853,10.39
ETU02886,M2,Ingénierie,8.46,18.73,19.86,20.0,3.8,1.27,3,0.831,14.02
ETU02887,L2,Droit,18.15,13.48,16.89,16.29,23.59,2.8,4,0.913,16.38
ETU02888,L3,Informatique,15.28,12.42,12.94,15.48,25.21,3.07,1,0.767,12.16
ETU02889,L3,Droit,16.18,17.44,17.68,17.99,12.8,0.55,1,0.509,16.6
ETU02890,L1,Gestion,11.97,13.32,13.82,14.93,21.21,1.61,0,0.932,10.6
ETU02891,M1,Médecine,8.61,8.68,8.66,8.55,5.46,-0.13,3,0.735,8.25
ETU02892,M2,Médecine,16.39,11.61,12.18,14.06,0.73,2.44,1,0.964,13.85
ETU02893,M2,Ingénierie,12.21,11.69,11.61,12.07,3.49,0.38,3,0.947,11.28
ETU02894,M2,Médecine,18.58,10.57,12.49,12.66,3.71,2.09,4,0.7,13.53
ETU02895,L3,Gestion,7.99,15.55,17.32,19.43,34.47,3.88,5,0.967,11.18
ETU02896,M1,Informatique,10.62,6.54,9.98,7.7,8.26,1.16,2,0.529,10.5
ETU02897,L2,Informatique,15.56,7.23,7.39,7.27,4.69,0.04,5,0.831,9.48
ETU02898,L2,Médecine,13.44,10.21,10.84,10.22,27.84,0.01,2,0.841,11.1
ETU02899,M2,Droit,11.63,6.0,6.57,7.43,12.83,1.43,4,0.92,10.4
ETU02900,L2,Gestion,15.12,18.82,19.32,20.0,7.22,1.18,5,0.736,14.89
ETU02901,M1,Médecine,15.53,11.94,13.84,14.12,7.71,2.18,3,0.62,12.87
ETU02902,M2,Informatique,13.5,5.7,3.46,2.69,4.87,-3.01,5,0.522,7.95
ETU02903,M1,Médecine,10.15,13.51,14.4,14.67,2.8,1.16,3,0.734,14.08
ETU02904,L1,Médecine,14.04,15.94,19.13,19.91,23.8,3.98,0,0.727,16.31
ETU02905,M2,Informatique,13.09,10.71,12.95,12.98,15.4,2.28,2,0.678,11.6
ETU02906,L2,Ingénierie,16.37,11.73,13.8,15.76,5.2,4.03,4,0.818,15.59
ETU02907,M2,Ingénierie,14.49,14.81,16.27,17.49,27.74,2.68,3,0.766,12.93
ETU02908,L1,Médecine,12.46,8.27,7.58,7.91,0.67,-0.37,1,0.558,10.3
ETU02909,L2,Médecine,6.24,13.37,12.44,9.22,15.07,-4.14,1,0.524,7.29
ETU02910,M1,Informatique,8.17,13.83,12.92,12.89,4.46,-0.94,4,0.945,8.05
ETU02911,L1,Ingénierie,10.38,16.27,14.76,16.0,0.97,-0.26,4,0.871,11.52
ETU02912,L2,Informatique,13.82,17.48,19.09,18.98,19.27,1.5,1,0.732,13.91
ETU02913,M2,Ingénierie,16.3,18.17,20.0,20.0,5.44,1.83,2,0.748,16.67
ETU02914,M2,Droit,18.48,6.77,7.62,7.58,2.4,0.81,0,0.557,13.66
ETU02915,L3,Médecine,13.8,16.43,17.83,18.48,16.76,2.06,1,0.632,14.04
ETU02916,M2,Informatique,15.47,14.46,15.1,17.5,29.53,3.04,5,0.912,12.45
ETU02917,M1,Gestion,14.08,10.19,11.24,12.72,17.0,2.53,0,0.563,11.36
ETU02918,M2,Informatique,11.59,17.92,14.94,13.3,2.79,-4.62,3,0.552,14.28
ETU02919,L3,Médecine,13.93,17.04,17.71,15.53,10.65,-1.52,2,0.779,14.61
ETU02920,L2,Gestion,11.21,15.84,15.4,16.37,15.61,0.53,2,0.92,14.07
ETU02921,M2,Gestion,11.9,5.8,5.94,8.0,9.84,2.19,5,0.69,11.53
ETU02922,L3,Informatique,17.84,7.48,8.02,5.83,11.81,-1.65,5,0.823,11.01
ETU02923,L3,Informatique,13.33,17.86,16.98,16.97,17.51,-0.89,0,0.951,14.72
ETU02924,M1,Droit,7.31,18.75,17.34,20.0,32.99,1.25,1,0.946,10.24
ETU02925,M2,Gestion,12.81,8.88,7.96,7.86,28.17,-1.02,1,0.734,11.12
ETU02926,M2,Informatique,18.39,8.88,6.91,11.0,7.15,2.12,0,0.648,14.35
ETU02927,L2,Ingénierie,7.3,13.54,12.01,11.08,27.48,-2.47,3,0.787,6.27
ETU02928,L2,Gestion,18.63,6.07,4.74,4.07,13.81,-2.0,2,0.962,11.94
ETU02929,M2,Informatique,18.84,13.33,11.38,10.63,28.55,-2.71,2,0.84,12.49
ETU02930,L2,Informatique,13.29,18.56,19.55,17.94,21.6,-0.63,4,0.978,13.47
ETU02931,M1,Droit,10.32,9.16,8.01,5.77,23.76,-3.39,5,0.79,7.58
ETU02932,M1,Droit,6.11,15.4,12.8,12.77,12.67,-2.63,3,0.511,10.36
ETU02933,L3,Informatique,6.2,12.35,11.95,12.46,24.96,0.12,3,0.724,7.77
ETU02934,M1,Gestion,11.05,9.02,7.55,6.78,19.8,-2.25,2,0.952,7.56
ETU02935,M1,Gestion,16.18,10.77,13.16,12.75,21.65,1.97,2,0.517,12.08
ETU02936,L1,Informatique,18.25,12.72,13.11,15.58,19.15,2.87,3,0.809,14.3
ETU02937,L1,Médecine,8.01,15.66,13.66,15.41,1.95,-0.25,1,0.689,11.59
ETU02938,L3,Gestion,12.34,12.57,13.62,13.54,16.6,0.97,3,0.702,13.27
ETU02939,M2,Médecine,12.52,17.95,18.28,19.22,1.79,1.27,2,0.784,14.93
ETU02940,L2,Informatique,10.94,6.64,6.48,4.32,5.9,-2.31,2,0.706,9.45
ETU02941,L3,Informatique,13.02,18.41,20.0,20.0,16.65,1.59,5,0.96,15.16
ETU02942,L3,Ingénierie,18.03,12.71,11.45,11.65,14.22,-1.06,0,0.652,14.86
ETU02943,M1,Gestion,11.7,10.49,12.24,11.98,1.68,1.49,4,0.88,12.62
ETU02944,L1,Gestion,7.79,6.06,5.65,6.0,4.8,-0.07,0,0.546,10.76
ETU02945,M1,Droit,14.65,9.15,9.32,9.43,16.29,0.28,2,0.666,12.37
ETU02946,M1,Médecine,6.41,11.13,10.21,8.54,33.87,-2.6,4,0.579,7.71
ETU02947,L2,Médecine,18.22,18.12,17.29,20.0,17.02,1.88,5,0.61,15.55
ETU02948,L1,Médecine,18.22,15.59,15.14,16.86,27.04,1.27,4,0.782,15.26
ETU02949,M1,Ingénierie,7.2,5.83,3.18,2.89,15.51,-2.93,4,0.671,7.45
ETU02950,L1,Droit,13.16,9.59,10.31,7.97,6.71,-1.62,2,0.524,9.49
ETU02951,L2,Gestion,16.37,11.88,12.25,8.87,0.74,-3.01,2,0.932,14.52
ETU02952,L3,Droit,12.04,16.9,14.85,18.16,13.14,1.26,1,0.838,12.66
ETU02953,L1,Gestion,12.22,15.87,17.06,17.1,32.18,1.23,5,0.978,12.17
ETU02954,L1,Droit,18.61,8.03,10.41,11.86,11.37,3.83,3,0.9,14.29
ETU02955,M1,Informatique,9.0,5.71,4.91,3.79,12.9,-1.92,0,0.78,6.87
ETU02956,M1,Droit,12.84,6.85,5.88,5.72,24.25,-1.14,0,0.73,9.86
ETU02957,M2,Droit,7.49,12.05,13.92,13.83,25.79,1.79,0,0.973,8.37
ETU02958,L3,Gestion,9.93,6.26,7.06,7.73,21.29,1.47,3,0.712,9.52
ETU02959,L1,Informatique,17.06,8.5,8.49,8.93,11.84,0.43,5,0.772,12.38
ETU02960,L3,Informatique,15.31,16.5,17.92,16.84,33.08,0.34,2,0.667,13.99
ETU02961,L1,Informatique,13.96,10.63,11.24,10.14,12.34,-0.49,1,0.64,12.07
ETU02962,L1,Gestion,7.48,18.95,20.0,20.0,10.22,1.05,2,0.923,12.33
ETU02963,L2,Ingénierie,17.06,15.58,15.76,13.43,29.51,-2.16,4,0.624,14.31
ETU02964,L1,Droit,9.88,8.71,9.55,8.61,32.73,-0.09,0,0.572,8.64
ETU02965,M2,Ingénierie,12.95,5.11,6.95,7.02,33.48,1.92,3,0.864,8.81
ETU02966,M1,Informatique,9.04,12.38,8.91,9.81,18.66,-2.58,5,0.921,6.89
ETU02967,L3,Ingénierie,12.77,14.88,16.78,19.34,30.43,4.46,5,0.964,14.68
ETU02968,L1,Ingénierie,13.31,11.58,11.02,10.6,6.43,-0.97,1,0.834,10.37
ETU02969,L1,Informatique,10.43,17.69,18.64,19.0,31.11,1.3,5,0.674,14.3
ETU02970,L1,Informatique,12.58,15.75,18.45,15.95,26.54,0.2,0,0.755,12.72
ETU02971,M1,Médecine,11.28,12.28,12.02,12.83,13.97,0.54,2,0.593,12.65
ETU02972,M1,Gestion,15.07,5.26,4.78,3.72,8.58,-1.55,2,0.606,11.26
ETU02973,M1,Médecine,13.07,9.74,9.85,9.69,26.59,-0.04,4,0.948,11.62
ETU02974,L1,Médecine,17.41,11.92,9.94,10.96,15.07,-0.96,4,0.924,13.06
ETU02975,L2,Informatique,6.65,8.5,12.0,13.08,34.25,4.58,3,0.639,6.95
ETU02976,L3,Ingénierie,6.35,16.73,16.86,14.98,29.91,-1.74,4,0.69,9.53
ETU02977,L3,Ingénierie,8.45,10.94,13.61,15.11,27.67,4.17,5,0.979,9.55
ETU02978,L1,Droit,7.54,7.85,7.55,7.8,11.68,-0.06,3,0.696,7.8
ETU02979,L3,Ingénierie,12.84,15.91,16.16,18.36,24.91,2.45,3,0.664,11.69
ETU02980,L2,Droit,8.6,13.52,15.13,17.62,26.46,4.11,3,0.6,10.59
ETU02981,L1,Médecine,6.21,7.76,6.31,9.01,14.33,1.26,1,0.704,3.96
ETU02982,M2,Gestion,9.67,12.46,12.5,10.67,3.31,-1.79,2,0.682,10.15
ETU02983,L1,Médecine,12.62,14.72,16.28,17.19,25.73,2.46,3,0.867,12.93
ETU02984,M1,Ingénierie,15.29,11.28,11.16,9.09,10.31,-2.19,0,0.673,11.32
ETU02985,L1,Médecine,11.7,9.23,8.71,10.96,4.65,1.73,2,0.729,10.4
ETU02986,L1,Médecine,18.52,14.66,16.53,18.99,1.49,4.34,1,0.661,16.65
ETU02987,M2,Droit,8.59,14.62,16.92,18.69,11.45,4.07,3,0.66,13.07
ETU02988,L2,Informatique,12.68,5.24,7.78,7.44,17.85,2.2,2,0.626,11.02
ETU02989,L1,Gestion,9.29,8.28,7.47,8.58,1.34,0.3,0,0.749,9.67
ETU02990,L3,Médecine,16.49,14.05,13.38,12.85,19.72,-1.2,3,0.715,13.38
ETU02991,L2,Droit,8.44,8.14,7.63,7.95,31.34,-0.19,2,0.529,8.25
ETU02992,M1,Informatique,18.5,18.48,19.75,19.92,20.93,1.44,3,0.965,18.69
ETU02993,L3,Gestion,15.32,7.28,5.68,2.99,18.36,-4.29,4,0.674,10.4
ETU02994,L3,Droit,13.24,15.48,13.96,13.05,8.13,-2.42,5,0.879,12.78
ETU02995,L1,Informatique,12.92,18.98,18.11,20.0,15.37,1.02,3,0.953,15.48
ETU02996,L2,Droit,10.71,9.85,8.64,8.81,21.02,-1.04,3,0.506,9.46
ETU02997,L1,Ingénierie,6.27,13.44,14.97,15.51,30.28,2.07,1,0.562,8.54
ETU02998,M2,Médecine,17.9,6.48,7.91,8.19,30.86,1.71,4,0.595,12.21
ETU02999,L1,Ingénierie,16.33,13.71,13.18,12.87,15.82,-0.84,2,0.943,13.69
ETU03000,M2,Ingénierie,7.75,18.83,18.73,19.09,6.43,0.26,5,0.773,11.81
