etudiant_id,niveau,filiere,moy_semestre_prec,note_cc1,note_cc2,note_cc3,taux_absence,nb_echecs_anterieurs,evolution_notes,participation,a_risque
ETU00001,L3,Ingénierie,6.06,6.9,6.03,7.89,34.63,1,0.99,3.04,1
ETU00002,L3,Droit,13.43,12.69,14.92,15.22,37.58,2,2.53,4.91,0
ETU00003,M1,Ingénierie,18.92,11.25,13.62,15.45,17.04,2,4.2,5.3,0
ETU00004,M1,Informatique,6.5,12.17,13.5,12.79,7.71,1,0.62,3.08,0
ETU00005,M2,Droit,8.7,8.02,6.74,4.31,16.81,0,-3.7,7.38,0
ETU00006,M2,Informatique,12.75,18.14,15.06,14.35,18.25,2,-3.79,6.92,0
ETU00007,L1,Médecine,16.53,13.94,15.76,14.85,20.78,4,0.91,7.61,0
ETU00008,L3,Médecine,7.16,17.59,17.96,17.31,10.97,2,-0.28,6.06,0
ETU00009,L3,Gestion,11.14,6.53,5.61,4.47,12.51,4,-2.06,4.6,0
ETU00010,L3,Médecine,15.71,13.72,15.68,15.29,26.22,4,1.57,4.49,0
ETU00011,M2,Ingénierie,10.83,16.89,15.8,17.03,24.87,3,0.14,7.17,0
ETU00012,M1,Droit,8.45,9.63,9.2,12.07,26.48,4,2.44,3.77,0
ETU00013,L3,Droit,8.54,7.73,8.72,6.43,15.09,2,-1.3,4.37,0
ETU00014,M2,Informatique,11.33,8.71,7.24,5.61,13.46,3,-3.1,1.64,0
ETU00015,M1,Informatique,12.23,8.82,8.86,7.97,14.06,0,-0.85,6.8,0
ETU00016,M1,Droit,17.2,11.26,13.09,14.54,38.05,1,3.28,0.77,0
ETU00017,M1,Droit,14.35,9.56,10.08,10.07,15.81,2,0.51,9.91,0
ETU00018,L1,Médecine,14.98,8.8,10.87,10.08,24.25,0,1.28,1.44,0
ETU00019,M2,Ingénierie,18.78,14.08,15.98,17.35,20.91,3,3.28,3.83,0
ETU00020,M1,Informatique,11.35,5.74,5.95,7.69,35.05,4,1.95,2.38,1
ETU00021,L1,Informatique,11.24,9.77,6.46,6.73,14.76,0,-3.03,2.91,0
ETU00022,L2,Droit,18.0,14.66,13.2,12.27,17.37,4,-2.38,3.22,0
ETU00023,L2,Gestion,9.2,7.46,8.81,9.51,33.71,0,2.05,7.18,0
ETU00024,L2,Médecine,15.49,8.09,5.97,5.92,6.44,0,-2.18,1.77,0
ETU00025,M1,Gestion,15.81,7.81,7.52,7.46,23.77,3,-0.35,2.64,0
ETU00026,L3,Droit,7.27,5.01,5.72,5.25,16.0,3,0.24,1.01,0
ETU00027,L2,Droit,12.09,11.63,14.04,15.72,39.43,4,4.09,3.31,1
ETU00028,M1,Médecine,8.61,5.55,4.88,5.56,28.86,2,0.01,9.41,1
ETU00029,L2,Informatique,8.41,8.82,8.06,9.91,0.42,2,1.09,3.8,0
ETU00030,L1,Ingénierie,12.03,18.93,19.05,20.0,33.58,0,1.07,7.77,0
ETU00031,M2,Gestion,9.76,17.86,18.58,19.57,28.13,3,1.71,4.62,0
ETU00032,L2,Gestion,16.35,8.01,7.98,7.52,22.44,4,-0.49,4.5,0
ETU00033,L2,Médecine,17.8,9.34,11.11,12.97,9.45,2,3.63,8.24,0
ETU00034,M1,Informatique,16.44,11.49,10.49,11.49,5.97,4,-0.0,0.27,0
ETU00035,M1,Droit,9.46,16.82,17.2,20.0,25.14,1,3.18,8.65,0
ETU00036,L1,Informatique,9.56,16.24,17.1,17.87,17.6,4,1.63,4.85,0
ETU00037,L1,Gestion,9.31,6.77,6.37,7.71,34.46,2,0.95,3.51,1
ETU00038,M2,Médecine,7.76,6.74,8.2,8.94,10.49,0,2.2,9.07,0
ETU00039,L3,Gestion,18.27,10.83,11.26,11.41,25.5,1,0.57,3.4,0
ETU00040,L3,Ingénierie,11.23,17.18,18.56,18.48,9.95,2,1.3,9.78,0
ETU00041,L3,Gestion,8.92,17.35,17.84,18.58,25.45,0,1.23,9.36,0
ETU00042,L3,Médecine,17.01,6.5,7.27,8.35,1.93,4,1.85,2.68,0
ETU00043,M1,Informatique,11.19,13.04,12.29,14.32,15.67,1,1.28,3.41,0
ETU00044,L1,Ingénierie,6.46,7.18,6.43,7.2,6.91,3,0.02,8.12,0
ETU00045,L2,Médecine,8.11,14.61,16.64,16.25,24.24,4,1.64,1.96,0
ETU00046,M2,Médecine,14.31,17.83,18.98,18.79,12.67,2,0.96,7.32,0
ETU00047,L1,Gestion,16.18,11.37,10.03,8.35,30.86,3,-3.02,1.29,0
ETU00048,M2,Gestion,8.74,6.16,6.63,9.43,4.58,2,3.26,2.06,0
ETU00049,L3,Droit,17.93,13.11,9.75,9.24,22.25,3,-3.87,5.01,0
ETU00050,L1,Gestion,17.06,10.72,10.06,11.81,23.75,0,1.09,7.46,0
ETU00051,L3,Informatique,17.03,16.35,17.99,18.71,0.88,1,2.36,7.39,0
ETU00052,M1,Médecine,8.96,9.76,9.78,10.53,1.44,3,0.77,6.09,0
ETU00053,L2,Médecine,6.66,17.25,17.63,17.75,12.33,0,0.5,2.72,0
ETU00054,M1,Médecine,17.28,8.83,4.51,3.63,24.36,4,-5.21,4.15,0
ETU00055,L1,Droit,9.98,7.21,6.82,5.66,38.51,3,-1.54,2.46,1
ETU00056,L1,Droit,14.05,9.29,10.0,12.89,3.63,0,3.6,2.77,0
ETU00057,M1,Ingénierie,15.88,5.49,6.39,6.86,28.13,0,1.37,3.23,0
ETU00058,L3,Droit,7.67,8.94,10.58,12.57,27.71,0,3.63,5.99,0
ETU00059,M1,Médecine,16.15,14.24,14.13,16.5,26.78,3,2.26,2.08,0
ETU00060,M2,Droit,18.2,6.99,6.94,6.63,20.65,2,-0.36,0.43,0
ETU00061,M2,Informatique,15.47,6.56,4.76,5.7,38.67,2,-0.86,6.92,1
ETU00062,L3,Gestion,11.74,6.85,6.75,7.11,20.07,2,0.26,0.22,0
ETU00063,L3,Médecine,17.4,6.09,4.39,2.96,33.53,2,-3.13,9.71,0
ETU00064,M2,Médecine,12.86,17.24,14.67,14.69,10.5,1,-2.55,3.5,0
ETU00065,M2,Médecine,15.68,18.22,16.79,17.97,32.25,0,-0.25,0.07,0
ETU00066,L1,Médecine,16.67,5.65,8.11,7.67,39.86,0,2.01,8.85,1
ETU00067,L3,Gestion,15.74,15.64,15.44,15.25,36.4,3,-0.39,6.0,0
ETU00068,M2,Ingénierie,9.74,15.32,15.85,15.89,12.16,3,0.57,8.17,0
ETU00069,L1,Médecine,7.53,18.96,18.39,20.0,33.85,1,1.04,4.35,0
ETU00070,M2,Gestion,9.1,9.87,7.38,4.93,3.81,1,-4.94,3.54,0
ETU00071,M1,Droit,12.54,9.0,10.6,11.65,27.11,2,2.66,6.55,0
ETU00072,L1,Ingénierie,12.57,11.34,8.28,8.2,13.69,3,-3.14,4.06,0
ETU00073,M1,Informatique,13.57,16.99,16.36,15.7,26.35,2,-1.29,5.56,0
ETU00074,L3,Gestion,11.14,15.2,15.32,15.2,16.49,2,0.0,2.78,0
ETU00075,L2,Informatique,16.23,11.6,12.15,13.45,0.36,0,1.85,3.33,0
ETU00076,M1,Gestion,17.87,8.42,7.53,8.92,9.25,2,0.5,0.82,0
ETU00077,M1,Gestion,9.21,15.18,12.62,13.2,1.7,3,-1.98,7.81,0
ETU00078,M2,Ingénierie,15.57,16.96,15.96,17.9,17.09,2,0.94,3.49,0
ETU00079,L3,Ingénierie,14.81,10.6,9.68,11.88,33.6,4,1.28,9.75,0
ETU00080,L1,Ingénierie,12.8,14.36,13.4,14.93,29.52,3,0.56,2.6,0
ETU00081,M2,Gestion,8.45,10.6,12.26,11.74,31.56,4,1.14,4.75,0
ETU00082,L2,Ingénierie,16.34,11.7,10.08,11.12,32.29,2,-0.58,3.06,0
ETU00083,M1,Informatique,18.49,12.35,13.0,14.05,14.88,2,1.7,6.94,0
ETU00084,M1,Informatique,15.38,15.86,16.3,15.37,20.24,2,-0.49,8.08,0
ETU00085,L1,Gestion,17.93,18.69,20.0,18.27,20.34,1,-0.41,4.87,0
ETU00086,L3,Gestion,18.79,11.22,11.22,8.49,4.53,2,-2.73,3.67,0
ETU00087,L1,Ingénierie,10.58,9.79,11.18,11.58,23.93,0,1.79,7.45,0
ETU00088,M1,Médecine,14.3,10.23,10.17,10.92,28.81,2,0.69,1.91,0
ETU00089,M1,Médecine,12.16,6.87,7.73,6.25,24.44,0,-0.62,5.99,0
ETU00090,L3,Ingénierie,18.83,9.16,7.1,8.97,29.84,2,-0.19,7.34,0
ETU00091,L2,Médecine,7.22,6.21,2.45,2.98,4.76,4,-3.23,2.69,0
ETU00092,M2,Droit,11.36,10.99,11.76,14.08,30.46,2,3.09,6.56,0
ETU00093,L1,Informatique,17.38,7.34,8.19,9.05,8.33,3,1.7,7.35,0
ETU00094,L1,Informatique,9.69,9.85,10.76,9.46,35.07,2,-0.39,1.17,1
ETU00095,L2,Ingénierie,16.24,16.11,15.52,16.51,9.8,4,0.4,3.24,0
ETU00096,M2,Droit,10.98,8.44,10.88,12.18,19.68,1,3.74,4.06,0
ETU00097,M2,Ingénierie,18.74,13.57,13.08,12.56,19.49,4,-1.01,7.76,0
ETU00098,L3,Informatique,17.49,17.62,18.45,16.58,10.75,3,-1.03,5.68,0
ETU00099,M2,Médecine,9.92,12.94,14.03,14.48,14.47,4,1.54,4.5,0
ETU00100,M2,Gestion,16.01,7.71,10.49,9.29,7.42,0,1.58,3.19,0
ETU00101,L3,Gestion,10.38,9.83,9.55,11.53,22.8,4,1.71,0.04,0
ETU00102,L1,Médecine,13.88,13.27,12.49,12.17,36.52,4,-1.09,0.2,0
ETU00103,M2,Droit,14.56,12.09,10.05,12.93,12.66,1,0.84,2.4,0
ETU00104,M1,Informatique,16.78,7.08,9.61,6.72,20.32,3,-0.36,1.17,0
ETU00105,L1,Ingénierie,6.32,11.26,12.09,12.59,34.48,2,1.33,1.2,1
ETU00106,M2,Médecine,8.86,12.6,13.48,15.93,18.1,0,3.32,6.03,0
ETU00107,L2,Gestion,15.25,8.74,13.62,12.58,33.25,2,3.84,6.05,0
ETU00108,M1,Médecine,13.33,13.57,14.26,14.32,17.86,3,0.75,0.45,0
ETU00109,L2,Informatique,12.44,5.98,4.23,3.92,17.61,1,-2.06,5.94,0
ETU00110,L1,Droit,6.72,9.71,9.62,8.89,6.29,1,-0.82,1.46,0
ETU00111,L3,Droit,10.53,16.26,15.0,15.66,5.0,2,-0.6,3.77,0
ETU00112,L3,Gestion,17.25,8.63,8.24,6.59,24.46,4,-2.04,9.9,0
ETU00113,M2,Droit,6.4,13.47,13.07,13.2,33.09,0,-0.27,5.22,1
ETU00114,L1,Ingénierie,11.15,10.74,10.06,11.13,5.42,4,0.39,0.34,0
ETU00115,M2,Informatique,18.29,9.43,7.54,7.52,36.4,4,-1.91,3.48,1
ETU00116,L1,Droit,6.66,17.83,20.0,19.21,14.36,4,1.39,6.71,0
ETU00117,M2,Ingénierie,15.75,9.81,10.45,12.3,17.01,0,2.49,2.25,0
ETU00118,M1,Ingénierie,9.35,8.31,8.18,9.57,35.78,2,1.26,9.64,1
ETU00119,L2,Ingénierie,17.27,17.73,19.07,17.8,35.85,1,0.07,4.25,0
ETU00120,M2,Droit,15.7,15.44,16.35,14.71,20.99,4,-0.73,0.21,0
ETU00121,L2,Droit,17.51,14.55,15.16,14.03,11.07,3,-0.51,5.41,0
ETU00122,M1,Droit,8.81,5.69,6.92,8.04,6.88,3,2.35,6.76,0
ETU00123,L1,Ingénierie,12.91,6.84,7.24,7.95,10.86,0,1.11,4.56,0
ETU00124,L1,Ingénierie,16.13,13.94,15.14,16.63,31.23,4,2.69,9.28,0
ETU00125,L2,Gestion,9.19,7.93,9.26,9.07,12.98,2,1.14,9.02,0
ETU00126,L2,Informatique,9.0,8.16,8.6,7.52,27.78,0,-0.64,1.39,0
ETU00127,L2,Gestion,6.35,15.91,15.78,17.46,7.81,4,1.55,0.8,0
ETU00128,L2,Gestion,18.46,9.0,11.5,10.97,19.14,4,1.97,3.12,0
ETU00129,M1,Gestion,15.23,6.0,5.49,6.07,14.08,2,0.06,6.08,0
ETU00130,L1,Ingénierie,14.26,5.51,6.3,4.27,20.14,3,-1.24,6.02,0
ETU00131,M1,Gestion,15.67,11.2,12.03,11.47,22.8,3,0.27,2.72,0
ETU00132,M2,Droit,12.91,13.64,12.93,14.74,39.64,1,1.1,9.51,1
ETU00133,M2,Gestion,12.19,17.16,16.15,15.38,36.0,3,-1.79,3.07,0
ETU00134,L1,Gestion,11.84,6.55,6.22,7.74,27.83,4,1.19,8.04,0
ETU00135,M2,Informatique,14.33,7.75,7.22,4.02,6.15,4,-3.73,8.32,0
ETU00136,L1,Ingénierie,8.62,12.42,10.43,9.89,36.76,3,-2.53,0.98,1
ETU00137,L1,Médecine,17.54,10.1,9.32,9.36,35.7,1,-0.73,2.33,0
ETU00138,M1,Informatique,16.55,11.76,12.35,15.27,35.47,4,3.51,2.15,0
ETU00139,M1,Médecine,10.54,17.94,20.0,18.58,19.16,4,0.65,9.2,0
ETU00140,L1,Médecine,13.52,12.63,13.66,14.97,6.83,0,2.34,3.51,0
ETU00141,L3,Gestion,7.83,10.81,7.11,9.0,30.18,1,-1.81,8.36,0
ETU00142,L3,Médecine,18.64,18.85,20.0,19.23,15.54,2,0.38,4.78,0
ETU00143,M1,Ingénierie,17.74,5.91,5.28,5.02,13.78,2,-0.9,4.57,0
ETU00144,L3,Médecine,17.98,18.05,18.93,19.44,15.63,3,1.39,9.03,0
ETU00145,M1,Médecine,10.32,12.02,12.2,10.28,22.36,2,-1.74,4.41,0
ETU00146,L1,Droit,8.2,12.05,11.96,11.58,13.34,0,-0.47,7.45,0
ETU00147,M2,Gestion,8.75,17.91,17.95,20.0,27.6,0,2.09,4.24,0
ETU00148,L3,Informatique,7.17,12.1,12.27,13.35,25.91,3,1.25,1.02,0
ETU00149,M1,Ingénierie,7.56,11.14,13.35,13.42,20.35,3,2.28,0.53,0
ETU00150,L3,Ingénierie,6.93,8.81,8.99,9.45,2.16,3,0.64,2.08,0
ETU00151,L2,Gestion,18.87,14.22,16.05,17.22,37.46,2,3.0,7.22,0
ETU00152,M1,Ingénierie,6.96,12.98,14.58,16.04,16.47,1,3.07,3.74,0
ETU00153,L2,Informatique,7.72,8.0,9.2,8.67,17.98,1,0.67,4.54,0
ETU00154,L2,Gestion,16.75,14.93,12.45,15.05,18.24,3,0.12,1.02,0
ETU00155,L3,Informatique,13.54,14.02,15.89,18.17,14.6,2,4.15,6.23,0
ETU00156,L2,Gestion,16.07,10.56,10.08,11.39,26.98,0,0.83,8.03,0
ETU00157,M2,Gestion,14.2,5.06,6.34,5.37,0.56,1,0.31,6.25,0
ETU00158,M1,Droit,17.47,11.25,9.99,8.76,34.94,4,-2.49,9.85,0
ETU00159,L2,Droit,14.3,5.08,3.51,3.32,4.1,2,-1.77,0.16,0
ETU00160,L1,Informatique,12.79,6.05,9.21,9.61,39.99,4,3.56,0.16,1
ETU00161,L2,Informatique,15.27,11.03,9.79,7.44,25.12,2,-3.59,5.0,0
ETU00162,L1,Ingénierie,11.82,6.15,8.07,9.11,2.65,2,2.96,2.66,0
ETU00163,L2,Droit,10.5,8.86,9.24,11.47,22.5,4,2.61,6.87,0
ETU00164,L2,Ingénierie,12.08,14.18,13.75,14.91,13.25,2,0.73,7.93,0
ETU00165,M1,Informatique,8.21,9.32,9.45,8.74,38.12,0,-0.58,1.02,1
ETU00166,L1,Gestion,16.36,18.97,17.22,16.32,30.22,2,-2.64,9.17,0
ETU00167,L1,Informatique,9.39,17.83,18.01,18.76,20.28,3,0.93,0.3,0
ETU00168,L1,Ingénierie,8.0,13.19,11.77,11.84,17.19,1,-1.35,6.88,0
ETU00169,M2,Informatique,9.2,18.54,18.14,19.11,39.83,2,0.57,3.85,0
ETU00170,M2,Ingénierie,16.95,17.15,18.74,19.94,26.7,4,2.79,6.67,0
ETU00171,L2,Informatique,10.29,9.46,10.05,11.98,20.56,2,2.52,0.98,0
ETU00172,L3,Médecine,14.92,15.49,13.47,12.07,15.92,1,-3.42,9.37,0
ETU00173,L2,Droit,17.13,6.92,8.39,9.03,12.98,0,2.11,9.37,0
ETU00174,L3,Ingénierie,7.01,14.58,14.77,14.53,28.22,2,-0.06,5.19,0
ETU00175,L3,Informatique,15.95,11.88,11.26,11.41,23.52,3,-0.46,5.1,0
ETU00176,L2,Gestion,10.0,5.24,6.56,8.15,33.93,1,2.92,6.35,0
ETU00177,M1,Médecine,8.82,8.84,8.79,10.55,22.14,2,1.71,5.8,0
ETU00178,L1,Ingénierie,14.96,18.38,16.83,19.22,23.29,3,0.85,5.44,0
ETU00179,M1,Droit,17.83,9.42,12.39,13.33,19.09,4,3.91,5.89,0
ETU00180,M1,Informatique,9.84,7.54,7.71,7.85,30.5,4,0.31,8.59,0
ETU00181,L1,Médecine,13.39,7.63,7.7,7.62,16.6,1,-0.0,6.11,0
ETU00182,M1,Droit,9.77,11.71,11.3,9.0,34.08,0,-2.71,1.96,0
ETU00183,M1,Médecine,13.21,16.8,18.77,20.0,13.08,3,3.2,9.14,0
ETU00184,M2,Droit,14.08,15.61,15.02,14.84,27.71,1,-0.77,2.16,0
ETU00185,M2,Ingénierie,13.93,11.12,9.0,10.06,35.72,1,-1.06,1.65,0
ETU00186,L1,Informatique,14.11,7.92,7.1,8.42,30.76,0,0.5,9.97,0
ETU00187,L1,Médecine,7.76,5.64,7.84,6.27,13.7,3,0.62,2.13,0
ETU00188,L1,Médecine,15.02,11.48,12.93,11.84,28.25,0,0.36,1.0,0
ETU00189,L3,Droit,14.77,16.41,16.22,18.84,8.28,1,2.44,5.62,0
ETU00190,M1,Droit,14.87,15.22,17.48,18.21,2.33,2,3.0,8.27,0
ETU00191,M1,Médecine,6.96,10.72,12.04,11.47,31.66,0,0.75,0.61,0
ETU00192,L2,Droit,11.81,13.33,13.13,13.24,32.32,3,-0.09,4.9,0
ETU00193,L2,Gestion,11.32,11.11,11.06,12.99,0.92,3,1.88,0.69,0
ETU00194,L1,Droit,7.13,13.11,13.8,15.5,37.91,2,2.4,4.29,1
ETU00195,L2,Ingénierie,8.89,12.25,11.2,9.3,17.84,0,-2.95,3.44,0
ETU00196,L2,Informatique,11.73,14.53,14.74,17.49,36.21,0,2.96,1.37,0
ETU00197,L2,Ingénierie,15.66,12.11,12.77,14.52,31.53,0,2.41,9.31,0
ETU00198,L1,Gestion,9.08,18.17,15.84,15.91,36.03,3,-2.26,6.35,1
ETU00199,L2,Informatique,16.79,10.99,10.91,9.42,33.34,3,-1.57,8.43,0
ETU00200,M2,Informatique,13.1,5.22,4.97,6.85,38.96,3,1.63,9.06,1
ETU00201,L2,Informatique,15.89,8.31,10.05,11.07,25.16,4,2.76,9.3,0
ETU00202,M2,Ingénierie,12.14,12.01,9.44,7.56,9.09,1,-4.45,7.48,0
ETU00203,L1,Gestion,12.49,12.57,12.2,12.15,15.58,0,-0.42,3.07,0
ETU00204,M1,Médecine,14.06,12.73,12.21,17.2,30.08,1,4.47,8.29,0
ETU00205,L1,Informatique,18.06,15.0,16.64,16.97,6.28,3,1.96,5.2,0
ETU00206,L2,Droit,12.39,8.85,8.98,8.17,37.19,3,-0.68,2.72,1
ETU00207,M2,Droit,12.87,14.31,17.2,15.99,8.21,2,1.68,3.86,0
ETU00208,M1,Médecine,13.83,14.86,16.05,19.01,35.04,0,4.15,3.01,0
ETU00209,L3,Ingénierie,15.59,10.76,10.34,11.91,19.35,3,1.16,4.66,0
ETU00210,M1,Médecine,6.93,10.63,11.19,13.6,33.62,4,2.97,7.81,0
ETU00211,M1,Médecine,12.7,7.5,7.17,7.85,38.33,1,0.34,4.85,0
ETU00212,M1,Gestion,12.26,10.8,12.28,14.47,16.89,4,3.67,2.68,0
ETU00213,L3,Informatique,17.98,16.02,14.22,13.24,27.86,3,-2.77,0.87,0
ETU00214,L3,Informatique,12.42,17.73,16.69,17.23,9.07,4,-0.49,8.56,0
ETU00215,L1,Gestion,12.09,13.31,14.19,14.92,32.03,3,1.61,4.17,0
ETU00216,M2,Droit,18.51,9.19,11.23,13.6,32.8,0,4.41,4.42,0
ETU00217,L3,Informatique,11.86,14.55,11.45,12.23,11.81,3,-2.32,7.64,0
ETU00218,L2,Gestion,8.35,15.36,17.62,16.99,0.97,0,1.62,8.5,0
ETU00219,L1,Médecine,8.82,9.65,9.64,10.04,17.25,1,0.39,5.11,0
ETU00220,M1,Ingénierie,7.24,16.57,13.95,11.73,6.8,4,-4.84,6.32,0
ETU00221,M1,Ingénierie,6.01,6.03,1.73,0.0,32.74,4,-6.03,2.39,1
ETU00222,M2,Gestion,11.62,5.15,3.06,4.6,10.44,2,-0.55,9.35,0
ETU00223,M2,Informatique,16.0,6.72,6.89,6.63,37.75,1,-0.09,5.68,1
ETU00224,M2,Droit,15.54,7.18,7.29,7.19,38.87,1,0.01,7.2,1
ETU00225,M1,Ingénierie,6.42,17.31,18.45,20.0,36.35,1,2.69,1.14,0
ETU00226,M2,Droit,13.41,10.95,10.33,12.72,23.98,2,1.77,6.37,0
ETU00227,L1,Ingénierie,8.01,8.85,7.39,8.49,10.7,2,-0.36,3.69,0
ETU00228,L2,Médecine,18.23,11.01,10.59,13.78,32.29,0,2.77,4.5,0
ETU00229,L3,Ingénierie,8.18,10.53,10.78,11.83,28.06,3,1.3,6.82,0
ETU00230,M1,Ingénierie,14.15,9.22,9.77,10.52,39.09,3,1.3,7.96,0
ETU00231,L2,Informatique,10.24,6.93,5.95,6.61,15.09,3,-0.32,3.49,0
ETU00232,L2,Droit,14.34,14.18,15.73,14.11,2.35,4,-0.08,8.73,0
ETU00233,M2,Informatique,11.36,6.91,6.18,7.91,39.94,3,1.0,2.19,1
ETU00234,M1,Informatique,15.88,15.86,14.75,11.38,33.53,3,-4.47,5.63,0
ETU00235,M1,Droit,9.0,7.82,7.21,6.63,8.86,1,-1.19,1.51,0
ETU00236,L1,Médecine,17.78,15.24,17.05,17.39,29.03,2,2.15,2.89,0
ETU00237,L3,Ingénierie,12.5,16.28,16.28,15.39,0.03,2,-0.88,8.95,0
ETU00238,L3,Informatique,15.83,6.75,5.91,5.54,22.31,4,-1.22,0.12,0
ETU00239,M1,Informatique,17.05,6.21,7.8,10.86,14.51,2,4.65,9.16,0
ETU00240,M2,Informatique,18.98,18.29,20.0,20.0,15.25,3,1.71,3.28,0
ETU00241,L2,Ingénierie,8.91,11.48,12.0,11.27,9.78,2,-0.21,6.96,0
ETU00242,M2,Médecine,9.73,13.82,15.87,15.47,10.99,0,1.65,0.92,0
ETU00243,M1,Droit,9.26,5.33,7.08,5.46,18.19,4,0.14,6.41,0
ETU00244,L3,Informatique,9.42,8.9,8.19,9.55,9.93,3,0.65,9.09,0
ETU00245,M2,Gestion,13.57,12.08,12.32,12.24,18.66,1,0.17,5.55,0
ETU00246,L1,Informatique,18.92,17.41,15.68,13.03,23.09,0,-4.37,3.62,0
ETU00247,M1,Informatique,18.87,8.8,8.69,9.14,28.44,4,0.34,7.94,0
ETU00248,L2,Droit,12.85,15.85,15.11,16.07,27.09,1,0.22,7.13,0
ETU00249,M1,Droit,14.31,14.27,13.87,15.61,9.68,0,1.34,1.18,0
ETU00250,L1,Droit,17.18,6.61,5.69,5.88,1.57,3,-0.73,6.66,0
ETU00251,M1,Ingénierie,18.13,9.11,8.88,8.62,33.31,0,-0.49,6.65,0
ETU00252,L1,Ingénierie,8.65,8.33,9.33,12.61,34.89,1,4.28,7.52,0
ETU00253,L2,Informatique,12.87,11.2,11.22,11.53,39.16,4,0.33,3.16,1
ETU00254,M2,Gestion,16.83,13.89,11.3,12.68,38.39,0,-1.22,4.01,0
ETU00255,M1,Droit,9.94,11.07,10.15,9.64,25.35,3,-1.43,9.6,0
ETU00256,L3,Droit,11.72,8.42,6.34,7.68,35.77,3,-0.74,5.73,1
ETU00257,L2,Droit,18.81,14.74,15.31,13.42,17.92,1,-1.32,5.09,0
ETU00258,L1,Médecine,18.81,13.18,14.14,13.74,31.49,1,0.56,9.87,0
ETU00259,L1,Informatique,17.78,12.27,12.86,11.34,38.21,2,-0.93,2.3,0
ETU00260,M1,Ingénierie,16.38,12.76,11.78,11.17,31.85,2,-1.59,3.98,0
ETU00261,L2,Gestion,9.5,8.11,8.68,10.85,16.63,4,2.75,7.6,0
ETU00262,L1,Gestion,10.17,14.53,14.02,13.4,15.11,1,-1.12,7.13,0
ETU00263,L3,Gestion,13.11,10.43,8.92,10.3,11.66,2,-0.13,9.67,0
ETU00264,L2,Médecine,13.29,10.09,11.4,13.98,14.68,3,3.89,6.54,0
ETU00265,M2,Médecine,12.57,7.1,8.52,8.78,32.82,0,1.69,3.13,0
ETU00266,L2,Médecine,14.28,13.36,14.98,16.77,28.06,4,3.41,3.98,0
ETU00267,L2,Droit,11.31,13.44,12.72,13.82,10.0,4,0.38,0.9,0
ETU00268,L1,Gestion,15.74,9.76,11.73,12.21,28.46,0,2.44,9.24,0
ETU00269,L1,Médecine,10.34,17.04,16.5,17.92,15.18,1,0.89,1.29,0
ETU00270,L3,Informatique,10.3,16.84,18.02,20.0,22.31,3,3.16,5.46,0
ETU00271,L2,Gestion,7.65,6.53,5.96,5.3,14.81,4,-1.22,4.01,0
ETU00272,M1,Médecine,8.45,14.73,14.59,13.46,20.87,0,-1.27,1.34,0
ETU00273,M2,Médecine,17.06,10.51,7.08,5.86,29.19,4,-4.66,2.93,0
ETU00274,L3,Gestion,11.8,19.0,18.74,20.0,29.25,1,1.0,6.34,0
ETU00275,L2,Gestion,8.96,8.15,8.49,10.48,30.13,1,2.33,0.31,0
ETU00276,M2,Gestion,15.87,8.93,8.51,8.01,15.64,1,-0.92,9.66,0
ETU00277,M2,Ingénierie,13.2,11.19,14.02,11.12,27.62,3,-0.07,9.09,0
ETU00278,M2,Droit,6.28,8.76,7.22,6.51,9.55,1,-2.26,0.85,0
ETU00279,M2,Informatique,10.11,14.69,14.04,15.16,19.1,2,0.48,8.68,0
ETU00280,M2,Informatique,8.3,11.73,10.58,10.78,23.32,0,-0.96,3.29,0
ETU00281,M1,Informatique,14.53,8.09,7.45,8.02,27.46,0,-0.08,0.68,0
ETU00282,M2,Gestion,9.58,12.09,13.84,13.35,36.48,3,1.26,3.06,1
ETU00283,L2,Gestion,6.84,17.44,19.86,20.0,12.19,1,2.56,8.09,0
ETU00284,M2,Droit,6.71,16.09,15.24,16.06,33.81,3,-0.04,6.66,0
ETU00285,L1,Médecine,13.56,11.98,11.1,12.28,12.44,3,0.3,2.39,0
ETU00286,M2,Ingénierie,6.28,9.04,7.5,8.04,22.08,4,-1.0,7.19,0
ETU00287,L2,Droit,17.03,7.52,9.68,10.76,33.12,0,3.25,7.08,0
ETU00288,L2,Médecine,8.02,17.3,19.18,20.0,28.93,4,2.7,7.43,0
ETU00289,M1,Médecine,13.89,14.94,14.98,13.89,34.51,4,-1.05,5.41,0
ETU00290,L1,Gestion,11.78,13.01,11.12,11.98,32.6,2,-1.03,8.19,0
ETU00291,M2,Médecine,11.76,17.31,15.55,17.04,11.05,0,-0.27,6.41,0
ETU00292,M1,Gestion,6.93,6.7,7.16,9.19,39.72,0,2.49,1.25,1
ETU00293,L1,Gestion,16.44,14.55,15.58,16.5,37.48,2,1.95,8.1,0
ETU00294,M2,Ingénierie,17.61,8.03,5.13,3.99,17.21,0,-4.05,3.24,0
ETU00295,L1,Ingénierie,6.14,6.69,6.41,5.49,1.89,0,-1.2,7.05,0
ETU00296,M2,Médecine,8.32,11.52,14.15,13.79,12.14,2,2.27,6.75,0
ETU00297,M2,Droit,17.75,10.42,10.3,10.88,33.45,2,0.46,3.36,0
ETU00298,M1,Médecine,13.14,18.18,20.0,20.0,38.03,4,1.82,1.62,0
ETU00299,M1,Médecine,7.95,9.54,10.71,9.32,33.27,4,-0.21,6.95,1
ETU00300,M2,Informatique,8.64,16.41,14.98,13.59,15.87,1,-2.82,8.49,0
ETU00301,M2,Gestion,14.58,15.48,15.24,12.4,2.26,1,-3.09,8.38,0
ETU00302,M1,Informatique,15.42,14.35,14.36,9.98,20.7,0,-4.37,6.27,0
ETU00303,L1,Droit,13.79,17.89,16.66,16.76,15.06,1,-1.13,2.27,0
ETU00304,M1,Gestion,18.39,10.71,9.46,13.24,4.92,2,2.53,3.16,0
ETU00305,L2,Gestion,12.42,10.46,12.92,15.91,4.23,4,5.46,7.55,0
ETU00306,L1,Ingénierie,9.9,7.25,5.99,4.82,6.12,4,-2.43,4.11,0
ETU00307,L1,Gestion,12.2,8.86,10.68,11.2,8.23,4,2.34,7.32,0
ETU00308,L3,Ingénierie,10.68,17.32,16.86,14.97,30.15,2,-2.35,3.09,0
ETU00309,M2,Droit,8.92,11.64,11.8,10.13,15.27,3,-1.51,0.06,0
ETU00310,L1,Informatique,6.6,9.78,10.82,9.33,17.48,3,-0.45,6.03,0
ETU00311,L1,Informatique,10.58,8.03,7.33,7.29,23.94,1,-0.74,6.01,0
ETU00312,L1,Médecine,15.25,11.79,12.84,12.87,38.41,2,1.08,6.28,0
ETU00313,L1,Ingénierie,6.24,15.03,12.16,12.84,30.26,2,-2.19,2.68,1
ETU00314,L3,Ingénierie,11.71,9.01,9.87,11.17,25.83,1,2.15,8.11,0
ETU00315,M2,Informatique,14.37,15.61,12.11,11.9,29.75,2,-3.71,4.87,0
ETU00316,L1,Ingénierie,13.94,13.82,13.68,14.03,28.77,2,0.21,7.62,0
ETU00317,M2,Gestion,16.1,16.03,17.51,16.17,27.61,0,0.14,6.11,0
ETU00318,M2,Droit,16.54,8.51,9.65,7.93,19.86,3,-0.58,4.16,0
ETU00319,L1,Informatique,15.25,13.83,12.09,10.14,22.67,4,-3.7,6.8,0
ETU00320,L3,Gestion,7.34,7.15,5.6,6.87,18.46,3,-0.28,5.75,0
ETU00321,M2,Gestion,12.18,10.09,9.26,9.05,15.8,4,-1.04,5.11,0
ETU00322,M1,Ingénierie,13.84,15.14,15.62,13.11,10.83,2,-2.03,6.49,0
ETU00323,L1,Gestion,9.19,13.84,11.0,11.2,14.21,0,-2.64,0.86,0
ETU00324,L1,Gestion,6.55,7.63,7.81,6.24,17.14,1,-1.39,9.1,0
ETU00325,L3,Gestion,8.91,17.02,17.68,20.0,23.18,4,2.98,3.35,0
ETU00326,M2,Gestion,11.91,5.75,5.52,4.95,20.0,0,-0.79,2.25,0
ETU00327,M2,Droit,11.38,13.33,14.32,15.64,4.32,2,2.31,7.72,0
ETU00328,L3,Gestion,8.3,18.77,19.31,20.0,13.6,0,1.23,2.31,0
ETU00329,L3,Gestion,16.72,12.44,11.83,10.7,15.05,1,-1.74,9.96,0
ETU00330,L3,Droit,18.03,16.21,13.51,13.92,28.28,0,-2.29,4.2,0
ETU00331,L3,Médecine,8.62,13.33,13.73,14.86,13.32,0,1.53,2.97,0
ETU00332,M1,Informatique,18.08,15.96,14.73,15.21,0.32,0,-0.76,0.62,0
ETU00333,L2,Gestion,6.23,14.18,13.51,14.35,3.37,2,0.17,0.42,0
ETU00334,L3,Droit,18.02,14.68,15.59,13.9,19.88,3,-0.78,0.95,0
ETU00335,M1,Ingénierie,18.38,8.19,10.52,11.65,7.54,1,3.46,0.05,0
ETU00336,L3,Ingénierie,6.16,15.39,15.53,15.1,19.78,4,-0.29,3.27,0
ETU00337,M2,Ingénierie,15.92,8.33,9.36,10.19,22.97,1,1.86,3.1,0
ETU00338,M1,Droit,18.61,18.73,16.76,18.44,37.34,3,-0.29,4.3,0
ETU00339,M1,Informatique,17.78,8.19,8.76,10.06,26.22,2,1.87,2.33,0
ETU00340,M2,Ingénierie,18.62,8.31,8.42,9.25,1.24,3,0.93,0.63,0
ETU00341,L3,Médecine,13.15,17.02,19.07,20.0,15.23,4,2.98,0.71,0
ETU00342,L2,Ingénierie,7.02,8.4,7.79,9.12,31.74,4,0.72,1.82,0
ETU00343,L3,Ingénierie,17.05,10.05,9.89,12.43,10.42,2,2.38,3.17,0
ETU00344,M2,Médecine,13.98,15.0,16.79,17.04,37.0,4,2.04,1.48,0
ETU00345,M2,Droit,13.99,7.22,7.28,7.83,21.16,3,0.61,3.65,0
ETU00346,L2,Médecine,11.42,7.23,5.76,7.46,3.7,1,0.23,9.22,0
ETU00347,L3,Médecine,13.43,11.81,15.84,15.4,9.67,4,3.59,2.62,0
ETU00348,L2,Ingénierie,8.0,8.41,6.99,5.29,36.25,0,-3.12,1.68,1
ETU00349,L1,Gestion,15.62,8.3,8.4,9.44,39.66,2,1.14,6.65,1
ETU00350,L2,Droit,6.98,5.13,5.85,5.84,34.52,0,0.71,4.91,1
ETU00351,L1,Droit,15.49,10.19,10.79,9.28,12.83,3,-0.91,0.47,0
ETU00352,L2,Gestion,17.04,9.46,9.37,10.42,30.75,4,0.97,7.88,0
ETU00353,L1,Droit,12.14,5.44,5.36,7.81,8.89,4,2.37,7.15,0
ETU00354,L2,Ingénierie,12.63,13.7,13.54,11.4,15.38,0,-2.3,9.77,0
ETU00355,M1,Informatique,10.06,13.77,12.3,14.13,27.89,1,0.36,9.38,0
ETU00356,M2,Droit,18.6,5.99,9.42,5.91,38.76,1,-0.08,5.84,1
ETU00357,M2,Médecine,15.53,9.44,9.31,9.01,17.57,0,-0.43,6.86,0
ETU00358,L3,Ingénierie,10.8,17.22,18.31,20.0,19.83,2,2.78,4.1,0
ETU00359,L3,Gestion,8.27,13.15,12.85,12.66,8.81,0,-0.49,8.88,0
ETU00360,M2,Gestion,8.85,10.77,10.44,10.87,16.13,3,0.1,5.53,0
ETU00361,L3,Informatique,12.03,11.51,11.03,12.47,2.52,2,0.96,3.26,0
ETU00362,L1,Gestion,18.25,7.92,5.79,3.52,34.34,2,-4.4,0.09,0
ETU00363,M2,Ingénierie,15.54,16.37,16.33,16.73,0.93,4,0.37,5.86,0
ETU00364,M1,Médecine,8.8,17.8,17.39,17.78,27.34,3,-0.01,5.25,0
ETU00365,M1,Droit,17.17,17.75,19.71,20.0,10.93,1,2.25,8.12,0
ETU00366,L1,Médecine,10.92,8.14,6.54,4.99,19.04,2,-3.15,1.87,0
ETU00367,L3,Ingénierie,17.07,9.35,8.68,8.41,11.26,4,-0.94,8.15,0
ETU00368,L3,Droit,9.14,7.25,6.1,5.01,16.0,4,-2.24,0.15,0
ETU00369,M2,Gestion,14.04,9.3,11.66,10.41,21.87,3,1.11,5.87,0
ETU00370,L2,Ingénierie,18.05,9.66,8.56,10.55,25.64,0,0.89,3.97,0
ETU00371,L2,Ingénierie,9.35,13.86,14.91,15.25,37.61,2,1.38,3.32,1
ETU00372,M1,Droit,15.01,7.66,9.31,8.78,13.29,4,1.12,4.33,0
ETU00373,L1,Informatique,18.84,17.87,17.85,17.38,23.39,0,-0.5,2.24,0
ETU00374,M1,Informatique,7.96,6.44,4.58,4.03,36.07,2,-2.41,1.83,1
ETU00375,L1,Informatique,7.15,5.1,3.25,2.84,11.61,2,-2.26,8.05,0
ETU00376,L2,Médecine,14.76,16.97,18.46,16.86,34.6,1,-0.11,2.28,0
ETU00377,L3,Informatique,10.42,14.85,13.16,13.07,38.3,1,-1.78,7.37,1
ETU00378,L1,Informatique,6.93,9.98,10.76,10.52,33.9,4,0.55,7.11,1
ETU00379,L1,Médecine,12.18,13.34,13.71,12.87,22.79,2,-0.47,0.33,0
ETU00380,L3,Droit,15.8,8.13,8.9,9.43,28.88,4,1.3,8.81,0
ETU00381,M1,Droit,9.71,7.36,8.26,8.92,19.24,2,1.57,7.89,0
ETU00382,L2,Informatique,10.36,11.6,10.4,9.86,23.89,4,-1.74,7.96,0
ETU00383,L2,Gestion,16.99,9.94,8.68,8.77,38.98,3,-1.18,8.09,1
ETU00384,M1,Gestion,12.76,13.61,14.89,18.42,10.04,4,4.81,5.83,0
ETU00385,M2,Médecine,16.96,8.05,7.31,10.79,31.7,1,2.74,9.93,0
ETU00386,L3,Ingénierie,11.8,14.28,10.36,9.07,20.25,1,-5.21,1.79,0
ETU00387,L3,Ingénierie,18.39,15.74,16.91,15.84,7.07,0,0.1,0.72,0
ETU00388,M2,Informatique,14.46,7.33,5.98,4.69,25.74,1,-2.64,7.04,0
ETU00389,L1,Médecine,7.51,5.61,6.51,8.4,31.7,0,2.79,2.94,1
ETU00390,M2,Médecine,17.51,11.15,13.44,13.15,22.75,0,1.99,6.08,0
ETU00391,L3,Informatique,12.36,15.84,16.06,16.72,33.5,1,0.88,3.92,0
ETU00392,L2,Médecine,7.84,14.11,15.8,19.1,14.63,4,4.99,3.34,0
ETU00393,M1,Droit,7.98,14.83,15.26,15.54,36.55,1,0.71,8.93,1
ETU00394,M2,Informatique,14.94,10.64,13.22,14.58,25.93,4,3.94,1.42,0
ETU00395,M2,Médecine,6.62,8.29,6.9,7.98,32.13,4,-0.31,1.89,1
ETU00396,M1,Ingénierie,9.73,12.44,12.63,12.05,10.92,4,-0.39,6.68,0
ETU00397,L3,Droit,7.82,7.86,9.07,10.96,17.85,2,3.1,7.83,0
ETU00398,L1,Gestion,11.73,15.17,15.08,14.11,36.38,4,-1.06,8.32,1
ETU00399,L1,Droit,11.39,7.76,9.69,12.0,2.04,2,4.24,2.31,0
ETU00400,M2,Droit,12.78,9.08,8.63,8.05,16.16,3,-1.03,8.82,0
ETU00401,L1,Ingénierie,9.64,12.09,15.4,14.98,31.21,4,2.89,6.1,0
ETU00402,L3,Médecine,6.42,11.81,15.2,13.86,29.75,0,2.05,8.23,0
ETU00403,L3,Médecine,13.99,13.41,14.03,12.95,34.06,0,-0.46,0.69,0
ETU00404,M1,Médecine,10.86,11.12,12.15,11.81,29.58,0,0.69,3.57,0
ETU00405,L2,Médecine,14.47,17.87,19.86,16.51,37.88,3,-1.36,5.25,0
ETU00406,M1,Gestion,7.41,16.76,15.18,15.13,19.93,2,-1.63,5.77,0
ETU00407,L3,Informatique,6.18,17.31,15.54,15.08,24.97,1,-2.23,0.99,0
ETU00408,M2,Ingénierie,9.23,13.81,15.9,17.38,33.91,3,3.57,5.39,0
ETU00409,L1,Droit,11.94,13.89,14.5,15.44,28.07,0,1.55,6.65,0
ETU00410,M1,Ingénierie,11.12,13.53,13.39,12.63,4.08,0,-0.9,3.62,0
ETU00411,M1,Médecine,16.53,11.09,11.31,10.92,14.68,2,-0.17,5.01,0
ETU00412,M2,Droit,10.91,9.51,6.13,6.08,22.1,4,-3.43,2.93,0
ETU00413,L3,Médecine,12.9,13.29,13.2,15.73,30.19,3,2.44,8.71,0
ETU00414,L2,Médecine,13.72,5.36,4.43,3.49,21.74,3,-1.86,5.99,0
ETU00415,L3,Ingénierie,6.28,5.1,6.68,5.9,31.1,3,0.8,5.51,0
ETU00416,M2,Gestion,12.7,16.92,18.62,17.22,33.5,1,0.3,9.44,0
ETU00417,L1,Gestion,10.48,5.65,6.71,4.79,10.61,2,-0.86,6.65,0
ETU00418,M1,Gestion,11.48,12.35,13.14,13.9,24.64,4,1.55,2.8,0
ETU00419,L2,Informatique,7.3,13.61,11.56,12.17,22.28,3,-1.44,6.42,0
ETU00420,M1,Droit,16.18,7.77,8.86,11.08,9.09,2,3.31,9.62,0
ETU00421,L3,Droit,18.25,17.54,18.68,20.0,19.6,0,2.46,0.24,0
ETU00422,M2,Informatique,6.29,7.66,9.73,13.62,21.94,3,5.96,6.27,0
ETU00423,L1,Ingénierie,13.82,17.38,20.0,20.0,32.69,1,2.62,1.57,0
ETU00424,L1,Médecine,15.93,15.68,13.34,13.25,18.44,1,-2.43,8.16,0
ETU00425,M2,Gestion,9.7,8.37,7.99,6.34,3.24,3,-2.03,6.41,0
ETU00426,L2,Informatique,16.24,7.11,6.2,7.54,19.49,1,0.43,9.37,0
ETU00427,L1,Médecine,14.22,9.43,9.89,10.36,33.52,2,0.94,6.7,0
ETU00428,M2,Informatique,18.08,10.57,10.79,12.07,22.85,0,1.5,0.17,0
ETU00429,L3,Informatique,18.75,8.44,8.29,6.88,12.75,0,-1.56,5.1,0
ETU00430,M2,Droit,6.55,18.98,20.0,20.0,36.84,2,1.02,9.04,1
ETU00431,L3,Ingénierie,11.78,8.22,6.76,7.37,6.23,4,-0.84,2.32,0
ETU00432,M1,Informatique,13.11,16.63,15.27,15.78,13.08,3,-0.85,0.83,0
ETU00433,L3,Droit,7.91,7.23,5.89,5.17,17.49,2,-2.06,7.2,0
ETU00434,L3,Droit,10.37,18.72,18.38,20.0,29.52,4,1.28,5.03,0
ETU00435,L3,Gestion,18.84,8.16,6.51,9.89,33.43,1,1.73,0.48,0
ETU00436,L2,Droit,6.21,10.9,11.03,9.67,2.34,4,-1.24,2.8,0
ETU00437,M1,Médecine,11.88,12.82,12.77,14.15,31.68,2,1.33,3.27,0
ETU00438,L3,Informatique,16.95,6.68,5.7,1.69,28.82,0,-5.0,6.68,0
ETU00439,L1,Ingénierie,10.21,16.44,17.95,19.25,35.79,0,2.81,4.72,0
ETU00440,L2,Gestion,12.24,8.85,8.96,6.45,36.02,4,-2.39,4.87,1
ETU00441,L3,Gestion,18.71,12.69,14.48,14.0,31.1,3,1.31,8.07,0
ETU00442,M2,Informatique,12.17,12.69,12.6,10.93,7.61,0,-1.76,2.78,0
ETU00443,L3,Droit,7.7,13.44,13.6,13.58,12.55,4,0.14,6.73,0
ETU00444,L3,Droit,6.67,5.78,5.13,6.69,37.45,0,0.91,3.68,0
ETU00445,L1,Informatique,18.29,7.36,7.55,5.06,23.93,1,-2.3,4.18,0
ETU00446,L2,Gestion,9.46,7.26,8.53,8.29,21.55,3,1.03,5.56,0
ETU00447,L2,Médecine,12.55,9.23,8.81,8.34,36.63,0,-0.89,6.96,0
ETU00448,L3,Médecine,7.18,7.03,8.01,10.68,34.97,4,3.65,9.45,1
ETU00449,M2,Gestion,11.51,17.91,16.89,17.84,29.1,3,-0.07,2.69,0
ETU00450,M2,Médecine,18.09,12.18,13.52,12.05,35.29,4,-0.13,1.04,0
ETU00451,L2,Médecine,12.53,13.73,13.06,12.65,4.55,4,-1.08,4.29,0
ETU00452,M1,Gestion,18.62,10.0,11.48,14.12,30.3,4,4.11,5.47,0
ETU00453,M2,Informatique,9.36,8.87,9.16,10.53,38.63,1,1.66,2.28,1
ETU00454,L2,Informatique,12.56,12.04,14.53,13.45,1.96,1,1.4,8.9,0
ETU00455,L3,Ingénierie,17.17,9.12,7.59,7.49,8.92,1,-1.63,7.99,0
ETU00456,L3,Gestion,11.83,9.81,7.8,7.74,31.76,0,-2.07,4.94,0
ETU00457,L1,Ingénierie,9.63,11.34,10.61,10.11,20.8,3,-1.23,4.5,0
ETU00458,L3,Gestion,17.12,12.08,10.2,7.94,3.46,0,-4.14,0.41,0
ETU00459,L1,Médecine,11.07,18.78,16.91,16.19,10.72,2,-2.59,5.37,0
ETU00460,L2,Gestion,12.9,8.13,9.26,11.64,12.96,2,3.52,5.96,0
ETU00461,L1,Médecine,18.69,11.83,12.03,11.75,12.84,2,-0.08,8.92,0
ETU00462,M1,Ingénierie,8.42,7.09,6.57,6.72,35.11,2,-0.37,5.01,1
ETU00463,M2,Médecine,9.92,9.9,9.52,10.03,26.48,1,0.13,1.57,0
ETU00464,L2,Informatique,6.4,15.04,14.35,17.97,29.4,0,2.93,1.8,0
ETU00465,L1,Droit,11.09,7.44,10.12,10.43,0.54,4,2.99,1.6,0
ETU00466,L3,Gestion,8.6,13.14,12.24,14.18,17.1,2,1.04,9.39,0
ETU00467,L1,Gestion,14.84,10.83,9.05,8.45,12.71,2,-2.38,7.93,0
ETU00468,L3,Ingénierie,8.36,5.72,7.12,7.03,34.08,2,1.3,8.25,1
ETU00469,L3,Ingénierie,14.77,18.06,17.94,18.26,38.15,1,0.2,8.4,0
ETU00470,L3,Ingénierie,9.43,10.79,14.05,13.19,16.93,3,2.4,0.96,0
ETU00471,L3,Ingénierie,10.62,15.97,15.39,15.38,38.92,1,-0.59,7.02,1
ETU00472,L3,Droit,10.54,10.83,12.3,13.93,0.57,2,3.1,7.04,0
ETU00473,L1,Droit,15.32,18.12,19.95,19.05,13.03,4,0.92,2.25,0
ETU00474,M1,Droit,12.06,9.07,8.48,8.78,31.0,1,-0.28,4.91,1
ETU00475,M1,Médecine,10.7,10.77,9.86,11.22,14.4,3,0.45,6.62,0
ETU00476,L1,Informatique,17.08,15.62,16.94,16.0,36.84,3,0.38,8.97,0
ETU00477,L3,Ingénierie,13.44,9.81,10.87,12.82,8.74,0,3.01,1.1,0
ETU00478,L2,Ingénierie,8.78,10.1,8.19,8.59,31.83,3,-1.51,8.92,0
ETU00479,L2,Ingénierie,17.7,18.93,17.43,17.49,8.07,4,-1.44,9.22,0
ETU00480,M1,Droit,10.45,12.78,9.17,6.46,7.88,1,-6.32,9.24,0
ETU00481,L3,Droit,6.51,14.65,15.74,15.48,17.83,4,0.83,0.05,0
ETU00482,M2,Droit,12.43,14.01,13.82,14.67,37.8,0,0.66,2.21,0
ETU00483,L3,Médecine,7.61,16.59,16.55,19.47,23.42,0,2.87,6.91,0
ETU00484,L1,Gestion,9.1,17.07,14.73,15.88,25.4,4,-1.19,3.22,0
ETU00485,M1,Médecine,15.71,12.89,11.44,13.43,0.39,4,0.54,0.61,0
ETU00486,L1,Droit,7.7,9.12,8.61,7.09,2.26,3,-2.03,7.63,0
ETU00487,L2,Gestion,16.49,5.32,4.51,4.62,2.68,3,-0.7,0.29,0
ETU00488,M2,Médecine,18.18,13.6,13.98,16.11,32.79,1,2.51,4.46,0
ETU00489,M2,Gestion,13.88,16.56,17.63,16.6,9.47,2,0.04,9.48,0
ETU00490,L1,Informatique,15.23,11.31,14.91,16.66,13.15,2,5.35,4.4,0
ETU00491,M2,Droit,15.28,7.31,7.48,8.88,24.4,0,1.57,9.12,0
ETU00492,M2,Droit,18.91,9.03,10.91,11.62,23.36,2,2.59,4.09,0
ETU00493,M2,Gestion,10.44,12.14,11.09,10.9,16.42,0,-1.24,3.47,0
ETU00494,M2,Informatique,8.12,16.71,14.4,13.22,0.17,0,-3.49,1.07,0
ETU00495,L1,Droit,12.75,7.4,7.08,10.04,17.98,0,2.63,3.58,0
ETU00496,L1,Médecine,12.93,13.57,11.37,12.62,29.56,0,-0.95,3.37,0
ETU00497,M1,Ingénierie,8.31,15.55,15.77,16.58,9.41,0,1.03,8.47,0
ETU00498,L1,Gestion,13.97,18.1,17.13,16.81,28.33,4,-1.29,9.2,0
ETU00499,L2,Droit,6.18,6.63,3.9,4.26,0.61,4,-2.37,0.22,0
ETU00500,M2,Ingénierie,18.06,17.97,20.0,20.0,36.32,2,2.03,0.98,0
ETU00501,M2,Gestion,9.44,13.42,12.81,13.71,38.0,1,0.29,6.43,1
ETU00502,L2,Droit,6.51,15.73,13.48,14.88,0.1,0,-0.85,4.85,0
ETU00503,L3,Médecine,7.41,5.75,7.3,6.43,18.31,4,0.67,2.97,0
ETU00504,L3,Droit,9.12,12.09,11.19,9.29,16.55,3,-2.79,2.6,0
ETU00505,L2,Ingénierie,9.56,13.72,15.55,15.98,33.68,3,2.26,2.25,1
ETU00506,L2,Gestion,6.43,9.3,8.4,6.07,21.63,2,-3.22,5.25,0
ETU00507,L3,Droit,9.63,11.04,10.43,10.25,24.45,0,-0.8,0.17,0
ETU00508,M1,Droit,8.51,12.76,13.48,13.01,8.1,3,0.25,7.39,0
ETU00509,M2,Médecine,10.92,12.74,13.83,14.86,3.08,2,2.13,3.0,0
ETU00510,M2,Gestion,11.01,5.59,6.94,10.21,27.69,1,4.63,4.27,0
ETU00511,L1,Gestion,10.41,11.15,11.22,8.6,24.83,1,-2.55,5.27,0
ETU00512,M1,Gestion,10.26,7.99,8.99,12.7,33.29,0,4.7,2.11,1
ETU00513,M1,Gestion,7.17,17.83,19.15,19.1,33.79,4,1.27,8.84,0
ETU00514,L1,Informatique,6.33,18.67,19.17,19.99,25.24,0,1.32,6.82,0
ETU00515,M2,Ingénierie,8.63,9.2,9.18,7.36,21.53,4,-1.84,8.7,0
ETU00516,L3,Gestion,15.84,7.45,5.48,7.28,36.56,4,-0.17,4.75,0
ETU00517,M1,Gestion,18.88,8.07,9.17,9.53,32.05,0,1.46,4.32,0
ETU00518,M1,Ingénierie,18.07,11.69,11.95,12.16,35.3,3,0.47,2.37,0
ETU00519,L2,Médecine,12.55,17.24,16.82,14.22,39.83,0,-3.03,5.45,0
ETU00520,L2,Gestion,12.91,12.0,14.12,14.53,16.14,4,2.53,5.93,0
ETU00521,L2,Gestion,10.09,5.78,3.83,5.4,28.68,2,-0.37,4.2,1
ETU00522,M1,Ingénierie,16.06,5.56,8.22,8.17,27.52,0,2.61,1.45,0
ETU00523,M1,Gestion,15.94,8.18,8.35,10.41,6.97,3,2.23,2.73,0
ETU00524,M1,Ingénierie,16.98,16.8,17.48,19.47,25.46,3,2.68,0.14,0
ETU00525,L1,Médecine,17.64,13.7,13.31,12.65,17.12,4,-1.05,3.19,0
ETU00526,L1,Médecine,11.65,12.88,10.58,13.27,18.03,2,0.39,5.81,0
ETU00527,M1,Droit,15.97,9.47,9.46,9.82,7.21,4,0.36,9.56,0
ETU00528,M2,Informatique,16.48,18.01,18.71,19.09,29.79,3,1.08,1.78,0
ETU00529,L2,Ingénierie,10.01,9.64,10.85,11.3,27.92,2,1.66,0.55,0
ETU00530,L3,Droit,18.08,16.69,16.59,17.0,21.29,1,0.31,2.96,0
ETU00531,M2,Informatique,7.23,17.54,14.45,10.81,6.27,1,-6.73,1.57,0
ETU00532,L2,Ingénierie,18.93,11.77,9.65,9.68,22.27,3,-2.09,6.96,0
ETU00533,L3,Gestion,16.01,17.52,20.0,19.05,4.01,3,1.53,0.06,0
ETU00534,L1,Gestion,7.21,8.88,7.44,10.18,13.57,0,1.3,9.81,0
ETU00535,L2,Médecine,14.53,14.22,16.56,19.24,14.89,2,5.02,8.56,0
ETU00536,L2,Gestion,6.44,6.23,5.03,6.61,35.34,0,0.38,4.91,1
ETU00537,M1,Informatique,16.01,11.64,11.56,11.5,16.62,1,-0.13,9.21,0
ETU00538,L2,Gestion,16.39,8.04,9.18,7.97,23.94,3,-0.07,6.28,0
ETU00539,L3,Médecine,13.83,5.88,4.85,4.16,34.99,3,-1.72,9.94,1
ETU00540,L2,Droit,17.14,5.05,7.64,10.85,17.03,0,5.8,2.78,0
ETU00541,L1,Médecine,7.27,9.55,9.86,9.12,35.35,3,-0.42,9.97,0
ETU00542,M1,Informatique,9.59,13.25,14.14,10.91,5.46,0,-2.34,1.8,0
ETU00543,M1,Gestion,11.38,11.37,11.17,13.02,14.59,0,1.64,3.53,0
ETU00544,M1,Gestion,6.55,9.22,10.41,12.96,3.79,4,3.74,9.35,0
ETU00545,L3,Informatique,11.83,18.88,20.0,20.0,22.44,0,1.12,3.71,0
ETU00546,L1,Médecine,9.45,18.15,18.16,20.0,38.29,1,1.85,2.1,0
ETU00547,L3,Gestion,11.11,6.76,9.55,11.66,26.28,0,4.9,0.59,0
ETU00548,M1,Droit,11.53,10.81,10.09,10.47,25.04,2,-0.34,1.49,0
ETU00549,L3,Ingénierie,17.43,14.08,15.43,12.62,11.13,2,-1.47,3.55,0
ETU00550,M1,Gestion,9.51,15.27,16.2,16.54,37.24,4,1.28,4.21,1
ETU00551,L2,Informatique,17.62,10.13,8.73,9.96,18.86,4,-0.17,5.42,0
ETU00552,L3,Ingénierie,11.54,15.45,15.97,16.07,10.68,3,0.62,8.14,0
ETU00553,L2,Gestion,10.26,6.74,6.95,6.98,39.51,2,0.24,0.13,1
ETU00554,M2,Gestion,12.53,9.65,8.57,7.42,16.92,0,-2.23,8.41,0
ETU00555,L1,Médecine,11.43,15.03,15.77,14.56,14.86,4,-0.47,5.77,0
ETU00556,L2,Informatique,9.35,13.76,14.18,17.24,1.4,2,3.48,7.56,0
ETU00557,M1,Gestion,12.53,16.72,16.81,19.92,7.13,1,3.2,7.57,0
ETU00558,L1,Informatique,7.97,5.66,5.75,6.05,32.37,2,0.39,9.03,0
ETU00559,L3,Ingénierie,10.58,7.44,7.51,8.23,19.31,1,0.79,0.93,0
ETU00560,L1,Gestion,13.36,5.68,5.33,4.16,38.19,1,-1.52,5.72,1
ETU00561,L3,Droit,11.37,7.69,8.1,9.36,3.36,2,1.67,9.09,0
ETU00562,L2,Droit,16.71,5.06,4.29,7.23,24.64,3,2.17,7.19,0
ETU00563,L1,Droit,9.34,12.06,16.24,14.25,28.8,0,2.19,0.97,0
ETU00564,L3,Informatique,18.61,12.4,10.48,11.48,24.85,4,-0.92,6.14,0
ETU00565,L2,Gestion,16.2,14.21,13.53,14.64,21.2,0,0.43,8.0,0
ETU00566,L1,Ingénierie,18.58,10.39,9.83,10.92,23.13,0,0.53,2.75,0
ETU00567,L3,Droit,16.9,5.04,8.31,11.07,27.58,3,6.02,6.32,0
ETU00568,L3,Ingénierie,7.85,14.43,12.65,16.01,34.53,0,1.57,8.4,0
ETU00569,M1,Droit,12.84,5.76,6.6,6.55,13.45,3,0.79,5.24,0
ETU00570,M2,Gestion,8.21,17.13,17.7,19.01,18.39,3,1.88,1.94,0
ETU00571,M1,Gestion,16.64,5.32,6.02,6.44,25.44,2,1.13,5.5,0
ETU00572,M1,Médecine,13.59,12.43,14.48,13.83,12.57,2,1.41,5.88,0
ETU00573,M1,Gestion,9.42,17.53,19.55,20.0,7.15,4,2.47,4.03,0
ETU00574,M1,Droit,18.08,13.01,12.54,13.85,38.65,3,0.83,6.8,0
ETU00575,M1,Ingénierie,7.5,13.52,14.01,14.63,7.79,3,1.12,4.33,0
ETU00576,M1,Ingénierie,13.33,14.54,11.95,10.92,9.31,0,-3.62,8.77,0
ETU00577,L3,Gestion,15.37,6.71,7.06,6.67,24.75,2,-0.05,7.92,0
ETU00578,M1,Gestion,6.77,14.45,13.46,13.07,3.09,0,-1.37,8.05,0
ETU00579,M2,Médecine,13.77,17.32,17.25,16.28,1.36,1,-1.04,5.26,0
ETU00580,L3,Médecine,16.61,18.64,16.31,17.08,2.56,3,-1.56,1.96,0
ETU00581,L2,Médecine,6.88,11.2,12.01,12.94,4.93,2,1.73,7.24,0
ETU00582,L3,Informatique,12.66,9.82,7.48,9.25,17.17,4,-0.58,0.69,0
ETU00583,L1,Droit,9.36,15.55,15.97,14.98,33.17,4,-0.56,5.18,0
ETU00584,L2,Informatique,14.62,12.6,10.96,10.39,13.68,0,-2.21,0.53,0
ETU00585,M2,Ingénierie,7.54,8.6,7.53,10.16,17.1,4,1.56,5.28,0
ETU00586,L1,Ingénierie,18.18,7.41,9.34,9.4,24.01,4,1.99,6.86,0
ETU00587,M2,Médecine,17.63,7.38,8.47,8.81,12.09,0,1.43,4.19,0
ETU00588,L3,Gestion,8.42,11.43,13.35,13.39,17.3,1,1.96,4.17,0
ETU00589,L2,Médecine,10.2,7.38,9.92,11.92,15.45,4,4.54,1.23,0
ETU00590,L3,Droit,13.64,5.28,4.32,6.37,13.68,0,1.1,3.02,0
ETU00591,M2,Médecine,15.33,5.73,8.18,10.15,15.54,0,4.42,4.44,0
ETU00592,L1,Gestion,11.75,18.02,16.02,16.36,0.44,2,-1.66,8.64,0
ETU00593,L3,Droit,8.03,6.02,7.34,6.33,35.45,4,0.31,8.98,1
ETU00594,L2,Ingénierie,7.35,6.02,5.48,8.67,39.09,1,2.65,9.54,1
ETU00595,L3,Informatique,19.0,11.32,10.12,11.71,34.5,3,0.39,1.0,0
ETU00596,M1,Gestion,11.92,8.43,9.55,9.17,0.23,3,0.74,2.96,0
ETU00597,M2,Gestion,17.34,18.48,20.0,20.0,30.04,0,1.52,4.63,0
ETU00598,L2,Informatique,12.27,17.75,19.33,18.82,22.92,1,1.07,6.42,0
ETU00599,M1,Gestion,17.99,10.67,11.19,13.6,3.77,3,2.94,7.03,0
ETU00600,L3,Médecine,7.14,11.28,11.68,14.2,37.31,2,2.92,7.86,1
ETU00601,L3,Informatique,7.48,10.25,11.24,10.16,31.05,1,-0.09,4.96,0
ETU00602,L1,Gestion,18.09,5.53,6.19,7.36,5.81,1,1.83,5.57,0
ETU00603,M2,Ingénierie,18.32,9.1,10.11,11.59,38.56,2,2.49,9.61,0
ETU00604,L1,Gestion,10.09,6.72,7.22,11.45,5.05,4,4.73,2.4,0
ETU00605,L1,Gestion,10.62,6.43,7.9,7.08,18.19,2,0.65,8.04,0
ETU00606,M1,Médecine,11.88,12.85,10.61,13.06,6.36,4,0.21,7.12,0
ETU00607,L3,Médecine,11.41,6.38,6.39,6.71,6.01,3,0.33,1.4,0
ETU00608,L1,Ingénierie,8.47,6.44,4.57,3.0,38.71,2,-3.44,9.26,1
ETU00609,M1,Informatique,17.68,11.73,12.34,12.46,22.88,3,0.74,8.55,0
ETU00610,L2,Médecine,9.29,11.19,13.85,14.16,10.37,2,2.97,7.8,0
ETU00611,M2,Médecine,15.17,6.93,6.42,5.13,31.06,3,-1.8,1.27,0
ETU00612,M2,Informatique,6.87,5.06,5.45,6.22,35.01,4,1.16,1.4,1
ETU00613,L3,Ingénierie,6.5,7.7,9.04,10.77,36.7,3,3.07,6.83,1
ETU00614,L3,Gestion,14.5,8.3,5.4,6.06,37.32,0,-2.24,1.07,1
ETU00615,L3,Droit,10.41,16.2,15.62,15.11,36.22,0,-1.1,1.13,1
ETU00616,M1,Médecine,14.52,17.82,18.56,18.64,25.56,4,0.82,4.0,0
ETU00617,M2,Droit,7.22,10.68,6.54,6.83,13.7,4,-3.85,0.05,0
ETU00618,M1,Gestion,18.35,10.67,9.41,10.03,37.02,2,-0.64,7.21,1
ETU00619,L1,Gestion,15.73,14.97,16.83,18.79,4.9,1,3.82,5.4,0
ETU00620,L1,Médecine,17.39,13.78,15.48,16.19,6.75,4,2.41,0.78,0
ETU00621,M1,Informatique,7.77,7.58,8.34,6.54,17.35,2,-1.04,5.44,0
ETU00622,L2,Droit,10.16,6.51,8.03,7.49,11.35,1,0.98,0.54,0
ETU00623,L3,Médecine,10.79,11.13,11.65,12.2,24.63,1,1.07,0.71,0
ETU00624,L3,Ingénierie,12.98,12.91,13.94,15.93,36.21,1,3.02,4.85,0
ETU00625,L3,Ingénierie,9.86,6.94,6.67,8.92,19.64,1,1.97,5.0,0
ETU00626,L2,Gestion,6.79,9.11,9.48,12.44,22.15,1,3.34,3.39,0
ETU00627,L1,Informatique,10.8,9.28,8.53,9.03,16.93,3,-0.25,6.22,0
ETU00628,L2,Ingénierie,9.31,8.66,10.75,12.2,28.3,0,3.54,3.87,1
ETU00629,M1,Droit,11.02,11.45,13.93,12.05,4.03,1,0.6,5.87,0
ETU00630,M1,Droit,8.56,14.14,16.41,17.36,1.94,0,3.21,3.5,0
ETU00631,M2,Ingénierie,9.4,12.13,11.72,10.41,25.65,3,-1.73,7.15,0
ETU00632,L1,Médecine,14.15,7.82,6.59,6.8,21.4,4,-1.02,5.79,0
ETU00633,L1,Droit,11.05,6.44,8.56,13.4,16.29,3,6.96,1.6,0
ETU00634,L1,Informatique,10.49,16.51,17.52,18.28,13.36,1,1.77,6.86,0
ETU00635,L3,Informatique,12.94,11.71,12.4,11.41,2.07,2,-0.3,7.84,0
ETU00636,L3,Droit,16.03,5.87,5.12,6.03,27.22,0,0.16,0.66,0
ETU00637,L1,Informatique,10.93,8.61,9.45,8.98,16.86,2,0.36,6.1,0
ETU00638,L3,Gestion,13.64,16.26,14.83,13.69,17.81,1,-2.57,7.9,0
ETU00639,L1,Médecine,18.56,15.52,16.68,20.0,35.74,2,4.48,1.15,0
ETU00640,M1,Informatique,12.79,17.26,19.53,20.0,29.5,2,2.74,9.02,0
ETU00641,L3,Ingénierie,17.83,13.43,16.08,16.89,8.78,3,3.46,4.15,0
ETU00642,L1,Droit,16.32,10.92,12.18,11.9,26.29,2,0.98,7.38,0
ETU00643,L1,Ingénierie,6.76,10.97,9.1,8.93,5.29,4,-2.04,8.99,0
ETU00644,M1,Informatique,11.58,7.72,8.21,10.83,7.76,0,3.11,9.9,0
ETU00645,M2,Droit,15.08,14.11,17.52,18.28,28.57,4,4.17,5.84,0
ETU00646,M2,Ingénierie,18.83,13.19,12.09,7.76,5.04,3,-5.43,7.04,0
ETU00647,L3,Médecine,11.96,7.17,7.28,11.21,11.21,3,4.04,2.52,0
ETU00648,L3,Ingénierie,7.21,17.4,19.72,20.0,35.92,4,2.6,2.9,1
ETU00649,M2,Médecine,13.31,10.16,11.28,12.1,29.53,0,1.94,8.51,0
ETU00650,M2,Médecine,7.65,5.7,9.62,11.55,37.18,1,5.85,3.98,1
ETU00651,M2,Gestion,15.77,9.59,8.69,9.69,35.27,0,0.1,8.22,0
ETU00652,L2,Droit,12.6,17.18,15.89,17.31,12.5,3,0.14,0.51,0
ETU00653,L3,Informatique,15.4,17.84,19.87,19.54,25.3,1,1.7,2.18,0
ETU00654,L1,Gestion,17.3,11.87,10.27,8.73,15.15,1,-3.14,1.7,0
ETU00655,L1,Informatique,14.18,18.39,18.29,19.01,27.88,3,0.63,5.27,0
ETU00656,L2,Gestion,13.96,17.25,17.35,19.8,13.94,2,2.55,0.81,0
ETU00657,M2,Médecine,15.81,16.55,18.31,17.64,0.05,3,1.08,3.44,0
ETU00658,L3,Gestion,16.95,17.04,18.16,17.37,3.76,4,0.33,9.86,0
ETU00659,L3,Droit,17.3,10.35,11.23,13.36,30.84,1,3.02,7.94,0
ETU00660,M2,Droit,6.47,15.59,15.19,14.8,3.36,4,-0.79,7.61,0
ETU00661,L3,Informatique,13.23,13.08,15.11,14.79,23.98,2,1.71,1.35,0
ETU00662,L2,Ingénierie,8.81,15.08,20.0,20.0,34.31,1,4.92,3.65,0
ETU00663,M1,Médecine,17.18,7.49,8.73,8.93,29.64,4,1.44,6.81,0
ETU00664,L2,Informatique,14.43,15.24,15.59,13.53,16.54,2,-1.71,0.22,0
ETU00665,L2,Informatique,11.46,18.41,16.66,16.15,8.34,0,-2.26,4.34,0
ETU00666,M2,Informatique,8.45,9.24,8.48,9.13,36.9,1,-0.11,9.29,1
ETU00667,L3,Gestion,10.41,18.81,18.69,19.32,22.66,4,0.51,0.82,0
ETU00668,L2,Informatique,15.15,10.3,9.7,11.73,16.22,2,1.44,9.06,0
ETU00669,M2,Informatique,8.66,7.8,7.97,11.03,37.68,2,3.23,1.95,1
ETU00670,M1,Droit,7.22,6.57,9.44,12.01,8.6,3,5.44,1.89,0
ETU00671,M1,Droit,17.54,15.99,18.06,19.73,17.69,0,3.74,1.95,0
ETU00672,L2,Informatique,15.93,12.77,12.73,12.81,4.35,0,0.04,9.31,0
ETU00673,M1,Droit,8.6,9.3,7.69,7.05,5.0,2,-2.25,6.04,0
ETU00674,M2,Droit,9.8,13.52,15.72,16.05,15.94,4,2.53,7.51,0
ETU00675,L1,Gestion,18.64,9.65,9.78,10.95,27.99,0,1.3,3.66,0
ETU00676,L1,Informatique,15.21,11.28,8.89,10.42,13.56,3,-0.86,8.73,0
ETU00677,L3,Médecine,13.94,17.08,18.35,19.58,27.58,4,2.5,5.82,0
ETU00678,M1,Informatique,10.0,14.35,16.09,16.21,32.21,0,1.86,6.0,0
ETU00679,L1,Gestion,9.89,15.67,12.23,13.72,35.1,0,-1.96,7.52,0
ETU00680,L3,Médecine,6.51,13.17,12.13,14.32,1.79,4,1.15,7.74,0
ETU00681,L1,Médecine,15.47,18.88,18.91,20.0,30.95,0,1.12,6.82,0
ETU00682,M2,Ingénierie,6.56,8.38,9.68,9.93,5.89,3,1.55,1.19,0
ETU00683,M1,Informatique,6.06,8.67,8.1,7.15,27.93,3,-1.52,8.67,0
ETU00684,M2,Informatique,15.48,6.3,5.25,4.26,14.87,1,-2.03,2.61,0
ETU00685,L2,Médecine,18.34,12.76,14.05,13.33,28.31,1,0.57,9.96,0
ETU00686,M1,Gestion,15.83,13.59,13.08,13.77,8.55,2,0.18,3.86,0
ETU00687,L2,Gestion,12.13,15.16,16.18,17.26,25.8,2,2.09,1.2,0
ETU00688,L1,Gestion,12.32,9.7,8.23,6.41,5.02,4,-3.29,3.16,0
ETU00689,L3,Ingénierie,11.67,5.17,3.34,2.89,6.79,2,-2.28,5.74,0
ETU00690,L3,Médecine,10.22,13.85,15.18,15.85,24.58,4,2.0,3.91,0
ETU00691,L3,Ingénierie,12.78,18.98,19.56,18.51,13.47,1,-0.47,8.29,0
ETU00692,M2,Droit,11.6,9.12,10.71,11.66,28.15,1,2.53,6.82,0
ETU00693,L2,Droit,13.78,7.58,6.98,6.82,27.41,1,-0.76,2.13,0
ETU00694,M1,Droit,17.68,8.94,7.95,7.17,24.87,3,-1.78,5.39,0
ETU00695,L1,Informatique,18.94,10.96,13.2,13.58,29.22,0,2.62,7.88,0
ETU00696,M2,Droit,7.02,8.51,6.43,7.32,31.76,4,-1.2,8.91,1
ETU00697,L3,Gestion,11.0,9.86,11.93,10.96,36.46,3,1.1,3.95,1
ETU00698,M1,Ingénierie,8.35,13.93,16.12,16.05,3.22,4,2.12,9.24,0
ETU00699,L2,Informatique,10.58,9.83,11.32,12.32,22.86,4,2.49,0.36,0
ETU00700,L2,Informatique,9.74,10.54,9.71,8.87,29.95,0,-1.67,6.77,0
ETU00701,M2,Ingénierie,8.27,5.56,4.54,2.35,8.68,3,-3.21,7.82,0
ETU00702,L1,Informatique,15.93,17.85,17.74,15.73,10.54,2,-2.12,4.25,0
ETU00703,L3,Droit,12.45,10.7,8.95,8.63,10.68,3,-2.07,0.11,0
ETU00704,L2,Gestion,17.95,9.59,8.35,6.67,22.89,4,-2.92,6.87,0
ETU00705,L2,Gestion,6.42,6.21,7.38,7.16,14.65,2,0.95,3.43,0
ETU00706,M1,Droit,6.87,13.88,15.05,17.85,26.64,0,3.97,1.52,0
ETU00707,M1,Médecine,11.24,17.09,15.72,13.95,24.41,4,-3.14,1.57,0
ETU00708,L3,Informatique,7.04,5.58,6.79,6.67,26.28,2,1.09,7.69,0
ETU00709,M1,Médecine,9.42,7.03,7.92,11.41,10.09,2,4.38,1.87,0
ETU00710,L1,Ingénierie,18.82,7.05,9.51,10.43,30.69,2,3.38,4.84,0
ETU00711,L2,Gestion,8.72,13.43,14.49,14.23,26.56,4,0.8,9.7,0
ETU00712,M1,Médecine,8.58,17.9,19.69,19.75,5.23,2,1.85,7.59,0
ETU00713,M1,Ingénierie,13.46,11.13,12.04,12.99,8.01,1,1.86,5.47,0
ETU00714,L1,Ingénierie,12.47,9.81,11.48,14.33,12.04,3,4.51,5.28,0
ETU00715,M2,Médecine,13.55,15.72,13.99,13.49,37.44,3,-2.23,1.67,0
ETU00716,L3,Ingénierie,10.9,15.4,15.41,14.58,13.05,0,-0.82,4.46,0
ETU00717,L2,Médecine,16.75,8.45,8.6,6.83,0.8,2,-1.63,1.45,0
ETU00718,L3,Droit,7.8,7.25,7.09,7.54,5.67,3,0.29,0.84,0
ETU00719,L2,Informatique,11.57,10.01,10.88,9.07,1.29,4,-0.94,1.09,0
ETU00720,L3,Ingénierie,14.97,15.86,17.01,16.61,16.11,1,0.76,6.07,0
ETU00721,L1,Gestion,17.29,14.73,15.52,14.46,31.89,2,-0.27,1.94,0
ETU00722,L1,Médecine,10.8,14.32,14.26,16.17,18.02,4,1.85,1.49,0
ETU00723,M2,Médecine,13.38,16.61,15.71,15.25,33.56,2,-1.37,8.67,0
ETU00724,M1,Gestion,6.9,8.88,10.73,11.62,1.9,2,2.74,1.22,0
ETU00725,L2,Médecine,8.21,9.76,10.48,8.37,18.79,0,-1.38,7.06,0
ETU00726,M2,Médecine,6.9,5.59,4.26,4.76,31.48,0,-0.83,4.17,1
ETU00727,M1,Médecine,15.46,17.16,17.07,15.57,26.99,3,-1.6,5.79,0
ETU00728,M1,Ingénierie,9.74,13.15,10.74,10.4,34.11,4,-2.75,0.23,1
ETU00729,M1,Gestion,15.41,9.17,9.43,13.04,10.95,3,3.87,0.0,0
ETU00730,M2,Médecine,6.86,5.97,5.87,7.57,20.03,3,1.6,8.17,0
ETU00731,M2,Informatique,17.21,15.13,14.47,14.57,27.08,3,-0.55,4.75,0
ETU00732,L2,Médecine,16.86,15.48,18.06,20.0,6.74,1,4.52,0.71,0
ETU00733,M1,Informatique,7.16,14.33,12.79,11.72,32.63,2,-2.61,3.43,1
ETU00734,L1,Gestion,6.31,7.85,9.11,11.16,12.46,1,3.31,5.06,0
ETU00735,L3,Informatique,6.73,17.79,20.0,19.27,3.73,1,1.48,1.35,0
ETU00736,L1,Ingénierie,17.1,15.54,17.36,17.29,30.63,2,1.75,5.46,0
ETU00737,L1,Gestion,9.05,14.21,14.36,12.64,28.2,3,-1.57,5.29,0
ETU00738,M1,Gestion,13.13,14.11,12.61,13.3,35.35,4,-0.82,6.03,1
ETU00739,L2,Gestion,11.54,17.66,15.82,16.2,35.68,1,-1.46,8.1,0
ETU00740,L1,Médecine,16.34,18.0,17.58,17.42,11.14,1,-0.58,4.13,0
ETU00741,M2,Ingénierie,12.36,13.34,12.51,14.45,25.65,0,1.11,8.89,0
ETU00742,M2,Médecine,12.51,10.83,9.95,9.4,39.96,4,-1.43,4.75,1
ETU00743,L2,Informatique,18.86,10.09,9.8,10.59,9.75,3,0.5,4.57,0
ETU00744,L3,Droit,7.95,16.47,16.51,18.04,18.92,1,1.58,6.56,0
ETU00745,L2,Informatique,16.8,14.02,14.95,13.03,36.41,4,-1.0,6.18,0
ETU00746,M2,Informatique,6.67,6.08,4.43,3.6,4.12,3,-2.48,0.11,0
ETU00747,M1,Informatique,12.21,6.99,6.17,6.55,37.13,2,-0.44,9.82,0
ETU00748,L3,Médecine,17.52,17.6,17.56,18.81,19.53,1,1.21,9.43,0
ETU00749,M2,Ingénierie,14.65,17.38,17.29,19.72,35.72,2,2.34,2.81,0
ETU00750,M1,Gestion,14.91,18.33,20.0,20.0,24.85,0,1.67,5.59,0
ETU00751,L1,Ingénierie,9.42,10.99,11.54,11.36,26.86,0,0.37,7.7,0
ETU00752,L3,Gestion,11.44,15.98,13.76,12.75,30.92,4,-3.23,9.2,1
ETU00753,M2,Gestion,10.77,16.6,17.42,18.22,2.69,1,1.62,5.86,0
ETU00754,L3,Informatique,12.78,9.42,10.44,10.29,25.11,0,0.87,0.19,0
ETU00755,L1,Informatique,12.01,7.03,7.05,6.94,36.96,4,-0.1,6.81,1
ETU00756,M1,Médecine,10.25,18.96,17.34,17.5,38.24,4,-1.46,0.93,1
ETU00757,L3,Droit,9.97,5.42,8.26,9.39,38.73,4,3.96,6.71,1
ETU00758,L2,Informatique,9.26,13.36,11.96,11.41,25.83,0,-1.95,5.87,0
ETU00759,M2,Droit,10.75,14.1,15.29,14.44,25.33,4,0.33,6.41,0
ETU00760,M2,Gestion,7.95,14.55,15.05,15.99,22.1,1,1.45,1.89,0
ETU00761,L3,Gestion,17.34,8.58,9.68,5.44,24.3,0,-3.14,4.94,0
ETU00762,M1,Ingénierie,13.83,15.1,17.86,17.26,24.48,4,2.15,6.18,0
ETU00763,L2,Droit,7.74,8.03,9.07,7.65,1.7,1,-0.38,3.0,0
ETU00764,M1,Droit,15.02,16.61,15.97,18.07,3.55,3,1.47,1.82,0
ETU00765,M2,Médecine,17.02,8.07,9.93,9.57,24.78,0,1.5,2.23,0
ETU00766,L2,Ingénierie,9.09,14.75,14.01,13.47,12.57,0,-1.29,8.58,0
ETU00767,M2,Médecine,7.96,15.97,16.41,16.64,12.06,4,0.67,4.65,0
ETU00768,L1,Droit,6.11,7.65,5.91,5.31,7.74,2,-2.33,6.61,0
ETU00769,L3,Gestion,6.61,8.33,6.98,6.68,32.04,4,-1.65,5.15,1
ETU00770,L1,Informatique,15.91,15.91,16.18,16.63,38.57,0,0.72,8.34,0
ETU00771,L3,Informatique,18.83,6.2,6.96,6.62,25.11,4,0.42,5.08,0
ETU00772,M1,Médecine,6.58,7.67,5.32,4.97,37.82,4,-2.7,0.93,1
ETU00773,M2,Médecine,15.72,11.38,12.32,11.11,35.36,4,-0.27,1.98,0
ETU00774,L1,Gestion,6.93,18.02,16.99,15.56,8.72,0,-2.46,0.13,0
ETU00775,M2,Ingénierie,13.7,12.87,14.99,15.38,6.14,0,2.51,8.32,0
ETU00776,M2,Ingénierie,15.83,10.43,10.1,10.86,8.46,2,0.43,6.63,0
ETU00777,L1,Médecine,10.67,18.7,17.21,15.37,3.85,0,-3.33,7.59,0
ETU00778,M2,Gestion,6.14,11.49,11.81,13.25,23.32,0,1.75,7.15,0
ETU00779,M2,Droit,13.74,11.07,9.9,11.34,11.31,4,0.27,8.24,0
ETU00780,L1,Ingénierie,18.89,10.76,12.87,14.63,36.52,3,3.87,9.87,0
ETU00781,L1,Droit,9.35,9.37,9.57,10.32,24.54,4,0.95,6.53,0
ETU00782,M1,Droit,8.46,9.56,9.53,10.79,14.38,4,1.23,2.52,0
ETU00783,L3,Droit,7.61,14.63,15.72,19.29,39.39,0,4.67,1.01,1
ETU00784,L2,Ingénierie,13.22,5.57,4.26,4.11,38.13,4,-1.46,5.9,0
ETU00785,L3,Droit,13.75,14.55,12.81,11.54,31.14,0,-3.0,7.71,0
ETU00786,L2,Informatique,16.3,7.82,8.63,6.63,31.67,1,-1.19,5.62,0
ETU00787,M2,Droit,15.79,10.38,8.93,11.86,39.09,1,1.48,3.04,0
ETU00788,L2,Médecine,17.6,7.05,5.6,8.55,24.02,1,1.5,7.2,0
ETU00789,L1,Ingénierie,16.48,12.74,14.19,13.11,35.2,3,0.37,4.48,0
ETU00790,M2,Informatique,9.21,15.21,16.2,15.41,2.59,0,0.2,2.87,0
ETU00791,M2,Ingénierie,13.23,9.97,8.28,8.1,22.16,4,-1.87,8.41,0
ETU00792,M2,Ingénierie,9.87,7.29,6.56,8.7,20.1,4,1.41,5.77,0
ETU00793,M2,Médecine,10.29,8.17,7.02,5.38,1.51,3,-2.79,2.83,0
ETU00794,L1,Gestion,18.12,16.45,19.32,16.67,3.48,0,0.21,3.29,0
ETU00795,M1,Gestion,14.86,8.75,10.31,13.86,0.87,2,5.11,5.72,0
ETU00796,L2,Droit,18.67,15.85,15.41,16.18,11.76,3,0.34,4.23,0
ETU00797,L3,Informatique,11.42,9.64,10.7,11.68,2.14,1,2.05,1.61,0
ETU00798,L3,Médecine,12.99,7.64,5.81,5.8,16.93,1,-1.84,6.1,0
ETU00799,M2,Médecine,12.33,15.18,14.37,15.37,32.51,2,0.19,6.89,0
ETU00800,L3,Droit,7.39,11.56,11.92,9.95,24.55,4,-1.61,0.0,1
ETU00801,L2,Médecine,9.08,5.44,6.32,5.35,26.95,0,-0.08,5.37,0
ETU00802,L1,Médecine,12.86,18.44,18.49,18.95,1.26,2,0.51,5.77,0
ETU00803,L3,Ingénierie,6.88,7.07,7.64,4.53,33.58,1,-2.53,3.32,1
ETU00804,M2,Médecine,18.11,9.95,10.27,10.11,5.85,2,0.16,3.39,0
ETU00805,M1,Gestion,7.61,10.39,10.34,10.1,12.11,0,-0.29,3.18,0
ETU00806,M2,Informatique,8.57,11.85,11.61,11.45,20.67,4,-0.4,4.45,0
ETU00807,L1,Ingénierie,15.95,16.0,15.56,15.03,37.2,2,-0.97,8.12,1
ETU00808,L3,Médecine,7.26,5.09,5.63,4.44,39.93,4,-0.65,4.69,1
ETU00809,M1,Ingénierie,17.7,18.05,18.87,16.44,31.31,0,-1.62,9.94,0
ETU00810,M2,Droit,15.43,14.04,14.54,15.06,29.17,2,1.01,3.76,0
ETU00811,L2,Informatique,6.89,18.31,16.74,16.59,21.11,3,-1.72,6.99,0
ETU00812,M1,Droit,14.99,16.44,15.15,13.38,26.63,3,-3.06,5.49,0
ETU00813,L2,Médecine,14.21,17.99,18.79,19.18,5.78,0,1.19,7.62,0
ETU00814,L3,Gestion,15.85,13.41,15.82,15.68,10.77,3,2.27,8.88,0
ETU00815,M1,Droit,16.77,10.0,10.43,10.04,39.39,0,0.04,5.12,0
ETU00816,M2,Droit,15.34,11.2,10.78,7.85,39.18,2,-3.35,4.94,0
ETU00817,L3,Gestion,13.62,14.21,14.75,16.07,12.92,0,1.86,9.43,0
ETU00818,L3,Ingénierie,10.19,10.98,9.47,7.92,9.64,0,-3.05,9.34,0
ETU00819,M2,Droit,15.06,15.24,17.41,17.8,9.18,3,2.56,9.97,0
ETU00820,L3,Ingénierie,18.44,6.29,6.77,5.85,19.39,3,-0.43,1.56,0
ETU00821,L2,Informatique,13.64,16.62,15.82,15.53,8.95,4,-1.09,0.04,0
ETU00822,L2,Ingénierie,14.64,7.86,7.81,9.84,25.94,3,1.98,4.37,0
ETU00823,M1,Médecine,11.68,18.22,17.62,18.72,2.99,2,0.51,7.33,0
ETU00824,M1,Médecine,15.83,7.18,9.35,11.34,4.15,0,4.16,0.73,0
ETU00825,L3,Gestion,18.97,6.81,6.7,7.5,11.08,3,0.69,3.74,0
ETU00826,L1,Informatique,8.09,16.37,16.8,17.69,31.1,1,1.33,5.81,0
ETU00827,L1,Gestion,8.63,16.46,17.52,15.15,12.93,0,-1.31,2.13,0
ETU00828,L2,Droit,13.01,15.34,14.43,14.26,18.83,3,-1.09,7.31,0
ETU00829,L1,Gestion,12.26,18.45,18.94,18.9,26.26,2,0.45,2.3,0
ETU00830,L3,Informatique,13.43,8.79,9.4,11.53,31.54,0,2.75,8.41,0
ETU00831,L3,Informatique,6.64,16.57,14.44,13.98,12.28,2,-2.59,3.48,0
ETU00832,L2,Médecine,11.26,9.93,10.51,11.2,29.24,3,1.28,5.99,0
ETU00833,M2,Médecine,13.58,12.52,12.65,13.29,11.44,2,0.77,5.44,0
ETU00834,L2,Informatique,13.61,11.24,11.63,13.67,25.78,3,2.43,2.96,0
ETU00835,M2,Médecine,14.55,5.08,5.34,5.43,18.04,2,0.35,4.39,0
ETU00836,L1,Ingénierie,15.36,13.04,13.63,15.17,37.07,1,2.13,8.46,0
ETU00837,M1,Ingénierie,14.34,15.47,17.67,15.41,39.28,1,-0.05,5.48,0
ETU00838,M2,Informatique,16.27,7.44,5.87,3.75,30.96,1,-3.69,0.56,1
ETU00839,M2,Droit,14.12,18.04,17.73,14.6,36.62,4,-3.44,7.13,0
ETU00840,L3,Informatique,12.99,12.43,13.63,15.1,5.46,1,2.68,1.82,0
ETU00841,L2,Informatique,13.88,7.5,8.42,9.73,26.18,3,2.23,4.86,0
ETU00842,L2,Ingénierie,7.32,14.04,14.93,16.58,7.93,1,2.53,4.69,0
ETU00843,L3,Ingénierie,9.55,7.69,12.02,11.3,11.08,2,3.61,4.86,0
ETU00844,M2,Gestion,12.86,5.89,7.01,6.47,20.91,3,0.58,0.31,0
ETU00845,L2,Droit,17.35,14.59,16.49,16.61,29.68,2,2.01,2.72,0
ETU00846,M2,Informatique,14.83,6.55,6.29,8.75,28.86,3,2.2,0.51,0
ETU00847,M2,Ingénierie,7.18,6.49,5.2,8.04,34.78,4,1.55,4.15,1
ETU00848,L1,Droit,13.7,15.36,15.09,16.58,22.37,4,1.22,6.21,0
ETU00849,M2,Gestion,8.88,5.77,7.04,7.84,37.05,4,2.06,6.54,1
ETU00850,L3,Ingénierie,15.54,16.34,17.15,19.45,35.52,0,3.11,0.65,0
ETU00851,M1,Informatique,16.76,16.15,16.95,16.87,33.96,3,0.72,1.19,0
ETU00852,L2,Gestion,13.71,6.98,6.86,6.57,9.18,3,-0.41,6.62,0
ETU00853,L2,Médecine,13.69,12.26,11.9,12.0,21.26,2,-0.25,5.31,0
ETU00854,L3,Droit,10.4,6.35,6.28,5.11,29.45,1,-1.24,8.33,1
ETU00855,L1,Médecine,11.8,13.86,15.14,15.18,39.04,0,1.32,2.05,1
ETU00856,M1,Gestion,17.23,5.88,7.34,5.97,0.47,4,0.08,1.2,0
ETU00857,M1,Médecine,15.4,18.22,16.91,18.75,13.08,4,0.53,3.62,0
ETU00858,L1,Droit,12.76,7.91,9.25,10.37,13.69,0,2.46,6.37,0
ETU00859,L2,Informatique,10.79,14.56,13.78,16.23,11.54,2,1.67,4.86,0
ETU00860,L3,Gestion,6.65,6.8,7.7,5.56,32.7,2,-1.24,0.99,1
ETU00861,M1,Gestion,7.86,7.93,7.85,11.0,1.8,0,3.06,0.71,0
ETU00862,L2,Droit,8.51,11.31,13.86,11.8,14.38,2,0.49,6.78,0
ETU00863,M2,Droit,10.85,13.02,12.6,11.1,28.47,4,-1.92,2.97,1
ETU00864,L3,Droit,18.27,18.98,19.45,18.82,16.27,1,-0.16,6.69,0
ETU00865,L3,Informatique,12.57,5.36,6.47,8.73,5.76,3,3.37,2.95,0
ETU00866,L1,Ingénierie,9.05,5.0,3.89,4.53,24.43,4,-0.47,3.15,0
ETU00867,M1,Médecine,7.37,9.91,10.0,9.93,20.9,2,0.02,2.1,0
ETU00868,M2,Médecine,10.4,10.13,9.93,9.04,39.27,0,-1.09,9.84,1
ETU00869,L2,Gestion,16.6,17.37,16.8,15.04,29.94,1,-2.33,0.16,0
ETU00870,L3,Médecine,10.98,17.78,17.32,19.32,39.45,0,1.54,1.27,1
ETU00871,L1,Gestion,16.04,17.33,19.2,20.0,7.45,1,2.67,8.36,0
ETU00872,L2,Droit,16.44,7.0,6.31,8.64,30.46,3,1.63,1.38,0
ETU00873,L1,Gestion,7.44,10.77,11.82,12.71,22.07,1,1.94,2.81,0
ETU00874,M1,Gestion,13.91,15.44,16.11,12.45,28.5,2,-2.99,2.63,0
ETU00875,M2,Médecine,18.47,9.38,7.48,5.91,18.7,4,-3.46,6.97,0
ETU00876,L1,Gestion,11.23,14.29,15.26,16.26,8.5,1,1.98,4.11,0
ETU00877,M1,Médecine,6.66,8.32,6.4,6.15,1.83,4,-2.17,8.41,0
ETU00878,L3,Droit,18.0,9.53,10.67,10.13,33.53,1,0.6,7.47,0
ETU00879,M1,Ingénierie,17.49,17.05,16.49,15.13,32.59,3,-1.92,5.31,0
ETU00880,L3,Informatique,12.79,8.51,8.72,10.44,6.5,0,1.93,2.49,0
ETU00881,M2,Ingénierie,13.18,18.5,16.76,17.74,25.81,1,-0.76,7.92,0
ETU00882,L1,Informatique,8.75,9.29,9.67,10.72,29.51,4,1.44,8.66,0
ETU00883,L1,Droit,16.65,5.33,6.92,6.27,22.3,2,0.94,8.36,0
ETU00884,L2,Gestion,12.48,8.57,7.56,8.12,12.69,2,-0.45,0.52,0
ETU00885,M1,Médecine,6.44,7.4,6.69,4.98,35.24,2,-2.42,6.98,1
ETU00886,L1,Informatique,14.88,12.1,12.98,13.08,25.7,1,0.99,7.04,0
ETU00887,L1,Gestion,18.36,6.58,7.5,4.01,28.81,4,-2.57,9.43,0
ETU00888,M1,Gestion,16.78,13.76,10.31,8.26,26.08,1,-5.5,2.63,0
ETU00889,L3,Ingénierie,9.6,17.25,20.0,20.0,28.85,0,2.75,7.86,0
ETU00890,M1,Droit,6.69,10.08,11.07,14.93,5.8,4,4.86,6.89,0
ETU00891,L2,Informatique,18.22,7.36,8.6,6.2,36.9,0,-1.16,8.79,0
ETU00892,L1,Médecine,18.18,10.6,10.59,9.02,11.43,4,-1.58,6.93,0
ETU00893,L3,Gestion,12.92,16.0,13.42,14.05,33.46,1,-1.96,8.52,1
ETU00894,L1,Gestion,14.35,13.28,14.49,17.45,35.74,0,4.17,3.6,0
ETU00895,L3,Droit,12.01,6.42,5.77,6.37,26.05,1,-0.04,1.58,0
ETU00896,M2,Médecine,11.46,12.52,13.54,14.89,23.93,3,2.37,3.63,0
ETU00897,L1,Ingénierie,7.55,11.55,11.42,11.22,4.36,2,-0.33,8.15,0
ETU00898,L2,Informatique,7.26,9.58,10.14,9.67,17.45,0,0.09,1.32,0
ETU00899,M2,Ingénierie,9.03,6.54,5.58,6.0,24.47,1,-0.54,6.38,0
ETU00900,L2,Ingénierie,16.88,18.74,20.0,19.54,3.27,1,0.81,9.88,0
ETU00901,L2,Gestion,7.9,7.46,5.88,7.27,4.46,3,-0.2,8.95,0
ETU00902,M1,Droit,8.95,7.7,11.27,9.16,39.74,4,1.46,6.71,1
ETU00903,L1,Gestion,13.13,7.04,10.6,12.23,13.29,1,5.19,7.93,0
ETU00904,L1,Droit,8.8,12.98,15.63,15.99,13.99,4,3.01,1.16,0
ETU00905,M2,Médecine,8.12,11.21,13.32,13.3,10.06,2,2.09,4.99,0
ETU00906,M2,Médecine,13.32,8.49,8.57,6.4,25.84,0,-2.09,5.32,0
ETU00907,M2,Droit,10.79,11.01,12.96,11.79,18.92,1,0.78,7.83,0
ETU00908,L1,Droit,14.14,14.43,14.49,16.58,31.62,4,2.15,2.83,0
ETU00909,L3,Droit,17.86,8.94,6.81,6.8,20.5,4,-2.14,1.06,0
ETU00910,M2,Droit,7.96,17.81,20.0,20.0,0.62,3,2.19,6.98,0
ETU00911,M2,Informatique,17.87,9.29,11.18,10.16,19.31,1,0.87,4.93,0
ETU00912,L2,Gestion,17.73,7.77,7.93,8.18,2.21,3,0.41,8.42,0
ETU00913,L3,Médecine,16.78,18.36,16.73,14.97,33.07,3,-3.4,4.81,0
ETU00914,L1,Ingénierie,14.21,16.35,15.67,16.12,4.55,3,-0.23,8.46,0
ETU00915,L1,Ingénierie,14.06,9.8,7.27,8.13,8.68,2,-1.68,5.08,0
ETU00916,L2,Ingénierie,14.31,16.78,18.4,19.18,18.4,2,2.4,7.83,0
ETU00917,L2,Médecine,14.98,12.26,10.06,9.0,7.81,4,-3.26,7.21,0
ETU00918,M2,Droit,6.21,9.85,10.48,10.27,21.57,4,0.42,2.66,0
ETU00919,L1,Médecine,18.46,16.75,15.69,16.79,18.43,2,0.04,3.09,0
ETU00920,L3,Ingénierie,13.61,15.53,13.59,13.57,38.1,1,-1.96,8.99,1
ETU00921,L3,Gestion,16.16,9.17,9.73,9.6,3.53,2,0.43,2.31,0
ETU00922,L1,Informatique,10.9,13.49,13.19,16.35,23.07,2,2.85,6.98,0
ETU00923,L3,Gestion,6.16,10.17,11.63,10.5,28.82,3,0.33,1.45,0
ETU00924,M2,Droit,12.63,5.01,3.31,5.23,5.11,1,0.22,7.55,0
ETU00925,L1,Médecine,12.59,18.47,17.53,16.1,25.46,0,-2.37,2.23,0
ETU00926,L1,Droit,11.68,12.69,9.31,10.6,34.57,4,-2.1,5.94,0
ETU00927,L1,Ingénierie,10.42,13.38,10.3,11.66,31.5,4,-1.71,5.64,0
ETU00928,L1,Gestion,9.25,13.4,16.3,15.83,37.41,0,2.43,2.04,0
ETU00929,M2,Droit,12.86,12.71,16.03,14.51,28.82,1,1.8,4.91,0
ETU00930,L1,Ingénierie,10.88,9.06,9.4,6.74,15.76,2,-2.32,8.79,0
ETU00931,L2,Informatique,18.61,18.6,17.57,16.94,36.82,3,-1.66,6.81,0
ETU00932,M2,Ingénierie,8.25,13.7,13.46,14.55,9.01,3,0.84,9.93,0
ETU00933,M2,Informatique,10.16,14.39,15.9,14.59,23.35,1,0.19,7.85,0
ETU00934,L1,Ingénierie,9.82,11.37,10.8,11.24,30.63,1,-0.13,6.43,1
ETU00935,L2,Gestion,13.06,9.03,9.59,7.67,34.89,2,-1.36,5.63,0
ETU00936,L1,Médecine,12.49,5.9,6.08,6.03,36.66,1,0.13,9.37,1
ETU00937,L1,Médecine,14.37,9.9,9.25,7.83,3.4,2,-2.07,5.27,0
ETU00938,M2,Gestion,18.35,7.47,6.88,7.06,29.04,1,-0.41,4.03,0
ETU00939,L2,Droit,9.71,14.27,14.91,14.46,8.16,0,0.19,8.34,0
ETU00940,M1,Médecine,15.01,17.31,16.04,14.56,31.16,3,-2.75,9.4,0
ETU00941,L1,Ingénierie,6.33,9.24,10.12,9.43,28.03,3,0.19,4.79,1
ETU00942,L2,Informatique,9.41,9.66,9.15,8.05,7.25,1,-1.61,1.37,0
ETU00943,L2,Droit,12.03,14.39,14.78,13.11,33.31,2,-1.28,6.08,0
ETU00944,L3,Ingénierie,6.4,7.09,9.37,11.29,18.47,2,4.2,7.41,0
ETU00945,M2,Droit,14.03,18.01,17.96,17.72,21.75,0,-0.29,3.74,0
ETU00946,L2,Informatique,14.82,10.09,11.67,8.67,38.86,2,-1.42,7.48,0
ETU00947,M1,Informatique,15.71,6.42,3.93,3.29,26.27,2,-3.12,5.31,0
ETU00948,L3,Ingénierie,12.72,7.45,6.94,8.61,23.54,4,1.17,3.01,0
ETU00949,M1,Droit,13.85,18.06,18.3,17.46,0.67,1,-0.6,6.3,0
ETU00950,L2,Médecine,11.15,8.46,11.54,14.09,7.97,3,5.63,3.89,0
ETU00951,L3,Ingénierie,6.54,14.27,11.53,10.55,1.06,1,-3.72,7.87,0
ETU00952,M1,Informatique,7.3,7.19,7.24,8.3,13.33,0,1.11,0.03,0
ETU00953,L3,Droit,14.51,7.72,10.1,11.96,13.78,1,4.24,8.18,0
ETU00954,M1,Informatique,18.94,17.31,16.33,17.31,21.21,4,-0.0,3.07,0
ETU00955,L1,Ingénierie,6.21,7.07,6.95,5.19,27.59,1,-1.88,9.6,1
ETU00956,L2,Droit,13.25,5.26,5.96,4.85,7.17,4,-0.42,7.59,0
ETU00957,L1,Ingénierie,15.76,12.02,12.49,14.55,24.07,3,2.53,2.41,0
ETU00958,L1,Gestion,16.75,17.08,19.63,18.72,36.68,3,1.64,9.79,0
ETU00959,L1,Informatique,13.09,9.56,10.44,12.2,7.4,3,2.64,5.0,0
ETU00960,L2,Ingénierie,14.06,6.79,8.99,8.64,26.36,2,1.85,5.23,0
ETU00961,L2,Médecine,15.06,18.75,18.41,18.92,1.82,3,0.17,9.1,0
ETU00962,M1,Informatique,17.17,14.47,13.56,11.78,21.25,0,-2.69,9.18,0
ETU00963,L3,Médecine,7.59,16.91,16.77,16.16,29.66,3,-0.75,6.97,0
ETU00964,M1,Droit,18.04,15.53,13.99,12.98,1.36,3,-2.55,9.78,0
ETU00965,M2,Informatique,6.34,14.78,15.7,16.34,13.35,0,1.56,3.29,0
ETU00966,M1,Gestion,16.87,10.38,10.01,10.44,35.12,2,0.06,2.32,0
ETU00967,L3,Médecine,7.0,9.54,8.73,9.73,9.02,2,0.19,0.29,0
ETU00968,M2,Informatique,8.53,15.04,15.99,15.55,28.91,1,0.51,3.46,0
ETU00969,L2,Gestion,6.05,15.03,13.52,12.42,24.49,0,-2.61,6.03,0
ETU00970,M2,Gestion,11.79,18.31,19.66,20.0,6.55,0,1.69,3.05,0
ETU00971,L1,Médecine,10.35,12.96,12.44,11.2,29.67,1,-1.76,5.8,0
ETU00972,M2,Ingénierie,8.16,9.12,11.06,12.98,21.28,1,3.86,0.48,0
ETU00973,L2,Médecine,11.86,11.85,11.46,11.59,4.48,1,-0.26,3.54,0
ETU00974,M1,Médecine,11.23,13.59,14.74,14.55,37.97,3,0.96,7.48,0
ETU00975,L2,Informatique,15.98,10.97,11.44,12.44,19.68,2,1.46,1.04,0
ETU00976,L2,Ingénierie,17.61,16.08,17.39,17.58,29.8,0,1.5,7.15,0
ETU00977,L2,Informatique,14.48,13.18,13.55,11.36,8.71,0,-1.82,7.63,0
ETU00978,M1,Droit,7.62,5.13,2.84,1.54,5.49,3,-3.59,5.69,0
ETU00979,L1,Ingénierie,9.84,12.98,14.69,16.58,29.65,4,3.6,8.86,0
ETU00980,L1,Gestion,17.87,13.87,13.94,14.36,26.95,4,0.49,9.55,0
ETU00981,M2,Gestion,7.15,17.81,19.2,16.98,10.96,3,-0.84,0.35,0
ETU00982,L1,Informatique,11.29,10.79,12.03,12.86,29.85,1,2.06,6.79,0
ETU00983,M1,Gestion,18.25,13.04,12.08,11.54,20.2,3,-1.5,2.37,0
ETU00984,L2,Droit,18.36,11.65,10.48,9.47,13.94,0,-2.18,4.08,0
ETU00985,L2,Droit,11.35,12.44,13.63,12.21,31.48,0,-0.23,6.23,0
ETU00986,L2,Informatique,14.68,5.94,5.69,7.49,24.67,0,1.55,7.12,0
ETU00987,L2,Gestion,11.94,17.56,19.17,16.52,20.29,0,-1.04,8.4,0
ETU00988,M1,Informatique,15.79,17.75,17.68,16.72,30.92,1,-1.02,7.05,0
ETU00989,M2,Gestion,6.41,12.67,14.41,14.89,21.79,0,2.22,7.77,0
ETU00990,L2,Médecine,7.87,12.79,13.63,16.29,37.54,4,3.5,5.99,0
ETU00991,L1,Informatique,13.98,5.81,6.44,7.57,32.72,3,1.76,1.17,0
ETU00992,L1,Informatique,9.02,13.37,13.01,12.04,14.33,3,-1.33,0.21,0
ETU00993,M1,Droit,14.66,11.01,11.56,14.15,18.6,0,3.14,5.3,0
ETU00994,M2,Droit,10.57,14.93,16.92,15.18,38.29,4,0.26,7.16,1
ETU00995,L1,Ingénierie,17.53,5.66,5.78,6.48,35.81,0,0.82,1.09,0
ETU00996,L3,Droit,16.65,14.95,15.95,16.98,7.65,4,2.03,4.29,0
ETU00997,L2,Ingénierie,12.41,9.02,9.29,8.26,10.97,3,-0.75,2.56,0
ETU00998,L2,Médecine,16.05,14.12,14.51,15.86,14.58,1,1.73,5.67,0
ETU00999,M2,Droit,9.52,13.78,16.56,16.09,35.19,0,2.31,3.91,0
ETU01000,L2,Gestion,12.43,8.18,10.18,11.52,37.1,3,3.35,2.01,1
ETU01001,L2,Informatique,8.57,11.17,11.49,9.03,32.09,4,-2.14,0.04,0
ETU01002,L1,Médecine,17.19,16.7,17.22,18.02,11.03,2,1.32,3.22,0
ETU01003,M2,Ingénierie,16.7,13.48,12.63,12.31,35.48,0,-1.17,5.16,0
ETU01004,M2,Gestion,17.73,5.96,5.9,7.93,1.32,2,1.97,9.29,0
ETU01005,M2,Gestion,17.41,11.2,11.86,12.1,16.91,2,0.9,2.27,0
ETU01006,L2,Informatique,18.47,9.36,10.84,13.01,15.11,1,3.65,5.12,0
ETU01007,L1,Droit,8.97,13.98,15.31,16.37,21.41,4,2.39,5.66,0
ETU01008,M2,Gestion,18.11,13.6,12.14,12.25,22.43,1,-1.36,6.49,0
ETU01009,M1,Informatique,13.43,5.15,6.81,8.29,9.02,1,3.15,3.29,0
ETU01010,L2,Informatique,11.49,13.51,13.57,15.07,8.18,3,1.56,0.99,0
ETU01011,L1,Gestion,13.28,15.29,14.01,15.02,32.14,3,-0.27,9.21,0
ETU01012,M1,Droit,10.45,15.76,17.97,14.83,3.05,3,-0.93,9.53,0
ETU01013,M2,Droit,9.75,5.83,8.22,7.05,19.73,2,1.22,4.38,0
ETU01014,L1,Médecine,9.14,9.25,9.85,12.22,7.67,1,2.97,5.81,0
ETU01015,L3,Droit,7.07,10.9,12.16,10.58,12.78,1,-0.32,0.29,0
ETU01016,L3,Médecine,12.46,7.52,8.87,10.49,11.09,0,2.97,0.47,0
ETU01017,L3,Gestion,17.54,10.89,13.18,14.54,28.34,0,3.65,0.77,0
ETU01018,L2,Gestion,14.19,6.0,7.29,6.5,18.24,2,0.5,7.39,0
ETU01019,L2,Droit,12.77,6.59,4.79,2.1,11.98,2,-4.48,2.27,0
ETU01020,L2,Informatique,11.57,14.36,17.58,17.02,33.25,3,2.66,1.84,0
ETU01021,M2,Médecine,12.04,8.68,10.47,13.89,3.43,4,5.22,0.08,0
ETU01022,M2,Informatique,8.72,14.96,14.4,13.4,30.65,2,-1.56,0.23,1
ETU01023,L1,Ingénierie,16.7,5.67,4.33,3.44,9.93,0,-2.24,4.05,0
ETU01024,M1,Ingénierie,8.58,12.88,13.84,12.64,36.72,0,-0.24,5.42,1
ETU01025,L3,Droit,15.32,10.48,10.26,12.39,0.22,1,1.9,5.79,0
ETU01026,L2,Gestion,15.88,16.16,16.85,16.79,22.27,1,0.63,4.58,0
ETU01027,L1,Gestion,13.47,15.98,17.29,16.65,24.89,0,0.68,4.6,0
ETU01028,M1,Droit,17.22,10.26,9.61,12.03,23.09,3,1.77,7.53,0
ETU01029,L2,Droit,9.78,13.72,12.24,13.41,32.6,1,-0.3,2.9,0
ETU01030,L1,Informatique,17.46,8.19,8.96,7.89,4.49,3,-0.3,2.38,0
ETU01031,M2,Informatique,15.48,13.13,12.53,10.99,16.62,1,-2.14,8.54,0
ETU01032,M2,Médecine,16.38,6.14,6.56,8.59,34.55,0,2.46,6.89,0
ETU01033,L3,Informatique,14.64,11.08,9.27,9.59,35.55,0,-1.49,4.77,0
ETU01034,L3,Droit,17.0,7.56,7.38,5.36,19.93,2,-2.2,2.75,0
ETU01035,L3,Ingénierie,18.91,17.37,18.64,16.27,22.32,2,-1.1,1.37,0
ETU01036,L1,Informatique,11.46,11.23,12.34,10.96,30.56,2,-0.27,0.37,0
ETU01037,L1,Ingénierie,16.58,13.27,12.29,10.73,31.18,4,-2.54,8.52,0
ETU01038,L2,Droit,15.68,10.05,8.49,5.72,35.52,3,-4.32,5.93,1
ETU01039,L2,Droit,11.89,9.04,9.27,7.92,33.75,3,-1.13,0.46,1
ETU01040,L1,Médecine,18.05,7.84,8.88,7.8,16.58,0,-0.04,1.59,0
ETU01041,L1,Médecine,11.13,17.77,18.57,18.18,25.99,2,0.41,2.8,0
ETU01042,M2,Droit,13.35,16.19,15.62,18.46,19.33,3,2.27,2.63,0
ETU01043,M2,Informatique,7.38,6.87,7.51,7.41,4.72,2,0.55,5.48,0
ETU01044,L2,Ingénierie,8.94,15.45,17.91,17.96,32.87,4,2.5,3.99,0
ETU01045,M1,Informatique,16.93,10.86,11.37,12.43,24.07,2,1.57,8.82,0
ETU01046,L1,Ingénierie,11.16,5.22,2.97,2.91,2.32,1,-2.31,7.19,0
ETU01047,M2,Droit,11.12,12.4,12.9,13.8,27.07,4,1.41,9.11,0
ETU01048,M2,Droit,9.2,6.82,10.09,10.81,11.32,1,3.99,8.63,0
ETU01049,L1,Médecine,12.39,7.94,6.21,6.69,2.77,2,-1.25,9.21,0
ETU01050,L2,Ingénierie,16.48,14.74,14.99,19.44,24.26,0,4.69,9.8,0
ETU01051,L2,Informatique,17.64,8.6,8.46,10.13,29.29,0,1.53,3.12,0
ETU01052,L1,Ingénierie,6.91,17.49,17.83,16.51,20.69,0,-0.98,2.1,0
ETU01053,L2,Médecine,13.47,14.2,14.69,15.55,0.23,2,1.35,1.65,0
ETU01054,M1,Gestion,12.07,16.65,18.56,17.67,23.08,4,1.02,6.28,0
ETU01055,M1,Droit,13.99,13.61,13.94,14.91,0.26,0,1.3,6.81,0
ETU01056,L1,Médecine,11.81,17.16,19.28,17.52,37.06,4,0.35,0.88,0
ETU01057,L2,Informatique,11.18,10.06,10.09,8.73,10.69,4,-1.34,8.21,0
ETU01058,M2,Droit,12.13,12.69,12.36,13.18,34.84,0,0.49,7.83,0
ETU01059,M2,Médecine,13.57,12.22,11.42,13.22,0.48,0,0.99,6.28,0
ETU01060,L3,Droit,12.51,17.65,15.13,16.18,3.89,4,-1.47,4.36,0
ETU01061,M1,Droit,12.14,7.31,7.92,9.5,18.06,2,2.19,1.54,0
ETU01062,L2,Droit,16.63,13.09,16.37,17.23,30.34,0,4.14,5.06,0
ETU01063,M2,Droit,15.69,15.56,16.45,17.01,37.7,4,1.45,1.59,1
ETU01064,L3,Ingénierie,10.44,10.18,11.41,10.96,20.84,2,0.77,6.05,0
ETU01065,M1,Ingénierie,16.41,17.15,16.73,18.25,14.22,3,1.1,3.1,0
ETU01066,L2,Ingénierie,17.1,10.22,10.06,11.89,1.78,3,1.67,2.47,0
ETU01067,L1,Informatique,8.0,7.43,9.1,9.31,23.35,1,1.88,4.41,0
ETU01068,L3,Gestion,13.57,13.18,16.39,16.51,15.2,1,3.34,5.81,0
ETU01069,L3,Ingénierie,9.71,10.89,13.32,16.01,36.37,0,5.12,3.67,0
ETU01070,L3,Médecine,15.61,5.21,6.62,6.89,19.2,2,1.68,9.64,0
ETU01071,M2,Gestion,9.1,5.98,6.23,6.64,30.62,4,0.67,0.06,1
ETU01072,M1,Médecine,14.73,7.73,8.25,9.27,33.93,3,1.54,9.13,0
ETU01073,L2,Droit,9.32,15.77,14.84,14.99,3.93,3,-0.78,0.01,0
ETU01074,L3,Ingénierie,12.64,17.49,15.52,14.59,17.63,0,-2.9,2.17,0
ETU01075,L1,Droit,18.33,12.64,11.15,12.02,35.75,2,-0.62,9.96,0
ETU01076,M1,Droit,10.96,6.48,6.75,6.99,16.98,4,0.52,7.28,0
ETU01077,L1,Médecine,17.38,12.48,12.24,15.31,22.61,0,2.83,6.44,0
ETU01078,L1,Informatique,18.83,16.98,14.97,16.46,34.92,1,-0.52,7.26,0
ETU01079,L3,Médecine,17.37,15.49,15.64,15.04,9.3,3,-0.45,4.08,0
ETU01080,M2,Gestion,8.16,9.08,8.8,10.19,35.78,0,1.12,7.84,0
ETU01081,L2,Informatique,16.66,6.73,5.18,5.94,15.88,1,-0.8,1.55,0
ETU01082,L1,Informatique,6.42,17.61,17.25,19.52,23.72,4,1.91,7.94,0
ETU01083,L1,Informatique,11.11,16.96,16.68,16.19,13.12,0,-0.77,9.4,0
ETU01084,M2,Informatique,17.32,5.75,5.03,5.61,21.08,2,-0.14,8.58,0
ETU01085,M1,Informatique,14.95,16.53,18.12,18.27,1.97,1,1.74,7.4,0
ETU01086,L3,Gestion,12.93,6.36,3.71,4.09,2.61,1,-2.27,6.51,0
ETU01087,M2,Ingénierie,11.04,5.89,3.11,2.08,16.59,1,-3.81,5.21,0
ETU01088,L1,Informatique,16.56,15.62,15.83,16.99,13.4,1,1.37,3.95,0
ETU01089,M1,Médecine,15.22,12.51,12.85,13.78,24.63,3,1.27,8.66,0
ETU01090,L2,Ingénierie,12.09,10.8,11.61,13.84,1.52,0,3.03,6.47,0
ETU01091,L2,Ingénierie,17.6,17.65,17.05,17.33,6.71,0,-0.32,4.35,0
ETU01092,M2,Gestion,8.99,16.75,15.57,15.26,8.38,1,-1.49,7.85,0
ETU01093,M2,Informatique,8.22,5.81,6.0,7.48,17.62,4,1.67,0.54,0
ETU01094,M2,Gestion,14.36,13.63,13.16,12.27,9.87,1,-1.35,8.13,0
ETU01095,L1,Médecine,18.64,15.81,18.34,20.0,5.51,0,4.19,8.11,0
ETU01096,M1,Médecine,9.21,12.71,12.42,14.34,23.9,2,1.64,2.29,0
ETU01097,L2,Informatique,9.25,18.76,18.88,20.0,29.75,3,1.24,0.38,0
ETU01098,L2,Gestion,7.81,14.6,18.52,19.38,27.41,2,4.78,7.14,0
ETU01099,L1,Médecine,17.19,6.46,6.37,5.94,11.05,0,-0.52,2.0,0
ETU01100,L3,Médecine,8.94,7.78,8.81,9.27,34.18,4,1.5,9.96,1
ETU01101,M2,Gestion,12.54,16.57,17.74,18.61,24.47,4,2.04,0.09,0
ETU01102,L2,Ingénierie,18.88,18.95,20.0,19.71,24.59,4,0.76,2.3,0
ETU01103,L3,Ingénierie,6.16,6.38,7.01,9.31,8.51,4,2.93,0.42,0
ETU01104,M1,Gestion,13.23,6.4,6.9,8.07,9.69,1,1.66,7.83,0
ETU01105,M1,Droit,12.66,15.69,16.04,15.0,18.99,2,-0.69,5.79,0
ETU01106,L2,Droit,16.5,5.9,5.24,8.36,9.51,4,2.46,8.48,0
ETU01107,L1,Médecine,10.62,5.96,6.65,7.09,27.52,2,1.13,9.63,0
ETU01108,M2,Gestion,11.33,17.44,20.0,19.35,12.34,4,1.9,6.1,0
ETU01109,L3,Gestion,8.18,16.21,18.22,17.28,6.08,3,1.07,2.32,0
ETU01110,M1,Droit,15.63,17.34,18.0,20.0,6.06,4,2.66,0.93,0
ETU01111,L3,Gestion,16.2,14.11,15.59,18.63,5.09,0,4.52,8.66,0
ETU01112,L2,Droit,7.78,9.52,8.41,10.23,17.59,3,0.71,2.45,0
ETU01113,L2,Ingénierie,11.11,17.69,17.5,19.78,0.12,4,2.09,8.94,0
ETU01114,M1,Gestion,17.61,9.18,10.8,12.93,21.69,0,3.75,8.78,0
ETU01115,M2,Ingénierie,6.04,8.86,11.29,12.42,11.93,3,3.57,6.28,0
ETU01116,L2,Droit,9.88,17.41,16.45,17.25,22.1,0,-0.16,6.04,0
ETU01117,L1,Informatique,13.22,14.53,14.01,15.12,37.42,4,0.58,9.51,0
ETU01118,L1,Droit,10.34,17.54,20.0,20.0,34.76,4,2.46,7.56,0
ETU01119,L3,Droit,9.54,7.18,7.53,6.71,23.06,0,-0.47,6.83,0
ETU01120,L2,Informatique,11.98,18.33,20.0,20.0,16.72,2,1.67,4.36,0
ETU01121,M2,Droit,8.36,13.58,14.09,16.58,27.93,1,3.0,4.84,0
ETU01122,L2,Informatique,12.89,14.35,14.92,14.91,36.93,4,0.56,3.89,0
ETU01123,L3,Médecine,15.19,17.8,17.54,17.37,19.58,1,-0.43,9.46,0
ETU01124,L2,Droit,13.48,10.33,11.94,12.96,3.97,3,2.63,6.38,0
ETU01125,L3,Gestion,7.21,15.07,17.31,16.64,30.64,0,1.56,7.8,0
ETU01126,M1,Informatique,16.98,13.96,12.61,10.94,0.42,1,-3.03,0.37,0
ETU01127,M1,Droit,8.27,16.03,15.7,17.72,30.59,4,1.69,8.52,0
ETU01128,M1,Médecine,15.94,17.56,19.13,18.75,3.4,1,1.2,4.18,0
ETU01129,L3,Droit,10.69,14.52,14.53,14.85,4.26,3,0.33,7.37,0
ETU01130,L3,Ingénierie,16.18,5.95,5.41,4.79,31.27,4,-1.16,0.4,0
ETU01131,L2,Informatique,8.68,7.56,9.28,11.49,27.58,4,3.93,8.94,0
ETU01132,M2,Médecine,8.43,18.36,20.0,20.0,22.48,0,1.64,6.6,0
ETU01133,M1,Droit,12.46,18.56,18.09,18.03,32.82,1,-0.54,4.58,0
ETU01134,M2,Gestion,6.43,18.54,19.06,17.59,34.05,3,-0.95,3.04,1
ETU01135,M1,Gestion,8.93,5.52,3.9,3.68,18.3,4,-1.83,3.11,0
ETU01136,L1,Droit,15.41,10.35,9.21,10.37,39.85,4,0.01,3.03,1
ETU01137,L2,Informatique,16.89,15.64,16.02,16.6,14.3,3,0.97,1.31,0
ETU01138,L3,Médecine,7.05,15.54,15.79,16.25,6.86,0,0.71,4.64,0
ETU01139,L2,Droit,17.47,6.2,4.95,5.57,33.84,3,-0.63,4.53,0
ETU01140,M2,Médecine,16.37,13.53,12.66,14.1,16.62,1,0.56,4.12,0
ETU01141,L3,Droit,17.31,7.0,5.6,5.84,34.98,4,-1.16,7.03,0
ETU01142,L2,Ingénierie,15.08,11.9,12.79,13.76,2.45,2,1.86,4.2,0
ETU01143,L3,Informatique,14.76,8.36,5.6,4.42,4.44,0,-3.93,0.89,0
ETU01144,L2,Droit,12.83,5.74,4.43,8.56,1.61,4,2.81,8.52,0
ETU01145,L1,Droit,14.49,6.12,3.53,3.4,24.08,4,-2.72,4.25,0
ETU01146,M2,Gestion,17.95,17.75,18.58,19.19,33.27,2,1.43,6.55,0
ETU01147,M2,Médecine,7.31,15.43,12.92,14.07,16.11,4,-1.35,9.3,0
ETU01148,M1,Gestion,10.1,18.05,18.29,17.98,3.63,0,-0.07,7.67,0
ETU01149,L2,Médecine,6.94,11.58,14.24,14.55,14.94,1,2.97,5.39,0
ETU01150,M2,Ingénierie,18.28,10.79,13.5,13.79,13.92,0,3.0,5.45,0
ETU01151,L2,Ingénierie,11.79,10.02,7.51,6.44,25.74,1,-3.58,8.5,0
ETU01152,M2,Médecine,14.78,13.63,14.28,15.23,26.09,1,1.61,8.24,0
ETU01153,M2,Médecine,16.93,9.92,8.64,6.46,4.12,2,-3.46,1.79,0
ETU01154,L1,Ingénierie,18.88,15.45,13.86,16.79,16.81,1,1.34,6.27,0
ETU01155,L2,Ingénierie,8.1,16.22,16.25,17.74,25.7,2,1.52,8.66,0
ETU01156,M1,Médecine,16.39,17.26,19.3,20.0,10.35,1,2.74,8.03,0
ETU01157,L2,Ingénierie,17.54,8.4,9.5,7.19,16.28,1,-1.21,1.25,0
ETU01158,M2,Ingénierie,6.64,12.38,11.51,10.62,24.55,4,-1.76,4.36,0
ETU01159,M1,Informatique,15.8,8.13,9.39,11.77,16.11,2,3.64,5.18,0
ETU01160,L2,Droit,10.61,5.53,2.36,8.89,1.23,0,3.36,2.58,0
ETU01161,M1,Gestion,14.43,14.91,13.98,16.07,8.9,1,1.16,6.79,0
ETU01162,L1,Ingénierie,12.68,12.69,11.65,13.51,31.04,4,0.82,4.76,0
ETU01163,L2,Médecine,9.38,15.13,15.45,16.54,9.94,0,1.4,2.98,0
ETU01164,L1,Ingénierie,7.76,6.23,6.12,5.15,32.71,4,-1.08,3.37,1
ETU01165,L1,Gestion,7.52,18.94,18.93,20.0,18.68,1,1.06,8.57,0
ETU01166,M1,Ingénierie,7.34,18.92,18.86,17.51,18.92,3,-1.41,8.66,0
ETU01167,L1,Informatique,14.29,11.51,11.74,10.23,30.82,2,-1.28,8.12,0
ETU01168,M1,Ingénierie,10.57,17.12,18.14,16.52,15.33,3,-0.6,9.14,0
ETU01169,L1,Gestion,8.82,8.41,8.83,10.6,9.54,3,2.19,9.52,0
ETU01170,M2,Droit,14.99,15.33,15.1,15.31,4.2,0,-0.01,4.92,0
ETU01171,M2,Médecine,14.93,17.31,18.11,18.56,26.88,1,1.25,0.97,0
ETU01172,L2,Médecine,13.01,16.41,17.84,18.12,18.8,2,1.72,8.0,0
ETU01173,L3,Gestion,18.15,16.36,15.73,14.34,32.38,1,-2.02,6.33,0
ETU01174,M1,Droit,11.01,11.48,11.59,10.89,18.31,1,-0.6,3.81,0
ETU01175,L3,Droit,16.87,16.48,18.42,17.79,16.59,4,1.31,9.76,0
ETU01176,L1,Médecine,6.98,14.67,13.22,11.41,11.95,1,-3.26,3.39,0
ETU01177,M2,Gestion,15.62,6.85,9.76,9.31,7.98,0,2.45,9.08,0
ETU01178,M2,Médecine,18.85,6.6,4.79,3.47,33.22,2,-3.13,5.93,0
ETU01179,L3,Médecine,17.01,15.81,15.49,16.66,3.81,0,0.85,0.37,0
ETU01180,L3,Médecine,13.54,13.76,12.53,13.82,36.09,0,0.07,8.6,0
ETU01181,L1,Ingénierie,14.15,12.27,15.75,14.11,1.08,4,1.84,7.62,0
ETU01182,M1,Droit,10.59,17.7,17.15,17.0,20.89,1,-0.7,6.42,0
ETU01183,L3,Droit,14.83,14.23,13.68,16.77,2.33,0,2.53,6.15,0
ETU01184,L2,Médecine,16.02,10.55,10.19,9.02,31.18,3,-1.53,2.19,0
ETU01185,L2,Médecine,18.98,10.8,11.14,12.08,8.46,2,1.28,2.14,0
ETU01186,L1,Ingénierie,12.4,13.47,13.18,13.64,22.64,2,0.17,0.29,0
ETU01187,M1,Droit,6.8,15.64,15.64,17.58,36.66,2,1.94,1.54,1
ETU01188,L1,Médecine,13.75,12.9,7.81,8.55,25.97,0,-4.35,3.36,0
ETU01189,L3,Informatique,7.55,12.12,12.41,12.06,7.13,4,-0.06,5.41,0
ETU01190,M2,Droit,9.18,15.18,15.4,15.8,31.87,0,0.63,1.31,0
ETU01191,L1,Gestion,10.27,14.87,16.63,17.05,17.66,2,2.18,5.58,0
ETU01192,L1,Ingénierie,15.5,16.62,18.79,18.95,0.53,1,2.33,2.63,0
ETU01193,M1,Informatique,8.39,5.88,5.79,4.12,19.47,3,-1.76,2.54,0
ETU01194,M2,Médecine,8.15,15.57,16.99,19.16,32.5,2,3.59,9.48,0
ETU01195,L1,Ingénierie,6.58,12.19,10.74,12.64,17.2,1,0.45,9.92,0
ETU01196,L2,Droit,17.35,6.05,7.4,6.13,30.34,2,0.08,8.11,0
ETU01197,M1,Médecine,15.02,14.51,13.85,13.7,28.22,1,-0.81,0.54,0
ETU01198,L3,Droit,6.52,15.03,13.45,13.42,18.28,0,-1.61,7.29,0
ETU01199,L3,Médecine,6.37,12.33,12.25,10.82,12.93,4,-1.51,1.78,0
ETU01200,L2,Médecine,13.26,16.11,18.41,15.91,29.06,3,-0.2,5.69,0
ETU01201,L3,Gestion,9.67,9.2,9.67,8.97,14.76,3,-0.23,8.94,0
ETU01202,L1,Médecine,13.76,7.83,10.27,10.04,6.8,4,2.21,3.8,0
ETU01203,M2,Ingénierie,11.65,9.91,8.99,7.13,12.83,4,-2.78,9.29,0
ETU01204,L3,Gestion,18.0,10.74,12.51,13.08,35.07,2,2.34,7.08,0
ETU01205,L2,Gestion,9.74,14.74,13.96,16.01,11.34,3,1.27,3.01,0
ETU01206,L2,Gestion,14.83,16.84,17.38,18.94,9.4,2,2.1,0.95,0
ETU01207,L2,Ingénierie,6.7,15.09,15.62,15.73,5.34,1,0.63,8.15,0
ETU01208,L3,Ingénierie,18.43,7.44,8.63,6.17,2.21,3,-1.27,4.58,0
ETU01209,L1,Gestion,18.75,10.13,10.7,12.08,39.07,4,1.95,0.73,1
ETU01210,M1,Ingénierie,15.61,7.22,6.31,6.83,21.47,4,-0.39,1.03,0
ETU01211,L1,Médecine,12.05,14.61,16.13,17.07,29.19,2,2.46,9.67,0
ETU01212,L2,Droit,8.86,8.47,11.27,14.48,30.92,4,6.0,2.43,0
ETU01213,M2,Ingénierie,16.56,12.36,11.68,10.74,14.09,0,-1.61,9.67,0
ETU01214,L3,Ingénierie,15.57,16.09,13.53,9.52,31.96,0,-6.57,6.81,0
ETU01215,M2,Ingénierie,8.89,14.39,15.34,14.06,38.46,2,-0.33,3.0,1
ETU01216,M1,Droit,11.87,9.18,8.88,9.91,29.67,1,0.73,3.84,0
ETU01217,M1,Gestion,12.02,9.66,9.66,10.0,28.47,4,0.34,7.77,0
ETU01218,L1,Informatique,16.74,14.15,15.18,13.66,17.29,0,-0.49,4.35,0
ETU01219,L3,Ingénierie,14.89,12.69,12.21,10.38,33.65,2,-2.31,0.75,0
ETU01220,L2,Médecine,14.36,6.35,6.15,5.91,3.55,3,-0.44,2.3,0
ETU01221,L1,Médecine,14.45,17.24,17.29,15.72,29.99,0,-1.52,8.6,0
ETU01222,L1,Informatique,9.52,12.18,14.58,15.66,14.48,0,3.49,6.96,0
ETU01223,L1,Ingénierie,10.83,11.63,11.87,11.56,22.64,2,-0.07,5.01,0
ETU01224,L1,Informatique,6.59,7.78,6.12,5.48,35.72,4,-2.29,2.45,1
ETU01225,L3,Droit,16.23,10.28,8.68,7.85,24.2,0,-2.43,4.75,0
ETU01226,L1,Ingénierie,11.63,9.66,10.07,10.76,1.02,0,1.1,7.89,0
ETU01227,M2,Gestion,11.7,8.79,7.3,7.66,28.9,4,-1.13,0.82,0
ETU01228,L3,Droit,9.19,12.94,10.8,11.4,37.16,3,-1.54,9.95,1
ETU01229,M2,Ingénierie,8.72,11.47,12.63,13.2,25.68,3,1.72,8.6,0
ETU01230,L1,Gestion,13.64,17.45,18.68,18.87,34.46,1,1.42,3.18,0
ETU01231,L1,Informatique,9.02,18.18,17.83,16.58,33.01,1,-1.6,8.71,0
ETU01232,M2,Droit,6.83,8.07,8.71,7.92,34.45,2,-0.16,6.82,1
ETU01233,L2,Médecine,15.98,6.4,6.88,6.59,13.76,1,0.19,6.66,0
ETU01234,M1,Droit,10.89,15.99,17.1,20.0,18.97,2,4.01,1.4,0
ETU01235,L1,Droit,10.94,18.93,20.0,18.31,33.92,4,-0.62,9.06,0
ETU01236,L1,Médecine,11.61,17.09,13.38,13.05,36.42,3,-4.04,4.5,1
ETU01237,L3,Informatique,16.6,5.33,5.17,5.62,5.87,4,0.29,8.03,0
ETU01238,L3,Gestion,10.17,8.52,9.49,9.34,7.26,2,0.82,3.0,0
ETU01239,L1,Ingénierie,15.85,5.61,5.19,7.1,13.87,3,1.5,3.08,0
ETU01240,L1,Gestion,18.21,16.49,16.75,16.58,30.81,2,0.09,9.65,0
ETU01241,L2,Ingénierie,14.59,13.14,14.47,14.41,35.0,3,1.27,4.97,0
ETU01242,L1,Droit,11.61,12.19,12.51,14.04,23.21,3,1.84,0.6,0
ETU01243,M2,Ingénierie,15.72,12.76,15.22,18.24,4.53,4,5.48,8.36,0
ETU01244,M2,Médecine,11.95,8.53,10.42,12.84,12.15,4,4.3,2.27,0
ETU01245,L1,Droit,11.39,13.42,13.45,13.54,34.28,0,0.12,8.79,0
ETU01246,L3,Ingénierie,12.83,5.43,5.33,5.56,13.9,3,0.13,9.16,0
ETU01247,L2,Gestion,10.13,14.04,9.97,10.34,4.11,3,-3.71,0.73,0
ETU01248,L1,Gestion,7.36,15.28,14.99,15.51,12.08,3,0.23,5.82,0
ETU01249,M1,Médecine,11.39,14.42,12.59,11.62,32.27,0,-2.8,9.82,1
ETU01250,M2,Ingénierie,7.61,9.65,10.18,11.89,19.74,2,2.24,9.31,0
ETU01251,M1,Informatique,11.34,16.57,17.0,17.61,6.86,4,1.04,5.25,0
ETU01252,M2,Ingénierie,13.24,15.02,16.26,16.49,12.51,4,1.48,6.8,0
ETU01253,M1,Droit,18.1,6.8,9.09,7.48,38.14,1,0.69,6.04,0
ETU01254,L3,Gestion,6.47,7.73,7.89,8.29,17.28,2,0.55,2.03,0
ETU01255,M2,Informatique,14.08,13.92,17.54,15.0,17.66,4,1.08,6.53,0
ETU01256,M1,Informatique,11.95,9.05,9.6,9.03,6.12,4,-0.02,3.33,0
ETU01257,M1,Droit,6.26,6.67,4.91,4.36,12.18,1,-2.31,3.38,0
ETU01258,M1,Médecine,9.24,7.17,6.53,7.26,32.59,4,0.09,4.2,1
ETU01259,L1,Informatique,7.54,7.32,6.96,10.08,31.45,4,2.76,8.52,1
ETU01260,M1,Ingénierie,8.82,11.69,12.78,13.94,17.42,0,2.25,2.38,0
ETU01261,M1,Droit,9.57,13.5,12.28,14.76,35.75,0,1.25,2.51,0
ETU01262,L3,Informatique,11.22,7.47,7.22,8.49,15.21,0,1.02,0.07,0
ETU01263,L3,Ingénierie,12.88,14.97,14.93,16.92,34.57,0,1.95,1.55,0
ETU01264,M2,Informatique,6.01,8.93,8.46,11.55,1.26,3,2.61,9.79,0
ETU01265,L1,Médecine,8.1,9.36,10.78,9.98,13.89,1,0.62,4.34,0
ETU01266,L3,Médecine,7.22,8.13,9.29,8.4,34.2,3,0.27,1.95,1
ETU01267,M1,Ingénierie,13.15,15.99,17.94,19.25,36.05,0,3.25,9.66,0
ETU01268,L2,Ingénierie,10.28,18.44,18.14,18.44,30.26,3,-0.0,0.27,0
ETU01269,L2,Ingénierie,13.13,11.89,13.9,14.53,26.79,3,2.63,4.84,0
ETU01270,L1,Informatique,8.88,5.59,3.74,3.67,32.62,4,-1.92,8.05,1
ETU01271,L2,Gestion,6.31,8.65,6.77,6.17,28.3,1,-2.48,7.73,1
ETU01272,L2,Gestion,18.24,7.21,5.59,8.32,10.17,2,1.11,1.89,0
ETU01273,M2,Gestion,7.41,16.8,17.01,15.66,18.65,2,-1.14,7.08,0
ETU01274,L1,Gestion,7.65,6.19,8.19,9.52,26.43,1,3.33,6.22,1
ETU01275,M1,Gestion,7.91,18.53,17.83,18.91,23.51,3,0.38,6.75,0
ETU01276,L1,Ingénierie,18.76,13.24,12.72,10.66,35.4,2,-2.58,2.66,0
ETU01277,M1,Ingénierie,14.03,12.25,12.12,11.18,18.95,4,-1.07,8.11,0
ETU01278,L3,Médecine,13.93,16.86,17.92,17.23,7.12,0,0.37,5.59,0
ETU01279,L3,Droit,18.83,5.39,4.87,6.02,8.58,1,0.63,7.25,0
ETU01280,M2,Droit,7.15,15.88,15.28,15.03,33.84,2,-0.85,9.4,0
ETU01281,M1,Médecine,18.67,6.63,4.81,4.99,0.35,2,-1.65,8.55,0
ETU01282,L1,Ingénierie,8.65,16.77,16.11,14.23,34.77,4,-2.54,7.82,0
ETU01283,L2,Droit,14.1,12.41,14.37,18.16,2.22,3,5.76,2.9,0
ETU01284,L2,Droit,11.46,5.86,6.19,6.6,15.67,0,0.74,0.54,0
ETU01285,M1,Ingénierie,10.99,16.67,15.76,16.8,32.01,2,0.14,5.75,0
ETU01286,M2,Ingénierie,18.11,5.38,7.44,6.93,16.3,4,1.54,0.35,0
ETU01287,M1,Gestion,7.94,6.94,6.26,5.58,32.89,4,-1.36,7.14,1
ETU01288,L3,Gestion,18.96,16.17,18.5,20.0,4.01,4,3.83,7.37,0
ETU01289,M1,Gestion,10.93,11.51,13.81,11.24,20.46,2,-0.27,5.63,0
ETU01290,M1,Informatique,14.43,17.34,17.62,18.34,23.3,0,1.0,1.68,0
ETU01291,L1,Médecine,18.58,13.9,11.85,10.33,35.63,1,-3.57,8.76,0
ETU01292,L3,Droit,6.75,13.73,17.36,17.06,3.74,4,3.33,5.96,0
ETU01293,M1,Informatique,18.0,9.09,9.87,9.22,13.54,1,0.12,5.15,0
ETU01294,M1,Gestion,13.38,6.87,6.59,5.41,26.37,3,-1.46,5.68,0
ETU01295,L2,Droit,15.16,18.46,20.0,20.0,39.2,0,1.54,0.83,0
ETU01296,L1,Ingénierie,7.94,6.47,7.72,4.17,33.93,2,-2.3,7.4,1
ETU01297,L2,Médecine,12.93,12.41,14.57,14.4,33.86,4,1.99,0.61,0
ETU01298,L2,Droit,14.76,8.82,8.02,8.19,20.69,1,-0.63,5.78,0
ETU01299,M2,Informatique,11.93,8.7,9.38,7.64,22.57,0,-1.06,1.69,0
ETU01300,M1,Gestion,8.01,13.32,11.75,14.32,34.34,1,0.99,2.08,1
ETU01301,M2,Médecine,9.17,16.17,17.37,16.78,34.79,0,0.61,2.33,0
ETU01302,L1,Médecine,17.11,15.88,16.05,15.99,32.09,3,0.11,0.14,0
ETU01303,M1,Ingénierie,6.45,17.16,17.78,17.2,32.74,0,0.03,8.92,0
ETU01304,L1,Droit,15.22,9.1,9.08,9.26,35.19,1,0.16,8.04,0
ETU01305,L3,Gestion,18.99,11.52,11.34,13.61,4.55,2,2.09,0.31,0
ETU01306,L2,Droit,6.1,5.13,4.03,8.04,11.71,1,2.91,0.57,0
ETU01307,M2,Ingénierie,8.09,15.46,16.84,18.26,39.04,3,2.8,7.83,1
ETU01308,M1,Informatique,14.76,9.23,11.67,13.6,21.79,4,4.37,0.07,0
ETU01309,L3,Ingénierie,6.78,12.86,12.23,15.1,7.06,4,2.24,4.69,0
ETU01310,L3,Ingénierie,13.67,7.37,8.4,9.07,20.12,3,1.7,1.07,0
ETU01311,M1,Ingénierie,14.89,16.47,17.32,19.98,25.83,4,3.5,5.92,0
ETU01312,M1,Médecine,13.65,16.44,16.65,18.14,33.13,3,1.7,9.98,0
ETU01313,L3,Droit,10.75,17.28,15.19,15.71,32.49,0,-1.57,1.72,0
ETU01314,M1,Ingénierie,15.06,5.64,3.89,4.72,1.97,4,-0.93,9.57,0
ETU01315,M1,Informatique,13.73,18.89,17.92,15.49,18.14,2,-3.4,8.65,0
ETU01316,L1,Médecine,8.7,8.47,5.46,6.2,0.82,0,-2.27,9.86,0
ETU01317,L2,Droit,13.32,9.33,11.64,9.63,35.53,3,0.3,7.66,1
ETU01318,M2,Droit,17.46,8.49,9.24,7.1,6.96,1,-1.39,8.57,0
ETU01319,L2,Droit,14.67,8.75,8.9,9.49,24.99,2,0.74,5.95,0
ETU01320,M2,Informatique,12.13,12.74,9.65,8.28,22.82,3,-4.46,8.67,0
ETU01321,L3,Ingénierie,10.18,8.36,5.82,6.11,25.02,0,-2.25,1.12,0
ETU01322,L2,Médecine,7.12,10.51,10.71,11.22,22.54,2,0.7,7.42,0
ETU01323,L2,Médecine,9.18,14.18,17.33,17.91,28.62,0,3.73,6.29,0
ETU01324,L3,Informatique,6.15,16.7,15.86,14.8,25.04,0,-1.9,0.6,0
ETU01325,L1,Médecine,18.83,14.7,16.19,17.84,3.61,1,3.14,2.92,0
ETU01326,L2,Ingénierie,8.89,13.32,12.8,12.97,14.67,3,-0.35,2.16,0
ETU01327,M1,Ingénierie,16.59,7.07,7.35,8.31,21.86,2,1.24,4.05,0
ETU01328,M2,Gestion,8.19,16.43,18.45,16.95,13.01,0,0.53,1.98,0
ETU01329,M2,Informatique,9.69,5.52,5.2,5.24,30.41,3,-0.29,2.75,1
ETU01330,L2,Gestion,11.44,8.7,7.86,9.81,12.72,2,1.11,2.96,0
ETU01331,M1,Informatique,10.22,5.8,8.13,9.88,33.15,0,4.08,6.0,0
ETU01332,L2,Droit,16.38,14.34,14.61,13.72,5.87,2,-0.63,1.35,0
ETU01333,M2,Droit,18.45,10.16,11.99,11.48,30.78,1,1.32,2.41,0
ETU01334,M2,Droit,17.38,14.13,13.3,12.12,7.34,3,-2.01,3.17,0
ETU01335,L3,Ingénierie,8.0,9.86,12.17,11.48,21.12,4,1.63,4.49,1
ETU01336,M1,Médecine,16.1,11.38,11.99,10.19,12.82,1,-1.19,0.38,0
ETU01337,M2,Droit,7.92,11.41,12.26,12.36,25.49,3,0.94,9.99,0
ETU01338,L1,Médecine,17.87,5.64,6.04,7.29,8.51,0,1.65,3.0,0
ETU01339,L2,Gestion,12.73,11.02,10.46,9.59,31.82,2,-1.44,2.87,1
ETU01340,M1,Médecine,10.37,13.97,14.17,14.34,22.94,4,0.36,5.55,0
ETU01341,L1,Ingénierie,8.04,12.64,12.18,12.15,38.29,0,-0.49,8.54,1
ETU01342,M1,Ingénierie,6.15,6.05,7.69,9.58,28.47,4,3.52,4.57,1
ETU01343,L2,Droit,9.22,14.35,14.25,13.63,24.3,0,-0.72,2.49,0
ETU01344,L2,Droit,17.88,9.32,7.28,6.72,33.17,2,-2.61,5.66,0
ETU01345,M2,Gestion,16.36,5.2,2.88,1.91,8.79,0,-3.29,4.83,0
ETU01346,L3,Droit,18.61,7.18,4.79,3.38,25.31,0,-3.8,4.23,0
ETU01347,M1,Ingénierie,7.31,11.97,13.09,14.19,15.62,1,2.22,9.84,0
ETU01348,M1,Ingénierie,13.7,9.35,7.82,7.92,29.75,2,-1.43,9.96,0
ETU01349,L3,Médecine,9.34,14.72,15.37,15.75,0.98,3,1.03,5.62,0
ETU01350,L3,Gestion,13.06,8.37,8.77,10.99,17.11,1,2.62,0.68,0
ETU01351,M2,Gestion,10.17,15.82,15.92,18.22,26.07,2,2.4,5.67,0
ETU01352,M2,Gestion,9.69,9.01,9.87,7.7,18.43,0,-1.31,9.52,0
ETU01353,L1,Informatique,13.46,13.69,14.13,15.4,9.52,3,1.71,9.26,0
ETU01354,L3,Informatique,8.38,16.19,12.32,12.96,18.57,0,-3.23,2.16,0
ETU01355,M1,Médecine,12.1,10.4,10.11,9.72,33.99,4,-0.68,1.9,1
ETU01356,M1,Médecine,14.46,5.66,6.49,7.28,8.27,0,1.63,1.52,0
ETU01357,L3,Informatique,7.67,12.5,15.16,12.87,14.69,3,0.37,8.2,0
ETU01358,M1,Médecine,18.1,18.94,20.0,20.0,39.61,1,1.06,4.9,0
ETU01359,L3,Informatique,12.57,18.57,16.72,17.79,36.51,4,-0.77,3.38,0
ETU01360,L1,Gestion,16.65,8.09,7.77,6.77,1.36,1,-1.32,3.25,0
ETU01361,L2,Gestion,14.5,15.58,13.43,12.85,21.21,4,-2.73,2.75,0
ETU01362,L1,Informatique,15.23,9.83,12.31,10.05,2.62,4,0.23,8.83,0
ETU01363,M1,Médecine,15.31,7.24,8.96,8.79,36.96,2,1.55,4.1,0
ETU01364,M2,Informatique,17.38,14.32,15.05,14.62,17.66,2,0.3,2.44,0
ETU01365,L2,Droit,13.98,12.01,12.46,10.77,16.74,1,-1.24,7.1,0
ETU01366,M1,Droit,9.62,12.55,14.82,16.29,10.92,2,3.74,6.35,0
ETU01367,M2,Droit,7.29,16.58,18.6,20.0,22.75,2,3.42,7.15,0
ETU01368,L2,Informatique,13.88,9.71,11.65,11.91,5.8,0,2.2,8.22,0
ETU01369,M2,Droit,6.86,14.34,15.22,15.07,31.96,1,0.73,1.01,0
ETU01370,L1,Médecine,9.14,10.13,9.8,10.76,19.65,4,0.63,0.02,0
ETU01371,M1,Gestion,6.79,5.6,6.95,7.22,22.66,4,1.62,0.51,0
ETU01372,L1,Ingénierie,13.14,10.29,11.72,10.39,33.63,0,0.1,7.07,0
ETU01373,M1,Droit,8.08,18.3,18.21,17.54,7.41,3,-0.76,9.34,0
ETU01374,L1,Médecine,13.94,11.77,11.44,11.29,7.01,1,-0.47,3.31,0
ETU01375,M2,Informatique,16.28,6.52,8.42,9.09,16.83,3,2.57,7.81,0
ETU01376,L2,Ingénierie,16.68,14.63,17.33,17.64,31.45,3,3.01,7.29,0
ETU01377,L2,Droit,10.02,18.49,17.56,18.18,2.34,4,-0.31,9.78,0
ETU01378,L3,Ingénierie,13.14,17.71,17.52,15.53,31.81,3,-2.18,4.71,0
ETU01379,M2,Médecine,13.32,13.01,13.73,15.03,20.03,4,2.02,1.66,0
ETU01380,L1,Médecine,12.15,10.27,11.2,11.5,22.47,4,1.24,7.65,0
ETU01381,L2,Informatique,14.52,13.13,12.55,16.68,22.58,3,3.55,8.19,0
ETU01382,M1,Droit,8.73,16.42,19.45,19.17,2.25,2,2.74,7.07,0
ETU01383,L1,Médecine,18.73,17.06,17.89,18.68,9.99,1,1.62,8.63,0
ETU01384,M2,Ingénierie,7.28,16.46,17.46,20.0,30.21,1,3.54,3.71,0
ETU01385,L3,Gestion,16.78,11.38,14.21,14.81,16.49,1,3.43,6.9,0
ETU01386,M2,Droit,13.72,6.66,6.19,6.39,22.42,1,-0.28,2.64,0
ETU01387,L3,Informatique,9.18,12.97,13.04,11.86,37.79,1,-1.11,4.46,0
ETU01388,M2,Droit,15.69,7.19,5.51,8.1,1.85,2,0.91,2.42,0
ETU01389,L2,Droit,7.1,5.85,5.79,4.36,17.99,1,-1.5,1.55,0
ETU01390,L3,Informatique,16.07,11.98,9.95,10.89,14.45,1,-1.09,0.36,0
ETU01391,L2,Ingénierie,13.67,14.18,15.5,15.09,4.26,3,0.91,6.71,0
ETU01392,L3,Médecine,7.44,16.96,17.79,17.8,38.03,1,0.85,8.75,0
ETU01393,L2,Informatique,7.03,15.96,15.74,13.91,38.46,0,-2.05,3.14,1
ETU01394,L3,Ingénierie,15.76,17.0,17.05,19.37,12.46,0,2.36,4.29,0
ETU01395,M2,Médecine,9.81,15.64,16.98,16.87,37.87,3,1.23,0.04,1
ETU01396,L1,Médecine,17.56,14.85,13.34,11.82,1.41,4,-3.03,4.13,0
ETU01397,M1,Ingénierie,15.91,5.14,5.65,7.83,39.24,3,2.69,2.81,1
ETU01398,M2,Droit,15.08,13.77,15.01,14.56,33.44,0,0.79,5.74,0
ETU01399,L1,Gestion,9.62,6.69,4.21,5.02,8.57,2,-1.67,9.09,0
ETU01400,M1,Médecine,15.22,5.82,7.05,8.61,23.98,1,2.79,5.06,0
ETU01401,L3,Ingénierie,18.33,7.19,4.88,5.89,31.93,1,-1.3,6.76,0
ETU01402,M1,Ingénierie,7.19,16.53,16.55,13.55,12.77,4,-2.97,7.05,0
ETU01403,L2,Médecine,10.24,15.41,13.87,15.21,14.15,4,-0.2,1.52,0
ETU01404,L2,Médecine,9.05,18.28,20.0,20.0,25.16,3,1.72,3.47,0
ETU01405,L2,Informatique,11.11,18.71,17.17,16.98,5.88,2,-1.73,1.13,0
ETU01406,L1,Droit,15.65,17.51,15.23,15.37,4.73,2,-2.14,4.41,0
ETU01407,L3,Gestion,12.17,6.86,7.26,5.15,9.99,4,-1.72,8.87,0
ETU01408,M2,Gestion,13.42,17.3,16.88,17.47,29.65,3,0.17,4.81,0
ETU01409,M1,Ingénierie,10.08,16.74,14.68,12.94,14.66,2,-3.8,4.56,0
ETU01410,L1,Gestion,7.84,17.2,18.18,18.06,20.29,0,0.86,2.09,0
ETU01411,L3,Ingénierie,9.47,7.12,4.34,4.87,7.82,4,-2.25,3.1,0
ETU01412,L1,Ingénierie,17.18,6.64,5.28,7.19,7.76,4,0.56,9.37,0
ETU01413,L1,Droit,13.83,17.93,17.27,16.34,26.02,1,-1.59,3.03,0
ETU01414,M1,Informatique,10.91,7.43,8.84,11.31,4.34,1,3.88,7.31,0
ETU01415,L2,Médecine,16.27,10.16,12.3,14.02,26.71,4,3.86,0.42,0
ETU01416,M1,Ingénierie,6.84,11.38,13.24,12.89,16.03,4,1.51,1.28,0
ETU01417,L1,Droit,9.3,6.74,6.71,5.35,26.85,2,-1.39,3.11,0
ETU01418,L1,Informatique,8.99,5.29,1.85,0.0,15.27,1,-5.29,9.01,0
ETU01419,M1,Droit,18.81,18.92,19.7,20.0,33.84,3,1.08,2.19,0
ETU01420,L2,Ingénierie,15.18,17.27,19.68,18.87,2.22,3,1.6,7.27,0
ETU01421,L1,Droit,14.03,17.77,19.82,20.0,35.73,4,2.23,1.68,0
ETU01422,M1,Droit,6.06,8.98,9.88,9.16,10.75,2,0.18,6.13,0
ETU01423,M1,Droit,8.4,8.08,6.5,5.45,1.7,2,-2.64,5.87,0
ETU01424,M2,Médecine,14.26,10.96,10.37,11.02,22.5,0,0.06,6.22,0
ETU01425,L3,Gestion,10.94,11.35,14.45,13.72,8.97,3,2.37,2.86,0
ETU01426,L3,Médecine,18.02,5.08,3.15,3.47,18.37,1,-1.61,1.62,0
ETU01427,M1,Ingénierie,15.94,15.91,14.39,16.17,32.09,1,0.26,8.86,0
ETU01428,M1,Médecine,11.82,18.95,20.0,20.0,31.66,3,1.05,5.69,0
ETU01429,M1,Ingénierie,15.74,12.4,11.95,12.44,24.02,1,0.03,2.12,0
ETU01430,L2,Médecine,18.68,10.44,8.86,9.47,39.11,1,-0.96,4.13,1
ETU01431,M2,Ingénierie,11.99,10.5,12.99,10.75,18.55,4,0.25,0.67,0
ETU01432,M1,Informatique,14.35,6.35,7.24,8.12,1.58,4,1.78,4.75,0
ETU01433,M2,Gestion,17.94,8.73,8.35,8.89,32.78,2,0.17,4.24,0
ETU01434,L3,Gestion,9.23,12.03,10.51,12.15,8.85,1,0.12,1.33,0
ETU01435,L3,Ingénierie,17.53,11.05,14.32,15.53,7.05,0,4.48,4.44,0
ETU01436,M2,Gestion,7.27,12.63,12.79,12.79,2.8,3,0.16,6.4,0
ETU01437,M1,Ingénierie,14.43,16.89,19.18,20.0,13.12,3,3.11,9.28,0
ETU01438,M1,Médecine,16.18,8.15,9.69,9.55,13.05,3,1.4,7.03,0
ETU01439,M2,Informatique,13.99,5.39,4.81,5.48,12.11,3,0.09,5.02,0
ETU01440,L2,Médecine,12.44,5.54,4.97,4.8,23.73,2,-0.74,7.7,0
ETU01441,L1,Gestion,14.03,6.88,9.25,10.24,30.06,3,3.36,2.8,0
ETU01442,L1,Gestion,7.97,12.99,15.38,15.12,37.51,3,2.13,6.69,1
ETU01443,L3,Ingénierie,8.8,16.31,13.7,16.47,3.76,3,0.16,0.05,0
ETU01444,M2,Médecine,9.51,17.42,18.44,20.0,6.02,3,2.58,0.73,0
ETU01445,M2,Médecine,13.77,13.89,13.91,15.52,23.59,0,1.63,6.24,0
ETU01446,L1,Gestion,11.74,10.64,9.29,11.91,3.93,3,1.26,1.93,0
ETU01447,L1,Médecine,9.18,7.16,7.76,5.75,14.83,4,-1.42,6.89,0
ETU01448,M1,Gestion,17.48,10.62,8.8,6.96,24.98,2,-3.66,6.37,0
ETU01449,L2,Médecine,10.86,9.65,9.15,8.97,31.22,2,-0.68,0.64,0
ETU01450,L3,Gestion,11.8,17.18,16.18,16.54,8.7,3,-0.64,3.92,0
ETU01451,L1,Médecine,11.33,11.81,11.26,11.27,26.72,2,-0.55,6.13,0
ETU01452,L1,Médecine,8.37,8.17,8.26,6.1,25.83,2,-2.07,7.13,1
ETU01453,L3,Gestion,15.51,9.04,7.72,9.75,34.38,4,0.7,8.16,0
ETU01454,M1,Informatique,11.83,6.91,9.47,13.0,12.55,0,6.09,3.3,0
ETU01455,M2,Informatique,6.21,17.86,18.8,20.0,30.0,4,2.14,8.37,0
ETU01456,L3,Ingénierie,18.53,5.7,8.6,10.52,30.08,0,4.82,3.54,0
ETU01457,M1,Ingénierie,16.6,5.18,5.14,5.78,9.57,1,0.6,0.07,0
ETU01458,M2,Médecine,15.41,7.56,6.94,5.97,24.85,3,-1.59,6.1,0
ETU01459,L3,Informatique,17.3,16.35,19.19,19.6,27.01,3,3.25,2.42,0
ETU01460,L2,Droit,17.79,12.33,11.66,15.12,10.98,4,2.79,1.24,0
ETU01461,M2,Droit,10.39,13.76,13.69,13.47,18.07,1,-0.3,2.58,0
ETU01462,L1,Gestion,13.94,10.01,11.29,10.91,17.43,0,0.9,8.28,0
ETU01463,L2,Gestion,13.91,5.96,4.3,6.27,30.94,1,0.3,9.14,0
ETU01464,L1,Médecine,9.47,16.99,18.25,20.0,0.03,2,3.01,9.62,0
ETU01465,M1,Ingénierie,8.89,7.69,8.76,7.79,20.04,1,0.1,3.03,0
ETU01466,L2,Ingénierie,7.48,5.46,7.57,7.47,7.37,1,2.01,4.56,0
ETU01467,L2,Gestion,14.57,13.02,14.55,14.1,25.87,4,1.08,8.03,0
ETU01468,M1,Droit,16.15,6.17,8.32,8.72,27.21,2,2.55,3.18,0
ETU01469,L2,Droit,15.89,6.34,6.38,8.33,20.05,3,1.99,3.85,0
ETU01470,L2,Gestion,10.11,16.21,15.11,14.21,21.68,3,-2.0,2.37,0
ETU01471,L3,Droit,8.67,11.88,15.25,17.18,12.6,2,5.3,5.72,0
ETU01472,L1,Gestion,11.9,8.38,6.29,6.74,12.53,3,-1.64,6.59,0
ETU01473,M2,Informatique,13.11,9.88,7.94,11.73,29.8,4,1.85,3.18,0
ETU01474,M2,Droit,17.95,15.21,16.26,17.04,5.27,3,1.83,0.24,0
ETU01475,M1,Gestion,17.37,5.93,8.57,8.72,30.86,1,2.79,7.36,0
ETU01476,L1,Gestion,17.91,6.63,7.12,8.28,26.2,3,1.65,6.17,0
ETU01477,L3,Médecine,17.05,13.63,15.33,15.12,35.38,1,1.49,2.19,0
ETU01478,L2,Médecine,18.54,13.5,10.7,8.31,10.41,0,-5.19,3.15,0
ETU01479,L1,Informatique,12.05,18.61,18.07,18.0,20.25,2,-0.61,9.57,0
ETU01480,M2,Gestion,6.62,10.24,7.63,7.55,1.56,2,-2.7,6.3,0
ETU01481,L3,Informatique,7.09,5.91,7.28,5.19,36.5,2,-0.72,5.95,1
ETU01482,M1,Ingénierie,11.07,12.53,10.4,10.6,27.02,1,-1.93,6.4,0
ETU01483,M1,Ingénierie,9.35,13.94,12.22,9.42,24.92,1,-4.52,9.54,0
ETU01484,L2,Droit,8.21,6.95,7.93,7.7,29.31,4,0.75,3.4,1
ETU01485,L2,Ingénierie,18.39,12.74,14.53,15.2,11.37,1,2.46,2.81,0
ETU01486,M2,Médecine,8.54,7.77,7.73,8.18,24.15,3,0.41,3.77,0
ETU01487,M2,Ingénierie,18.47,16.83,17.88,17.56,32.04,1,0.74,8.01,0
ETU01488,L3,Ingénierie,15.89,16.69,17.7,17.87,3.61,0,1.18,1.21,0
ETU01489,L3,Droit,14.33,11.01,10.89,10.02,38.35,0,-1.0,2.07,0
ETU01490,L1,Droit,14.79,18.53,17.09,17.41,35.68,1,-1.13,2.28,0
ETU01491,L2,Médecine,10.31,18.72,19.76,20.0,38.52,4,1.28,6.36,1
ETU01492,L1,Informatique,14.4,6.81,7.93,6.88,32.33,2,0.07,6.42,0
ETU01493,M2,Gestion,8.43,10.15,11.69,12.39,11.77,3,2.24,3.72,0
ETU01494,M2,Droit,18.19,13.4,14.07,14.76,23.26,4,1.36,2.76,0
ETU01495,L1,Gestion,9.92,6.19,4.63,4.69,4.81,0,-1.5,7.55,0
ETU01496,L2,Droit,9.32,10.36,11.59,15.52,30.17,0,5.17,0.32,0
ETU01497,L2,Ingénierie,15.25,8.66,8.85,8.94,6.15,4,0.29,7.39,0
ETU01498,M2,Médecine,14.53,18.33,17.8,17.69,34.67,2,-0.64,2.1,0
ETU01499,L3,Ingénierie,11.87,10.76,10.52,10.19,9.62,3,-0.58,9.03,0
ETU01500,L1,Ingénierie,14.22,15.68,14.84,13.69,6.42,1,-1.99,4.14,0
ETU01501,L3,Gestion,8.07,10.41,11.95,13.28,2.84,4,2.86,6.42,0
ETU01502,L1,Médecine,14.75,6.85,4.92,4.19,28.45,3,-2.66,1.21,1
ETU01503,M1,Gestion,9.52,17.08,15.79,15.24,7.45,1,-1.84,2.54,0
ETU01504,M2,Ingénierie,9.55,5.01,4.71,4.21,7.91,3,-0.8,7.01,0
ETU01505,L1,Informatique,8.11,5.78,8.4,7.23,6.79,0,1.44,5.5,0
ETU01506,M2,Gestion,10.32,10.1,11.88,9.56,12.23,1,-0.55,7.7,0
ETU01507,M1,Ingénierie,10.31,14.62,12.36,11.96,37.65,1,-2.66,5.63,1
ETU01508,L1,Gestion,11.9,9.78,12.01,13.62,19.46,3,3.84,5.69,0
ETU01509,L2,Médecine,8.48,5.93,8.15,8.75,10.44,3,2.82,8.58,0
ETU01510,L1,Gestion,8.51,9.45,7.89,10.53,6.82,0,1.08,4.25,0
ETU01511,M2,Gestion,13.04,8.43,4.85,6.27,0.76,4,-2.16,8.95,0
ETU01512,M1,Médecine,7.68,5.08,5.17,6.25,14.6,4,1.18,3.72,0
ETU01513,L2,Médecine,14.96,12.49,14.37,17.49,4.4,2,5.01,3.29,0
ETU01514,L3,Gestion,18.27,6.63,9.22,9.37,1.08,1,2.74,7.79,0
ETU01515,L2,Ingénierie,11.55,9.02,7.92,8.31,4.12,2,-0.71,0.12,0
ETU01516,L3,Informatique,17.71,13.98,16.8,17.09,12.74,2,3.11,1.72,0
ETU01517,M1,Informatique,7.28,15.15,12.01,14.63,30.03,3,-0.53,0.72,1
ETU01518,L1,Ingénierie,6.56,8.69,8.34,8.64,2.68,1,-0.05,5.12,0
ETU01519,M1,Informatique,15.38,9.61,9.18,8.51,27.15,0,-1.1,6.28,0
ETU01520,M2,Gestion,15.89,8.46,10.39,11.57,24.82,3,3.11,0.1,0
ETU01521,M2,Informatique,16.96,18.4,20.0,19.62,35.28,3,1.22,1.61,0
ETU01522,L1,Gestion,6.74,7.67,9.3,10.4,7.36,1,2.73,3.03,0
ETU01523,L3,Informatique,16.1,7.56,5.74,6.66,31.77,3,-0.91,2.94,0
ETU01524,L2,Gestion,10.9,11.23,12.72,12.74,34.59,2,1.51,0.97,0
ETU01525,M1,Gestion,9.94,7.65,8.61,9.76,39.06,2,2.11,1.73,1
ETU01526,L2,Informatique,8.25,7.19,4.89,2.96,32.34,0,-4.24,8.47,1
ETU01527,L2,Médecine,18.95,6.34,3.44,3.99,4.95,1,-2.36,7.01,0
ETU01528,L1,Informatique,6.83,13.96,15.72,15.33,37.89,1,1.36,2.96,1
ETU01529,L3,Droit,16.75,13.57,13.5,18.09,32.6,4,4.52,2.63,0
ETU01530,L3,Gestion,14.31,14.1,12.37,12.91,8.49,4,-1.19,0.8,0
ETU01531,L3,Médecine,15.56,15.83,15.71,15.12,6.61,4,-0.71,3.49,0
ETU01532,L2,Gestion,15.25,9.57,10.32,8.55,37.46,2,-1.02,3.98,0
ETU01533,M1,Droit,17.16,17.86,17.93,20.0,6.23,1,2.14,9.04,0
ETU01534,M1,Ingénierie,8.39,15.26,13.14,12.91,31.08,2,-2.35,7.43,1
ETU01535,L1,Informatique,6.01,16.27,19.29,18.41,16.21,3,2.14,4.79,0
ETU01536,L2,Droit,13.78,15.09,16.8,17.6,28.95,3,2.51,1.35,0
ETU01537,M1,Droit,10.6,10.02,9.72,10.99,3.67,3,0.97,6.56,0
ETU01538,L1,Médecine,7.61,8.96,8.72,9.97,29.0,2,1.01,9.36,0
ETU01539,L2,Droit,8.42,10.92,11.65,11.98,20.48,3,1.07,0.78,0
ETU01540,M2,Médecine,10.31,6.36,4.86,5.4,36.02,4,-0.96,8.49,1
ETU01541,L3,Médecine,6.91,11.32,12.0,12.65,7.54,3,1.33,1.8,0
ETU01542,L3,Médecine,6.74,5.6,3.81,4.61,4.37,2,-0.99,7.01,0
ETU01543,M1,Médecine,17.91,5.06,5.15,6.09,7.85,4,1.03,1.84,0
ETU01544,L2,Ingénierie,10.06,18.04,16.49,18.43,3.14,4,0.39,6.0,0
ETU01545,M2,Informatique,18.77,14.65,13.17,13.56,39.21,3,-1.09,2.38,0
ETU01546,L1,Droit,18.54,12.87,15.53,14.61,4.91,4,1.74,5.42,0
ETU01547,L3,Ingénierie,7.85,9.78,10.06,10.15,8.03,1,0.37,6.0,0
ETU01548,L3,Informatique,15.29,12.99,13.5,14.93,32.39,2,1.94,6.19,0
ETU01549,L2,Ingénierie,13.81,17.48,14.66,12.29,9.87,1,-5.2,6.83,0
ETU01550,M1,Informatique,14.98,14.13,13.44,11.07,8.89,1,-3.07,0.69,0
ETU01551,L1,Médecine,7.25,13.43,14.33,16.0,26.89,3,2.57,7.03,0
ETU01552,M1,Informatique,8.45,11.44,11.93,14.51,15.95,3,3.07,1.55,0
ETU01553,M1,Médecine,7.0,9.84,6.81,5.21,33.42,0,-4.63,6.77,1
ETU01554,M1,Ingénierie,13.85,14.78,15.29,15.74,25.53,3,0.96,1.24,0
ETU01555,L2,Ingénierie,18.83,18.73,19.48,19.18,11.53,0,0.45,4.79,0
ETU01556,L1,Droit,14.74,10.95,13.07,12.98,23.92,0,2.03,3.87,0
ETU01557,L3,Ingénierie,15.24,10.49,9.71,10.47,34.66,2,-0.02,9.67,0
ETU01558,M2,Informatique,18.8,10.99,7.83,6.19,14.58,1,-4.8,6.31,0
ETU01559,M1,Gestion,14.81,10.96,9.66,8.3,29.46,4,-2.66,0.88,0
ETU01560,L2,Informatique,6.52,18.87,17.42,17.27,16.63,0,-1.6,7.01,0
ETU01561,L3,Médecine,17.27,14.89,16.2,16.28,21.72,0,1.39,1.94,0
ETU01562,L2,Ingénierie,10.74,10.03,6.15,4.76,29.35,3,-5.26,2.86,1
ETU01563,M1,Ingénierie,6.06,10.2,9.73,11.21,2.42,1,1.01,3.78,0
ETU01564,L3,Droit,12.59,11.03,13.37,13.04,18.2,3,2.01,7.76,0
ETU01565,L3,Informatique,18.18,5.51,5.72,5.39,3.81,3,-0.12,9.44,0
ETU01566,L1,Informatique,9.35,12.39,13.93,14.66,29.0,0,2.27,9.24,0
ETU01567,M1,Médecine,12.39,16.36,14.1,14.2,24.31,2,-2.16,1.71,0
ETU01568,L3,Ingénierie,8.26,14.25,12.04,13.6,13.08,2,-0.65,0.6,0
ETU01569,L1,Ingénierie,6.75,7.78,10.13,9.03,3.05,0,1.26,8.29,0
ETU01570,L1,Médecine,7.05,15.19,15.54,13.75,37.03,3,-1.44,2.88,1
ETU01571,M1,Ingénierie,15.45,15.07,15.43,15.26,12.6,4,0.19,5.83,0
ETU01572,M1,Droit,17.23,8.68,7.2,7.59,11.02,4,-1.09,9.79,0
ETU01573,L3,Informatique,7.86,13.72,14.07,12.51,4.04,0,-1.21,1.86,0
ETU01574,M1,Droit,9.75,13.55,12.03,10.25,23.09,0,-3.3,3.75,0
ETU01575,M1,Informatique,8.54,16.76,18.74,19.31,10.63,4,2.55,8.68,0
ETU01576,M1,Médecine,6.35,6.91,11.2,10.36,33.71,1,3.46,6.5,1
ETU01577,L2,Gestion,13.19,7.73,8.65,6.77,27.31,3,-0.95,9.38,0
ETU01578,L3,Gestion,15.1,11.8,11.05,12.8,0.16,1,1.0,6.32,0
ETU01579,M2,Informatique,14.42,5.62,2.02,1.37,22.63,1,-4.25,3.04,0
ETU01580,L2,Ingénierie,11.04,10.82,8.49,10.52,9.27,3,-0.3,8.05,0
ETU01581,M1,Droit,13.22,16.04,18.57,18.91,0.61,1,2.87,7.59,0
ETU01582,M2,Médecine,7.22,7.08,5.74,6.48,24.77,0,-0.6,9.34,0
ETU01583,L3,Droit,8.01,11.44,11.08,11.07,8.2,2,-0.37,4.76,0
ETU01584,L3,Médecine,18.11,18.86,20.0,16.36,35.99,0,-2.5,5.03,0
ETU01585,L1,Droit,15.9,12.08,14.51,13.1,22.94,0,1.02,3.24,0
ETU01586,L3,Médecine,18.0,11.98,11.88,11.99,8.37,3,0.01,2.69,0
ETU01587,L1,Informatique,17.92,12.82,12.42,13.26,39.17,2,0.44,9.97,0
ETU01588,L1,Ingénierie,14.44,7.6,7.91,5.53,21.86,2,-2.08,9.77,0
ETU01589,L3,Droit,18.07,7.06,6.32,6.54,6.62,0,-0.52,5.3,0
ETU01590,L2,Informatique,11.42,14.48,13.82,12.44,20.69,0,-2.04,9.55,0
ETU01591,L2,Ingénierie,6.05,10.54,11.36,12.01,38.37,1,1.47,3.56,1
ETU01592,L2,Informatique,6.81,9.06,9.54,9.81,16.97,1,0.75,8.5,0
ETU01593,L3,Droit,7.42,5.44,8.84,10.25,17.01,2,4.81,6.35,0
ETU01594,M1,Médecine,7.24,16.84,17.7,19.6,18.45,0,2.76,7.17,0
ETU01595,L3,Gestion,10.57,5.45,7.38,8.37,11.2,4,2.92,7.18,0
ETU01596,M2,Gestion,15.12,15.5,14.09,15.68,6.47,1,0.18,6.36,0
ETU01597,L3,Gestion,16.28,10.35,11.34,11.11,23.16,4,0.76,8.52,0
ETU01598,M2,Médecine,13.67,13.38,12.5,17.03,35.77,2,3.65,3.92,0
ETU01599,M2,Droit,7.9,8.47,9.26,7.73,29.43,2,-0.74,8.49,0
ETU01600,L3,Droit,15.72,7.18,8.41,7.92,3.85,0,0.74,1.83,0
ETU01601,M1,Droit,10.61,12.47,12.74,14.39,16.03,3,1.93,2.0,0
ETU01602,L3,Gestion,6.17,14.74,18.55,19.98,0.21,0,5.24,7.17,0
ETU01603,M2,Ingénierie,9.65,7.74,10.08,11.11,12.32,3,3.37,7.5,0
ETU01604,M1,Gestion,10.3,11.11,13.07,14.39,26.78,4,3.28,9.02,0
ETU01605,L2,Ingénierie,9.57,11.23,12.57,9.75,11.61,1,-1.48,2.75,0
ETU01606,L2,Médecine,16.55,8.02,10.87,13.55,33.62,4,5.53,0.56,0
ETU01607,M2,Informatique,15.88,12.91,10.96,10.95,19.1,3,-1.96,5.07,0
ETU01608,L3,Informatique,15.04,7.04,9.3,11.47,26.77,0,4.42,8.75,0
ETU01609,M1,Droit,7.81,12.14,10.85,8.1,35.35,1,-4.04,9.71,1
ETU01610,M1,Informatique,16.5,6.59,5.94,6.63,27.31,3,0.04,8.58,0
ETU01611,L1,Ingénierie,14.8,11.8,12.84,12.29,35.89,3,0.5,4.9,1
ETU01612,L2,Droit,8.53,9.36,11.41,12.57,32.32,0,3.21,8.63,0
ETU01613,M2,Ingénierie,14.43,11.33,9.8,10.58,22.68,3,-0.75,2.14,0
ETU01614,L2,Informatique,12.29,11.07,10.5,11.35,11.89,4,0.28,9.21,0
ETU01615,M2,Informatique,11.71,17.71,18.06,16.77,11.93,0,-0.94,5.67,0
ETU01616,L2,Médecine,7.46,11.86,11.78,11.99,35.01,4,0.13,3.89,1
ETU01617,M2,Ingénierie,12.74,16.46,17.94,17.97,2.16,2,1.51,5.82,0
ETU01618,L3,Ingénierie,7.3,8.16,13.51,14.56,37.66,3,6.4,7.84,1
ETU01619,L1,Médecine,8.14,9.93,10.76,12.54,13.08,0,2.61,2.4,0
ETU01620,L2,Médecine,7.72,6.05,5.15,5.67,29.55,3,-0.38,1.02,1
ETU01621,M2,Informatique,18.4,10.89,9.15,7.53,13.2,2,-3.36,7.33,0
ETU01622,L2,Médecine,9.7,14.36,14.07,14.54,38.13,1,0.17,9.52,1
ETU01623,L2,Médecine,10.62,16.73,15.52,19.74,1.46,3,3.01,6.37,0
ETU01624,L1,Gestion,10.19,12.92,13.82,16.59,14.13,1,3.67,1.43,0
ETU01625,M1,Ingénierie,17.68,13.96,14.84,10.68,34.7,0,-3.28,6.43,0
ETU01626,M2,Ingénierie,13.32,7.48,6.99,7.38,10.96,2,-0.1,1.17,0
ETU01627,M2,Ingénierie,17.95,5.52,8.7,10.4,11.02,3,4.88,3.04,0
ETU01628,M2,Ingénierie,9.9,16.08,15.18,15.21,35.95,0,-0.88,0.32,0
ETU01629,M2,Droit,7.49,7.34,7.36,6.97,33.22,4,-0.37,4.88,1
ETU01630,M2,Ingénierie,13.23,6.28,7.44,7.33,4.23,3,1.06,3.21,0
ETU01631,L3,Informatique,10.49,18.13,19.66,20.0,23.21,4,1.87,0.98,0
ETU01632,M2,Gestion,16.42,18.49,20.0,19.18,8.94,2,0.69,3.09,0
ETU01633,M1,Médecine,17.43,13.63,14.47,16.55,8.61,0,2.93,6.48,0
ETU01634,L1,Informatique,12.14,10.3,12.08,12.29,24.62,0,1.99,2.89,0
ETU01635,L1,Ingénierie,18.63,16.67,15.87,14.77,4.95,2,-1.9,1.43,0
ETU01636,L1,Informatique,13.19,7.87,9.44,11.43,18.79,2,3.56,5.45,0
ETU01637,L2,Gestion,9.52,11.01,12.57,10.55,10.23,3,-0.46,7.53,0
ETU01638,L3,Gestion,12.36,10.0,12.47,11.93,34.16,3,1.94,8.3,0
ETU01639,M1,Droit,6.49,17.78,15.48,14.92,22.18,3,-2.86,4.72,0
ETU01640,L3,Informatique,16.45,17.88,16.72,20.0,8.6,2,2.12,7.11,0
ETU01641,L2,Ingénierie,7.32,14.11,15.55,14.82,37.06,0,0.71,8.33,0
ETU01642,M1,Ingénierie,10.01,6.55,2.77,0.0,32.92,2,-6.55,6.73,1
ETU01643,M2,Médecine,13.35,11.75,12.69,12.12,10.61,4,0.37,5.27,0
ETU01644,L2,Informatique,6.56,8.43,10.22,11.21,38.44,4,2.77,0.6,1
ETU01645,L2,Gestion,7.03,17.39,16.72,18.2,10.71,4,0.81,2.9,0
ETU01646,M2,Gestion,15.05,6.94,6.49,10.21,11.71,0,3.27,3.2,0
ETU01647,M2,Médecine,6.93,5.76,4.35,6.76,15.44,2,1.0,3.95,0
ETU01648,L2,Ingénierie,12.2,14.86,14.28,14.86,6.59,3,-0.0,9.51,0
ETU01649,L3,Ingénierie,10.4,11.35,10.81,9.77,27.48,1,-1.58,2.09,0
ETU01650,L3,Ingénierie,8.97,16.74,15.91,18.65,22.29,2,1.91,5.42,0
ETU01651,M1,Médecine,8.45,6.04,5.14,4.89,35.78,0,-1.16,9.91,1
ETU01652,M2,Gestion,15.92,16.22,16.01,15.32,9.64,0,-0.89,6.19,0
ETU01653,L1,Gestion,18.37,5.52,5.3,4.97,6.81,0,-0.55,2.09,0
ETU01654,L3,Gestion,7.82,5.39,8.4,6.83,14.34,4,1.43,9.6,0
ETU01655,L2,Informatique,18.48,11.46,11.07,10.67,5.84,4,-0.79,3.36,0
ETU01656,M1,Ingénierie,13.73,8.1,8.81,8.76,37.85,2,0.67,0.48,1
ETU01657,L3,Droit,14.34,13.31,12.65,14.04,28.7,0,0.73,4.31,0
ETU01658,M1,Ingénierie,15.23,5.36,4.68,4.39,31.85,1,-0.97,2.41,0
ETU01659,M2,Ingénierie,15.15,5.5,3.14,1.54,29.92,2,-3.96,8.19,1
ETU01660,M1,Médecine,16.66,15.18,13.02,10.92,9.71,0,-4.26,2.2,0
ETU01661,M2,Informatique,12.29,7.94,6.33,6.95,5.63,3,-1.0,8.2,0
ETU01662,M2,Droit,12.93,14.19,14.67,15.07,17.18,4,0.88,0.36,0
ETU01663,M1,Droit,10.21,15.5,17.31,16.78,33.16,4,1.28,9.29,0
ETU01664,L2,Médecine,7.37,5.83,3.35,2.95,13.22,4,-2.88,0.42,0
ETU01665,L2,Droit,14.64,15.78,15.15,16.04,0.38,4,0.26,9.39,0
ETU01666,L2,Médecine,6.44,8.76,6.91,9.29,26.4,0,0.54,0.74,0
ETU01667,M1,Informatique,9.58,10.45,10.26,9.39,8.0,2,-1.07,8.73,0
ETU01668,M2,Informatique,7.22,6.21,8.03,8.46,21.71,2,2.25,8.31,0
ETU01669,L2,Ingénierie,8.48,16.74,16.27,18.01,0.6,0,1.27,5.94,0
ETU01670,L3,Droit,14.3,12.85,12.98,12.11,20.35,0,-0.74,0.36,0
ETU01671,L3,Ingénierie,14.17,12.07,14.45,14.72,15.74,2,2.66,6.21,0
ETU01672,M1,Ingénierie,11.47,18.56,19.45,19.69,35.22,3,1.13,6.18,0
ETU01673,M2,Informatique,7.17,9.68,8.74,7.08,28.87,1,-2.61,5.57,0
ETU01674,L3,Médecine,11.63,17.47,17.91,18.46,1.44,2,0.99,6.32,0
ETU01675,L2,Informatique,10.59,15.08,14.03,14.38,31.58,0,-0.69,9.68,0
ETU01676,L2,Informatique,15.37,18.0,18.83,19.96,31.65,0,1.96,9.96,0
ETU01677,L3,Gestion,13.53,17.71,18.68,17.2,26.54,2,-0.51,5.2,0
ETU01678,L3,Médecine,12.39,18.87,17.02,17.34,37.17,2,-1.54,0.92,0
ETU01679,L1,Informatique,12.33,6.84,7.31,9.68,32.13,3,2.84,1.34,1
ETU01680,M2,Médecine,18.56,16.14,16.17,19.58,8.76,4,3.44,7.2,0
ETU01681,M2,Gestion,15.83,16.26,17.28,19.5,15.26,0,3.24,9.82,0
ETU01682,L2,Gestion,12.46,14.02,15.47,14.0,14.0,1,-0.02,4.36,0
ETU01683,M2,Gestion,12.23,8.9,9.82,10.8,20.2,4,1.89,0.98,0
ETU01684,L2,Gestion,6.34,18.51,18.26,17.83,38.15,0,-0.68,3.53,0
ETU01685,L3,Gestion,18.25,7.86,9.46,10.19,24.62,4,2.33,3.85,0
ETU01686,L1,Gestion,10.15,11.99,10.88,10.03,12.52,4,-1.97,9.97,0
ETU01687,M1,Droit,9.33,12.3,10.52,8.25,37.66,0,-4.05,6.87,1
ETU01688,L3,Ingénierie,18.99,7.27,2.67,2.46,28.01,0,-4.81,1.18,0
ETU01689,L2,Droit,15.34,15.12,15.21,16.59,10.64,3,1.48,3.37,0
ETU01690,L2,Informatique,6.62,6.24,5.21,5.94,36.26,2,-0.3,0.49,1
ETU01691,M2,Médecine,6.8,14.7,15.5,16.4,13.77,4,1.7,6.53,0
ETU01692,M1,Ingénierie,6.33,16.88,14.12,14.75,20.65,2,-2.13,6.73,0
ETU01693,L1,Droit,13.8,9.89,9.12,10.03,19.17,3,0.14,0.57,0
ETU01694,L1,Droit,6.93,14.93,15.84,16.93,36.95,1,2.0,3.36,1
ETU01695,L1,Médecine,18.13,7.19,5.85,5.74,10.63,1,-1.46,9.03,0
ETU01696,L2,Ingénierie,18.18,16.84,17.66,18.08,13.33,0,1.24,8.27,0
ETU01697,M1,Informatique,13.1,18.33,17.69,20.0,26.41,0,1.67,5.74,0
ETU01698,L1,Ingénierie,14.02,7.14,7.29,7.8,35.46,0,0.66,4.85,1
ETU01699,L2,Ingénierie,9.79,14.69,15.78,16.14,4.6,4,1.46,9.93,0
ETU01700,L1,Ingénierie,6.83,12.08,13.71,14.17,8.4,0,2.08,7.22,0
ETU01701,M1,Droit,15.59,12.44,12.78,12.75,37.92,2,0.31,9.53,0
ETU01702,M2,Ingénierie,7.32,14.89,13.87,13.52,31.09,2,-1.37,0.72,1
ETU01703,L3,Informatique,7.11,11.84,11.36,11.97,13.84,0,0.13,2.12,0
ETU01704,M2,Droit,10.05,13.4,14.56,14.1,14.31,4,0.7,0.31,0
ETU01705,M1,Ingénierie,6.16,8.23,6.9,6.98,18.78,2,-1.25,8.68,0
ETU01706,M1,Gestion,11.64,10.3,10.23,9.35,26.95,0,-0.95,6.94,0
ETU01707,L2,Médecine,15.2,17.11,16.73,17.2,22.44,0,0.08,1.78,0
ETU01708,M2,Gestion,16.42,6.54,6.58,7.76,31.04,3,1.22,9.74,0
ETU01709,M1,Droit,13.86,13.37,12.05,12.03,2.17,3,-1.33,9.56,0
ETU01710,L1,Médecine,17.01,7.58,5.0,2.29,32.76,2,-5.29,2.25,0
ETU01711,L1,Ingénierie,11.28,16.85,17.83,19.02,2.32,2,2.17,6.47,0
ETU01712,M2,Gestion,17.03,13.11,14.75,15.23,35.24,0,2.13,6.68,0
ETU01713,L2,Médecine,12.58,10.64,8.15,6.96,1.73,0,-3.68,0.04,0
ETU01714,L3,Droit,8.9,8.5,9.25,10.71,5.11,2,2.21,6.89,0
ETU01715,M1,Gestion,18.27,11.12,12.94,11.14,7.21,1,0.03,2.21,0
ETU01716,M1,Informatique,9.57,18.41,19.5,20.0,8.92,1,1.59,9.01,0
ETU01717,L1,Informatique,6.34,12.13,11.7,11.92,16.07,1,-0.21,8.39,0
ETU01718,M1,Médecine,9.15,11.57,10.36,7.25,26.22,3,-4.32,9.05,0
ETU01719,M2,Informatique,10.77,15.45,15.77,16.34,35.7,1,0.89,7.58,0
ETU01720,L2,Informatique,10.57,10.31,10.88,10.57,20.98,1,0.26,1.65,0
ETU01721,L3,Informatique,12.82,10.98,11.33,10.79,21.3,1,-0.19,3.61,0
ETU01722,L2,Gestion,17.48,9.72,9.65,8.84,12.77,3,-0.88,7.09,0
ETU01723,M1,Informatique,9.8,7.11,5.69,5.8,32.03,0,-1.31,3.23,1
ETU01724,L1,Droit,12.77,14.99,15.83,15.4,4.42,4,0.41,7.1,0
ETU01725,L3,Ingénierie,10.42,17.22,18.13,15.64,12.04,2,-1.58,3.36,0
ETU01726,L3,Droit,16.68,17.68,18.18,20.0,3.88,1,2.32,1.78,0
ETU01727,M1,Médecine,8.05,17.33,17.7,17.63,8.57,3,0.3,5.18,0
ETU01728,L3,Ingénierie,7.35,11.32,14.04,13.25,23.46,4,1.92,6.86,0
ETU01729,M2,Ingénierie,12.54,8.98,8.24,6.85,5.04,0,-2.13,5.17,0
ETU01730,M2,Médecine,14.73,13.93,16.05,17.51,4.02,1,3.58,6.42,0
ETU01731,L2,Informatique,16.34,18.37,17.46,15.82,33.04,0,-2.55,4.38,0
ETU01732,L1,Médecine,13.67,15.18,17.04,17.54,4.73,0,2.36,7.78,0
ETU01733,L3,Médecine,16.06,11.93,13.98,13.4,24.32,3,1.47,6.5,0
ETU01734,L3,Gestion,11.11,14.64,14.4,13.92,14.08,0,-0.73,5.75,0
ETU01735,M1,Informatique,6.43,15.82,18.51,17.15,35.85,1,1.34,4.35,1
ETU01736,L3,Informatique,7.51,17.87,18.77,18.14,28.3,4,0.27,5.36,0
ETU01737,L3,Gestion,6.5,15.69,14.57,14.88,2.38,3,-0.8,0.51,0
ETU01738,L1,Médecine,10.28,11.06,10.7,11.36,35.82,3,0.29,6.67,0
ETU01739,M1,Ingénierie,12.44,8.83,10.73,9.85,16.56,0,1.02,2.04,0
ETU01740,L2,Informatique,10.63,12.0,13.58,13.75,11.93,4,1.75,8.6,0
ETU01741,L2,Droit,13.29,9.59,8.21,9.84,26.91,0,0.25,8.12,0
ETU01742,L3,Ingénierie,12.25,18.2,18.19,16.0,28.72,3,-2.2,5.28,0
ETU01743,L1,Informatique,14.81,12.11,12.62,12.91,12.13,3,0.8,8.47,0
ETU01744,L3,Ingénierie,14.67,11.61,11.05,9.92,14.07,2,-1.69,6.71,0
ETU01745,L2,Informatique,10.13,9.87,13.61,12.33,6.25,4,2.46,1.41,0
ETU01746,L2,Gestion,10.5,13.95,14.5,15.19,23.74,4,1.24,7.41,0
ETU01747,L2,Informatique,13.61,12.28,12.39,11.87,38.28,0,-0.41,9.96,0
ETU01748,L1,Médecine,13.75,6.81,8.79,7.27,16.66,4,0.46,0.41,0
ETU01749,M2,Droit,10.09,17.17,16.82,19.11,39.85,1,1.94,2.45,0
ETU01750,L2,Droit,10.29,10.03,11.74,13.42,7.06,3,3.39,5.98,0
ETU01751,M2,Droit,15.02,11.06,8.75,6.16,31.84,4,-4.9,4.15,0
ETU01752,M2,Gestion,14.42,7.88,7.4,5.49,37.12,2,-2.39,6.38,1
ETU01753,L3,Médecine,7.76,12.75,14.52,15.71,27.52,4,2.96,5.86,0
ETU01754,M2,Droit,11.73,14.83,17.38,17.26,4.37,4,2.43,7.88,0
ETU01755,L2,Médecine,17.61,17.34,16.38,18.93,13.06,2,1.59,0.71,0
ETU01756,L1,Médecine,6.47,5.72,4.59,5.81,3.43,0,0.09,4.41,0
ETU01757,M2,Médecine,17.12,18.63,19.68,20.0,24.07,2,1.37,8.6,0
ETU01758,M1,Ingénierie,8.12,14.85,14.12,12.89,39.93,4,-1.97,3.63,1
ETU01759,M1,Droit,12.59,8.98,8.78,9.81,14.99,1,0.83,5.04,0
ETU01760,M2,Gestion,11.52,7.86,9.38,7.76,6.52,4,-0.1,0.22,0
ETU01761,L1,Médecine,6.13,9.15,8.53,10.79,10.75,0,1.64,2.24,0
ETU01762,L1,Médecine,17.9,17.26,14.51,15.45,22.83,3,-1.81,4.64,0
ETU01763,M2,Droit,11.91,9.08,7.33,6.39,22.76,3,-2.69,3.99,0
ETU01764,L1,Gestion,18.41,11.48,11.69,13.2,9.19,0,1.72,7.15,0
ETU01765,L3,Ingénierie,9.73,14.88,12.29,15.95,30.03,2,1.07,6.12,0
ETU01766,L1,Gestion,17.26,17.21,16.96,16.94,3.52,0,-0.27,8.8,0
ETU01767,L2,Informatique,17.99,14.22,12.33,13.46,24.92,1,-0.76,8.55,0
ETU01768,L1,Médecine,13.24,15.54,18.2,17.86,17.03,4,2.31,2.41,0
ETU01769,L2,Informatique,8.63,7.43,10.87,11.3,5.09,0,3.88,0.18,0
ETU01770,M2,Médecine,14.91,17.28,15.9,13.94,25.38,4,-3.35,8.54,0
ETU01771,L2,Ingénierie,13.14,8.86,9.45,9.74,26.92,3,0.88,3.29,0
ETU01772,M2,Médecine,18.28,6.8,5.56,5.92,17.6,3,-0.88,3.47,0
ETU01773,M2,Gestion,11.71,18.67,18.4,20.0,31.92,1,1.33,1.58,0
ETU01774,L3,Ingénierie,9.49,7.82,10.73,8.34,20.37,4,0.51,6.93,0
ETU01775,L3,Informatique,7.8,6.91,6.41,6.29,11.43,1,-0.62,2.8,0
ETU01776,L2,Informatique,15.08,13.76,13.54,15.77,38.14,2,2.0,1.77,0
ETU01777,M1,Gestion,18.66,9.46,8.25,8.19,37.76,0,-1.28,5.03,0
ETU01778,M2,Droit,6.37,6.87,8.79,8.83,3.82,4,1.96,7.5,0
ETU01779,M2,Médecine,15.63,13.42,8.72,7.77,37.84,3,-5.64,2.7,1
ETU01780,L1,Gestion,18.05,15.63,15.16,14.06,31.02,0,-1.56,7.22,0
ETU01781,M1,Ingénierie,6.97,16.1,16.24,13.8,4.27,3,-2.31,4.62,0
ETU01782,L1,Ingénierie,7.43,7.18,6.39,5.74,20.77,0,-1.44,4.04,0
ETU01783,L3,Gestion,15.0,12.8,14.29,13.11,1.4,2,0.31,3.6,0
ETU01784,L1,Informatique,14.42,16.39,18.39,18.87,23.55,2,2.48,1.46,0
ETU01785,L3,Médecine,6.89,7.26,5.34,4.46,37.33,4,-2.8,3.33,1
ETU01786,M2,Informatique,16.85,7.91,11.25,10.83,14.73,1,2.92,8.79,0
ETU01787,M2,Gestion,12.8,5.03,3.1,2.72,20.35,0,-2.31,1.02,0
ETU01788,M1,Médecine,17.79,12.34,14.48,14.71,9.1,2,2.36,9.58,0
ETU01789,L3,Informatique,17.41,7.73,8.15,7.66,21.64,4,-0.07,1.07,0
ETU01790,M1,Gestion,16.56,15.14,14.58,13.29,32.1,3,-1.85,3.62,0
ETU01791,L1,Ingénierie,12.71,18.47,18.06,18.49,8.61,0,0.01,6.06,0
ETU01792,M1,Médecine,9.27,7.92,8.07,9.97,22.14,0,2.05,8.38,0
ETU01793,M1,Médecine,12.58,14.09,14.6,15.09,14.19,3,1.01,1.44,0
ETU01794,L1,Ingénierie,7.31,7.97,6.79,6.17,29.91,3,-1.79,1.41,1
ETU01795,M1,Médecine,14.56,5.25,5.1,5.22,28.08,2,-0.04,6.28,0
ETU01796,L2,Droit,7.74,15.62,14.66,11.89,27.95,0,-3.73,2.93,0
ETU01797,L3,Médecine,12.65,11.08,9.45,9.54,15.11,1,-1.53,6.45,0
ETU01798,M2,Droit,6.71,18.26,17.23,16.93,23.97,4,-1.33,8.21,0
ETU01799,L2,Gestion,9.89,12.48,10.96,9.85,26.04,0,-2.63,0.77,0
ETU01800,M2,Ingénierie,9.02,7.2,6.77,5.95,27.23,1,-1.26,8.44,0
ETU01801,L3,Droit,14.06,11.3,12.15,11.83,23.01,2,0.53,0.38,0
ETU01802,L3,Médecine,16.23,7.84,8.22,10.01,34.67,3,2.17,8.99,0
ETU01803,L1,Droit,6.74,17.29,20.0,20.0,9.95,4,2.71,9.76,0
ETU01804,L1,Informatique,17.05,14.67,11.56,10.46,2.23,2,-4.21,6.67,0
ETU01805,L2,Informatique,17.19,9.78,10.68,10.2,38.5,2,0.43,9.84,0
ETU01806,M2,Ingénierie,10.45,12.39,12.6,12.16,2.43,1,-0.23,8.22,0
ETU01807,L2,Droit,14.57,14.37,15.8,17.31,36.12,0,2.94,0.44,0
ETU01808,L2,Droit,11.23,15.96,17.23,17.75,24.49,1,1.79,0.04,0
ETU01809,M2,Informatique,8.0,6.12,6.07,6.51,36.75,1,0.39,0.21,1
ETU01810,L2,Médecine,12.87,5.32,5.77,6.88,22.6,0,1.56,4.52,0
ETU01811,M2,Gestion,7.12,6.6,5.69,5.09,32.84,3,-1.51,6.23,1
ETU01812,L1,Droit,17.42,10.53,11.65,14.0,28.85,1,3.47,4.81,0
ETU01813,L1,Gestion,18.02,11.53,8.92,9.21,21.0,2,-2.32,6.77,0
ETU01814,L1,Gestion,16.68,6.91,8.28,7.29,14.53,1,0.38,4.5,0
ETU01815,L1,Informatique,13.31,10.76,10.92,10.88,0.11,2,0.12,0.43,0
ETU01816,M1,Ingénierie,13.25,11.18,10.65,12.8,10.04,0,1.62,2.26,0
ETU01817,L1,Informatique,18.8,6.53,6.38,6.04,38.07,3,-0.49,9.93,0
ETU01818,M1,Informatique,9.22,17.83,17.79,19.52,11.02,3,1.69,3.46,0
ETU01819,L3,Gestion,6.99,13.39,15.53,14.9,30.07,1,1.51,3.25,0
ETU01820,L2,Ingénierie,13.31,10.44,15.49,14.64,20.34,1,4.2,1.53,0
ETU01821,L1,Médecine,10.27,12.1,14.13,15.42,12.34,3,3.32,9.87,0
ETU01822,L1,Ingénierie,10.19,9.4,8.75,7.74,39.64,1,-1.66,2.3,1
ETU01823,L1,Gestion,6.09,16.96,18.11,19.64,1.88,0,2.68,6.47,0
ETU01824,L3,Ingénierie,13.75,13.05,14.26,15.09,23.28,1,2.04,0.42,0
ETU01825,M2,Informatique,9.43,11.93,10.74,9.73,18.46,4,-2.2,0.66,0
ETU01826,L3,Informatique,8.44,17.75,16.06,16.25,3.06,2,-1.5,7.17,0
ETU01827,M1,Droit,6.53,16.73,16.84,16.31,8.56,1,-0.42,6.35,0
ETU01828,L2,Droit,10.74,16.38,17.79,18.61,27.77,2,2.24,6.8,0
ETU01829,L1,Gestion,17.43,8.16,5.94,9.07,4.33,1,0.91,2.31,0
ETU01830,L2,Informatique,10.38,7.14,6.26,6.01,32.04,3,-1.14,9.85,1
ETU01831,L3,Gestion,14.83,14.66,15.72,16.82,25.0,2,2.16,5.58,0
ETU01832,M2,Gestion,15.84,11.56,11.82,12.16,4.03,2,0.6,9.7,0
ETU01833,L2,Médecine,10.27,14.57,16.9,17.23,11.47,2,2.66,1.64,0
ETU01834,M2,Gestion,16.68,15.65,13.73,13.78,5.49,2,-1.86,4.05,0
ETU01835,M1,Gestion,14.99,9.13,12.86,11.88,31.9,2,2.74,3.36,0
ETU01836,L2,Droit,13.27,8.99,6.88,7.68,21.32,1,-1.3,7.55,0
ETU01837,M1,Droit,6.01,11.87,9.03,8.89,0.11,4,-2.98,7.48,0
ETU01838,M1,Droit,6.46,8.83,8.94,7.88,21.72,1,-0.95,4.87,0
ETU01839,M1,Informatique,18.88,14.34,12.84,14.66,19.31,4,0.32,0.16,0
ETU01840,M2,Ingénierie,16.17,15.45,15.6,16.04,25.72,3,0.59,1.75,0
ETU01841,M1,Droit,18.19,11.61,11.7,11.66,1.39,2,0.05,0.5,0
ETU01842,L1,Gestion,17.73,15.13,15.04,17.35,1.42,1,2.22,8.47,0
ETU01843,L2,Médecine,6.27,12.15,11.08,8.63,13.97,2,-3.52,2.9,0
ETU01844,M2,Droit,16.29,14.98,15.83,18.04,27.54,4,3.06,1.18,0
ETU01845,L2,Informatique,11.86,8.15,7.87,6.85,26.66,0,-1.3,3.54,0
ETU01846,L3,Médecine,16.26,15.34,17.2,17.82,11.13,2,2.47,0.77,0
ETU01847,L3,Informatique,6.09,15.01,14.94,14.36,8.64,3,-0.65,9.79,0
ETU01848,L3,Gestion,9.75,8.73,7.49,6.4,27.33,3,-2.33,3.15,0
ETU01849,M2,Médecine,15.77,12.78,10.45,12.72,1.08,0,-0.06,9.33,0
ETU01850,L3,Médecine,16.31,16.97,16.92,20.0,22.27,2,3.03,6.83,0
ETU01851,L1,Ingénierie,14.06,8.49,6.79,6.76,16.96,0,-1.74,5.66,0
ETU01852,L2,Médecine,9.92,15.3,13.48,14.28,9.56,4,-1.02,4.75,0
ETU01853,M1,Gestion,10.03,18.36,19.35,19.73,20.81,1,1.38,6.87,0
ETU01854,M1,Médecine,18.57,17.13,14.66,17.56,8.69,2,0.43,6.86,0
ETU01855,M1,Médecine,11.71,10.62,12.94,10.07,22.57,4,-0.55,0.11,0
ETU01856,M1,Médecine,11.81,13.5,13.94,14.81,5.96,2,1.31,9.08,0
ETU01857,L2,Médecine,13.18,18.88,19.02,18.23,16.23,0,-0.66,3.68,0
ETU01858,L1,Ingénierie,11.32,12.96,11.61,8.37,20.42,4,-4.59,3.53,0
ETU01859,M2,Droit,13.18,6.61,7.96,7.72,1.27,3,1.11,4.07,0
ETU01860,L3,Ingénierie,11.62,5.64,5.83,8.9,24.43,3,3.27,6.85,0
ETU01861,M1,Médecine,16.75,16.06,15.24,14.55,30.01,0,-1.51,3.76,0
ETU01862,M2,Informatique,17.82,10.93,11.43,12.92,38.24,2,1.99,3.74,0
ETU01863,L1,Informatique,18.12,8.46,6.13,8.23,8.13,2,-0.23,0.63,0
ETU01864,M2,Droit,13.34,9.87,7.61,7.9,8.35,1,-1.97,4.17,0
ETU01865,L2,Droit,11.75,15.6,14.12,14.6,12.19,2,-1.0,1.49,0
ETU01866,M1,Ingénierie,15.17,11.51,12.24,9.96,35.63,1,-1.55,8.56,0
ETU01867,L2,Médecine,16.9,17.16,17.35,16.58,16.27,2,-0.58,3.35,0
ETU01868,L1,Informatique,13.32,15.29,17.06,18.72,12.07,4,3.43,9.61,0
ETU01869,M2,Droit,15.1,18.64,17.46,17.85,29.65,3,-0.79,6.85,0
ETU01870,L2,Droit,15.75,17.44,18.5,19.35,1.52,1,1.91,7.56,0
ETU01871,L1,Ingénierie,14.79,8.56,8.59,9.09,21.95,1,0.53,9.48,0
ETU01872,L1,Médecine,15.7,14.23,13.01,16.6,18.01,0,2.37,2.39,0
ETU01873,M2,Informatique,8.71,5.29,6.07,5.72,24.99,1,0.43,5.67,0
ETU01874,M2,Informatique,12.48,18.88,18.98,20.0,29.24,0,1.12,0.41,0
ETU01875,M1,Gestion,13.65,8.65,7.91,8.41,13.0,0,-0.24,1.01,0
ETU01876,M1,Droit,6.03,14.31,14.57,17.41,25.46,4,3.1,3.67,0
ETU01877,M1,Informatique,17.13,16.89,16.89,15.36,20.97,4,-1.53,6.83,0
ETU01878,M2,Médecine,13.93,7.25,7.22,7.79,5.36,2,0.55,8.32,0
ETU01879,L1,Informatique,7.68,16.87,16.45,16.16,35.27,3,-0.71,2.56,0
ETU01880,L1,Informatique,16.61,5.17,3.41,3.92,30.18,2,-1.25,7.49,0
ETU01881,M1,Informatique,15.32,11.19,11.5,13.63,36.87,3,2.45,2.24,0
ETU01882,M2,Informatique,15.86,11.61,10.6,11.47,28.82,4,-0.14,0.06,0
ETU01883,L3,Droit,11.1,10.24,8.91,11.04,9.79,0,0.8,0.54,0
ETU01884,M2,Ingénierie,17.1,13.21,13.05,12.34,17.22,1,-0.87,5.86,0
ETU01885,L3,Ingénierie,11.38,17.81,19.11,18.17,15.47,0,0.37,4.97,0
ETU01886,M1,Ingénierie,13.42,9.58,10.06,10.38,1.43,3,0.8,2.7,0
ETU01887,L3,Médecine,6.01,13.11,12.51,12.75,16.42,4,-0.35,0.07,0
ETU01888,M2,Droit,14.38,17.28,16.63,16.65,13.82,3,-0.64,5.68,0
ETU01889,M1,Gestion,15.34,15.82,16.98,15.84,0.16,3,0.02,8.18,0
ETU01890,L3,Droit,13.37,5.57,2.18,4.27,33.88,2,-1.3,0.69,1
ETU01891,L2,Ingénierie,12.46,18.2,19.6,19.35,5.75,0,1.15,7.36,0
ETU01892,L2,Informatique,16.53,5.65,3.04,5.48,20.04,3,-0.17,6.35,0
ETU01893,L1,Ingénierie,14.86,13.24,11.32,11.64,31.39,4,-1.6,4.79,0
ETU01894,L1,Ingénierie,9.61,13.05,12.48,13.76,24.18,4,0.7,0.48,0
ETU01895,L3,Informatique,18.47,16.01,19.46,20.0,6.77,1,3.99,9.24,0
ETU01896,L1,Gestion,15.19,7.08,9.79,8.86,24.73,1,1.78,4.77,0
ETU01897,L3,Gestion,18.84,7.51,8.77,9.62,30.3,3,2.11,4.0,0
ETU01898,L1,Ingénierie,18.63,15.53,16.26,19.46,34.19,0,3.93,8.61,0
ETU01899,L1,Droit,17.95,7.09,4.5,5.18,12.75,0,-1.92,8.46,0
ETU01900,M1,Médecine,15.82,11.57,12.01,13.66,1.36,4,2.09,7.27,0
ETU01901,L1,Médecine,13.92,15.24,14.62,15.96,24.32,4,0.72,8.29,0
ETU01902,L2,Informatique,8.24,14.12,13.09,13.85,9.03,2,-0.26,1.24,0
ETU01903,L1,Médecine,13.06,7.95,8.38,8.96,31.24,2,1.01,7.61,0
ETU01904,L1,Médecine,15.95,9.26,8.75,9.87,27.2,2,0.61,3.28,0
ETU01905,L2,Ingénierie,12.77,18.57,20.0,20.0,30.93,0,1.43,8.67,0
ETU01906,L1,Ingénierie,17.29,11.28,8.58,6.85,38.7,1,-4.43,3.7,0
ETU01907,L1,Droit,7.43,5.62,5.93,6.61,23.38,1,0.98,0.54,0
ETU01908,M1,Ingénierie,10.95,8.07,6.96,6.98,36.17,4,-1.09,4.14,1
ETU01909,L1,Informatique,12.58,9.79,9.38,9.09,25.68,2,-0.7,7.57,0
ETU01910,M2,Médecine,11.62,18.99,19.65,20.0,7.27,3,1.01,5.01,0
ETU01911,L3,Droit,7.41,9.24,7.76,6.96,31.97,0,-2.28,7.64,0
ETU01912,L3,Informatique,8.0,5.37,5.82,4.02,27.75,4,-1.35,0.35,1
ETU01913,M2,Droit,16.89,12.18,12.06,13.56,39.12,4,1.38,1.77,0
ETU01914,M1,Médecine,12.3,6.17,5.38,3.55,9.74,2,-2.62,5.64,0
ETU01915,L3,Droit,6.63,8.84,8.33,5.74,13.33,1,-3.1,3.85,0
ETU01916,M2,Médecine,6.21,18.89,18.86,20.0,32.86,4,1.11,6.8,0
ETU01917,L3,Médecine,12.16,14.86,13.91,14.45,2.52,4,-0.41,9.63,0
ETU01918,M1,Droit,8.14,5.71,5.92,6.93,25.33,2,1.22,6.6,0
ETU01919,M2,Gestion,15.17,11.28,11.06,10.7,21.42,1,-0.58,4.17,0
ETU01920,M1,Gestion,16.34,7.4,6.69,4.91,6.75,3,-2.49,5.42,0
ETU01921,L3,Médecine,8.97,6.72,9.31,7.83,6.6,1,1.11,9.13,0
ETU01922,M1,Ingénierie,13.7,13.22,14.04,13.93,32.41,3,0.71,6.73,0
ETU01923,M1,Droit,8.01,12.08,11.71,10.1,0.62,4,-1.98,8.03,0
ETU01924,M2,Droit,9.95,15.4,15.82,16.58,29.87,2,1.18,3.02,0
ETU01925,M1,Ingénierie,17.55,17.49,16.15,15.76,29.31,0,-1.73,7.44,0
ETU01926,L2,Gestion,13.07,8.45,8.0,8.58,25.99,2,0.12,1.39,0
ETU01927,L1,Ingénierie,17.52,17.92,17.64,18.17,16.38,4,0.25,7.5,0
ETU01928,M1,Gestion,8.93,12.25,10.58,11.46,1.13,1,-0.79,8.82,0
ETU01929,L3,Gestion,10.29,8.62,9.4,10.45,32.07,4,1.83,9.0,0
ETU01930,L3,Gestion,12.12,16.84,16.28,16.07,5.03,1,-0.77,1.17,0
ETU01931,M2,Informatique,12.24,5.5,5.16,5.74,11.23,3,0.24,8.3,0
ETU01932,L1,Droit,18.97,12.83,12.18,12.83,37.87,3,0.0,1.1,0
ETU01933,L1,Gestion,7.49,15.1,19.74,16.4,12.07,0,1.3,4.78,0
ETU01934,M1,Gestion,17.08,8.92,8.13,9.4,10.21,0,0.48,6.83,0
ETU01935,M2,Médecine,17.23,17.09,14.19,14.71,38.93,4,-2.38,4.84,0
ETU01936,M2,Droit,13.19,8.36,6.16,7.31,3.44,3,-1.05,3.4,0
ETU01937,M2,Informatique,10.47,16.76,18.1,16.47,6.43,3,-0.29,6.84,0
ETU01938,M2,Informatique,12.75,6.1,8.3,8.13,17.53,1,2.03,6.61,0
ETU01939,M1,Ingénierie,9.8,7.24,6.42,5.08,31.51,0,-2.16,5.83,1
ETU01940,M2,Gestion,16.39,10.33,12.45,13.87,35.37,1,3.54,5.28,0
ETU01941,L2,Gestion,12.48,16.96,18.27,16.46,30.23,2,-0.5,7.06,0
ETU01942,M1,Informatique,18.04,7.02,6.94,5.85,39.05,3,-1.18,4.03,1
ETU01943,L1,Ingénierie,14.09,17.26,17.07,18.17,0.67,1,0.91,0.69,0
ETU01944,L3,Gestion,12.69,8.22,8.69,8.04,24.78,1,-0.17,5.37,0
ETU01945,L2,Médecine,15.24,11.34,12.85,11.76,4.65,1,0.42,7.23,0
ETU01946,M2,Droit,12.55,9.94,10.73,12.39,36.41,4,2.46,2.99,1
ETU01947,L3,Ingénierie,17.76,6.65,5.84,7.56,37.41,3,0.91,1.41,1
ETU01948,L2,Droit,8.4,18.22,18.16,19.54,12.12,4,1.32,9.12,0
ETU01949,L3,Ingénierie,18.65,11.13,14.31,15.88,33.11,0,4.74,8.64,0
ETU01950,L1,Médecine,16.56,14.66,15.24,15.19,25.21,2,0.53,6.18,0
ETU01951,L1,Droit,17.19,13.05,14.56,14.55,4.02,2,1.5,7.87,0
ETU01952,L3,Droit,12.28,12.02,13.03,12.36,24.11,2,0.34,9.69,0
ETU01953,M1,Médecine,16.88,13.63,14.24,14.79,39.04,1,1.16,5.69,0
ETU01954,L3,Médecine,9.99,17.58,17.94,17.45,12.32,0,-0.13,2.44,0
ETU01955,L1,Médecine,15.91,14.79,16.34,15.99,0.05,0,1.2,6.39,0
ETU01956,M1,Informatique,7.83,12.45,13.73,14.93,39.07,3,2.48,9.15,1
ETU01957,L1,Gestion,9.99,14.03,14.63,16.71,16.56,2,2.67,6.9,0
ETU01958,M2,Droit,11.79,13.49,12.65,13.55,17.24,0,0.06,0.26,0
ETU01959,L1,Droit,10.19,11.06,11.84,14.83,28.5,1,3.77,9.17,0
ETU01960,L1,Informatique,11.03,13.75,13.85,13.09,24.18,4,-0.66,7.54,0
ETU01961,L3,Informatique,16.66,11.21,10.95,8.49,12.08,2,-2.72,4.02,0
ETU01962,M2,Droit,9.34,15.61,19.82,20.0,4.0,4,4.39,9.87,0
ETU01963,M1,Droit,15.69,18.56,16.46,15.6,33.09,0,-2.97,7.22,0
ETU01964,M1,Médecine,6.96,18.44,20.0,19.97,19.34,0,1.53,8.25,0
ETU01965,L1,Informatique,15.95,16.49,15.4,13.04,26.9,2,-3.45,9.43,0
ETU01966,M2,Médecine,16.3,13.42,13.82,12.77,34.42,3,-0.65,0.4,0
ETU01967,L1,Gestion,11.22,15.49,19.54,17.59,0.71,4,2.1,7.74,0
ETU01968,L2,Droit,15.39,7.49,6.25,5.9,34.38,2,-1.6,3.86,1
ETU01969,M1,Ingénierie,17.9,11.71,10.82,10.53,30.07,1,-1.18,8.69,0
ETU01970,M1,Gestion,16.41,8.6,8.78,9.21,37.87,2,0.61,8.79,0
ETU01971,M1,Gestion,11.08,5.05,3.98,6.14,9.34,1,1.09,8.29,0
ETU01972,M1,Gestion,12.29,18.53,20.0,20.0,12.9,0,1.47,7.79,0
ETU01973,M2,Médecine,16.13,17.09,16.49,14.36,26.46,0,-2.74,7.94,0
ETU01974,L3,Ingénierie,9.8,12.19,13.37,14.58,37.03,3,2.39,2.97,1
ETU01975,M2,Droit,16.45,8.56,6.76,7.23,39.71,3,-1.33,4.07,1
ETU01976,L1,Informatique,10.26,14.7,12.19,12.34,16.67,0,-2.36,1.15,0
ETU01977,L1,Ingénierie,16.48,11.09,10.94,11.21,21.57,2,0.12,8.31,0
ETU01978,L1,Informatique,7.13,16.25,14.09,14.7,6.82,4,-1.55,6.46,0
ETU01979,L2,Droit,6.58,18.99,20.0,20.0,27.76,4,1.01,6.13,0
ETU01980,L1,Informatique,18.97,9.89,7.79,7.82,33.49,2,-2.07,2.46,0
ETU01981,M2,Informatique,17.3,8.42,7.07,9.14,31.95,0,0.72,6.15,0
ETU01982,L3,Ingénierie,17.48,8.74,9.56,8.81,13.83,3,0.06,4.55,0
ETU01983,L3,Informatique,18.37,6.31,5.63,4.38,38.53,2,-1.92,9.95,1
ETU01984,M1,Ingénierie,11.7,10.52,8.44,8.65,4.81,4,-1.87,8.63,0
ETU01985,L2,Droit,9.73,5.24,8.5,7.11,19.76,2,1.86,5.26,0
ETU01986,L3,Gestion,7.69,6.6,5.3,3.01,22.18,3,-3.59,8.08,0
ETU01987,L1,Ingénierie,12.52,8.8,8.71,8.49,21.46,2,-0.31,1.65,0
ETU01988,M1,Informatique,8.86,7.24,7.12,9.6,30.32,2,2.36,1.01,1
ETU01989,M2,Médecine,18.16,15.25,16.52,16.76,24.38,1,1.51,6.31,0
ETU01990,L1,Médecine,6.05,6.48,7.37,7.94,3.09,2,1.46,7.27,0
ETU01991,L1,Gestion,7.86,17.12,16.08,13.19,7.19,1,-3.94,0.53,0
ETU01992,L1,Gestion,9.2,8.1,7.81,8.76,21.29,2,0.67,2.01,0
ETU01993,M1,Informatique,8.59,6.52,6.38,6.82,27.78,4,0.3,5.37,0
ETU01994,M1,Informatique,8.94,5.14,6.46,5.77,20.57,1,0.63,0.63,0
ETU01995,M2,Informatique,14.53,15.01,13.46,14.03,14.22,2,-0.98,4.24,0
ETU01996,M1,Droit,10.26,8.59,11.82,12.37,2.05,4,3.78,4.82,0
ETU01997,L3,Droit,14.0,12.13,11.19,9.9,31.44,0,-2.23,9.22,0
ETU01998,M1,Droit,17.57,6.56,6.75,7.55,19.89,1,0.98,3.16,0
ETU01999,L2,Médecine,13.83,18.79,17.25,19.35,21.55,2,0.56,1.69,0
ETU02000,M1,Gestion,15.03,6.76,5.01,4.97,18.76,2,-1.79,0.08,0
ETU02001,L1,Médecine,10.75,10.77,9.66,8.65,10.61,1,-2.11,1.22,0
ETU02002,M2,Médecine,8.08,16.92,15.67,15.7,11.05,3,-1.22,7.51,0
ETU02003,L1,Ingénierie,10.17,8.43,8.01,9.59,2.54,2,1.16,4.45,0
ETU02004,M2,Médecine,18.54,8.74,7.47,5.93,28.3,1,-2.81,1.99,0
ETU02005,L3,Informatique,14.08,16.32,17.56,18.73,10.87,2,2.41,9.33,0
ETU02006,M1,Droit,9.61,8.83,7.85,7.14,11.94,4,-1.69,7.88,0
ETU02007,L1,Médecine,11.86,5.04,3.9,4.56,39.74,4,-0.48,1.14,1
ETU02008,L2,Informatique,16.86,10.99,10.6,10.05,15.43,1,-0.94,2.69,0
ETU02009,M2,Informatique,14.69,5.18,6.86,6.31,20.43,0,1.14,8.49,0
ETU02010,L1,Informatique,13.29,17.74,18.26,20.0,15.46,0,2.26,6.92,0
ETU02011,L1,Informatique,17.51,13.99,14.04,12.22,11.61,2,-1.76,9.46,0
ETU02012,M1,Ingénierie,14.74,13.16,11.21,12.24,0.23,3,-0.92,0.76,0
ETU02013,M2,Gestion,14.36,7.82,6.31,9.21,34.2,0,1.38,7.75,0
ETU02014,L3,Informatique,8.47,14.8,13.08,14.41,18.93,2,-0.39,0.76,0
ETU02015,L1,Droit,7.38,14.48,16.64,14.95,28.8,1,0.46,3.37,0
ETU02016,L1,Gestion,18.55,5.85,6.84,5.22,38.35,4,-0.63,7.51,1
ETU02017,M2,Ingénierie,13.79,17.33,16.24,15.41,0.11,3,-1.92,7.11,0
ETU02018,L2,Informatique,11.4,13.11,12.47,13.0,27.0,2,-0.11,0.02,0
ETU02019,L3,Ingénierie,13.66,16.09,15.06,15.7,4.75,2,-0.4,2.02,0
ETU02020,M2,Gestion,6.8,8.68,7.55,5.94,18.32,0,-2.74,7.79,0
ETU02021,L2,Gestion,16.69,6.71,7.6,6.59,33.87,2,-0.12,1.26,0
ETU02022,L1,Droit,8.82,14.83,14.6,13.69,2.86,1,-1.15,3.26,0
ETU02023,M2,Ingénierie,16.46,16.11,19.44,19.46,39.58,0,3.35,1.84,0
ETU02024,M1,Gestion,12.95,10.4,12.48,15.76,23.23,1,5.35,1.11,0
ETU02025,M1,Gestion,9.6,5.33,7.5,6.4,15.8,3,1.06,8.37,0
ETU02026,M2,Médecine,6.39,16.46,17.66,16.5,0.78,2,0.04,0.61,0
ETU02027,M1,Médecine,16.61,7.89,7.45,6.05,23.47,4,-1.83,5.36,0
ETU02028,M1,Gestion,8.29,9.75,10.84,12.1,19.8,1,2.35,6.93,0
ETU02029,L2,Informatique,6.67,13.8,13.47,13.71,8.61,3,-0.09,0.58,0
ETU02030,L1,Médecine,15.83,6.4,9.04,8.0,19.62,2,1.6,6.33,0
ETU02031,M1,Ingénierie,10.55,6.01,6.81,6.57,0.51,4,0.56,3.34,0
ETU02032,M2,Médecine,11.06,5.36,5.95,5.07,39.98,4,-0.29,8.34,1
ETU02033,M1,Ingénierie,9.21,17.83,18.22,18.97,13.28,3,1.13,7.98,0
ETU02034,M1,Gestion,17.17,9.36,12.17,16.5,19.21,2,7.14,7.94,0
ETU02035,M1,Ingénierie,9.87,14.25,12.3,13.42,31.39,2,-0.82,3.99,0
ETU02036,L2,Ingénierie,8.73,18.85,20.0,20.0,28.51,3,1.15,8.23,0
ETU02037,L1,Ingénierie,10.02,14.37,14.29,13.6,35.54,4,-0.78,6.3,0
ETU02038,M1,Ingénierie,8.64,12.35,10.44,8.73,37.65,1,-3.62,3.79,1
ETU02039,M2,Gestion,10.13,12.29,11.36,12.77,7.57,4,0.47,0.81,0
ETU02040,L1,Informatique,7.08,10.28,8.0,9.32,15.62,4,-0.96,0.67,0
ETU02041,L1,Médecine,8.06,13.4,14.58,14.18,27.47,0,0.78,2.51,0
ETU02042,M1,Médecine,11.42,18.42,17.07,19.19,1.8,1,0.76,3.0,0
ETU02043,L3,Médecine,17.43,16.03,16.49,16.82,28.68,1,0.78,9.28,0
ETU02044,M2,Médecine,6.74,10.94,12.84,14.3,0.2,2,3.36,10.0,0
ETU02045,L3,Informatique,8.76,9.65,8.85,9.59,36.56,1,-0.06,1.44,1
ETU02046,L3,Médecine,17.81,17.37,17.17,17.2,28.73,1,-0.17,9.43,0
ETU02047,L1,Droit,17.57,6.9,5.15,4.01,22.62,0,-2.89,7.07,0
ETU02048,M2,Informatique,14.83,16.89,16.51,16.59,17.16,0,-0.3,4.99,0
ETU02049,L2,Ingénierie,9.13,8.57,12.63,14.2,39.52,2,5.62,9.55,0
ETU02050,L3,Informatique,11.46,15.02,16.39,15.92,29.46,1,0.9,7.14,0
ETU02051,M1,Gestion,8.75,16.29,16.09,17.05,32.29,2,0.76,5.94,0
ETU02052,M2,Gestion,7.67,11.68,10.96,9.64,33.02,1,-2.04,2.1,1
ETU02053,M1,Médecine,10.94,7.69,7.83,9.3,0.87,1,1.61,2.44,0
ETU02054,M1,Informatique,13.49,16.83,17.22,17.99,2.19,4,1.16,9.12,0
ETU02055,L1,Gestion,10.68,10.15,9.72,8.21,7.93,4,-1.93,2.15,0
ETU02056,L1,Gestion,13.94,9.49,10.48,10.45,26.21,1,0.96,0.32,0
ETU02057,M2,Droit,9.85,12.14,10.91,12.61,24.96,0,0.47,2.66,0
ETU02058,M2,Ingénierie,10.5,11.09,9.85,8.27,13.01,4,-2.83,4.81,0
ETU02059,M1,Gestion,16.28,14.56,15.32,14.01,38.92,3,-0.55,3.82,0
ETU02060,M2,Gestion,17.42,6.92,5.37,5.56,3.72,2,-1.36,9.36,0
ETU02061,L2,Droit,10.19,11.1,12.39,15.89,31.07,3,4.79,4.19,0
ETU02062,L2,Gestion,13.43,17.48,17.66,16.95,19.24,1,-0.53,8.89,0
ETU02063,L1,Ingénierie,9.62,5.5,2.96,4.01,16.75,2,-1.5,5.95,0
ETU02064,M1,Gestion,6.69,11.4,11.77,12.46,1.02,1,1.05,5.24,0
ETU02065,M1,Informatique,15.59,14.25,11.92,11.34,29.11,3,-2.91,1.6,0
ETU02066,L2,Droit,8.22,17.43,18.67,19.21,30.86,0,1.78,2.71,0
ETU02067,M2,Informatique,11.53,13.31,13.14,12.77,12.76,2,-0.54,8.67,0
ETU02068,L1,Médecine,12.33,16.54,19.52,19.28,20.68,4,2.74,7.8,0
ETU02069,M1,Ingénierie,8.4,8.12,9.92,7.73,24.26,0,-0.38,4.47,0
ETU02070,L2,Ingénierie,7.23,9.94,8.55,8.81,14.71,0,-1.13,9.09,0
ETU02071,M1,Ingénierie,10.52,18.19,15.36,17.01,24.62,4,-1.18,8.19,0
ETU02072,L3,Droit,18.38,17.4,16.47,16.86,17.37,4,-0.55,1.12,0
ETU02073,L2,Médecine,14.0,12.81,11.18,13.12,35.12,2,0.3,6.06,0
ETU02074,L1,Gestion,10.96,11.66,14.6,15.77,28.74,0,4.11,7.99,0
ETU02075,M1,Ingénierie,6.51,11.31,11.5,11.71,4.42,2,0.4,8.08,0
ETU02076,L1,Informatique,13.8,5.82,7.42,6.78,31.98,1,0.96,0.91,1
ETU02077,L3,Informatique,7.2,17.49,17.27,16.84,13.5,2,-0.66,2.25,0
ETU02078,M2,Ingénierie,13.05,16.45,16.38,14.48,37.42,0,-1.98,4.13,0
ETU02079,M2,Gestion,15.78,11.39,11.54,11.44,24.13,4,0.05,2.52,0
ETU02080,L3,Gestion,11.51,8.91,10.77,11.29,1.1,3,2.38,1.09,0
ETU02081,M1,Médecine,9.89,9.8,10.47,13.34,29.37,3,3.54,6.29,0
ETU02082,M2,Gestion,6.62,6.72,5.34,6.43,5.23,2,-0.29,5.07,0
ETU02083,M1,Médecine,6.32,15.11,17.74,16.74,35.09,1,1.64,1.55,0
ETU02084,L2,Droit,11.59,12.79,12.55,10.7,37.93,4,-2.1,5.86,1
ETU02085,M2,Médecine,17.48,8.28,7.79,7.78,27.81,1,-0.49,0.62,0
ETU02086,L1,Informatique,9.17,13.72,9.68,11.2,21.31,1,-2.53,3.83,0
ETU02087,L3,Médecine,13.46,18.71,19.86,19.83,24.08,4,1.12,7.93,0
ETU02088,M1,Gestion,14.9,6.71,7.07,8.18,17.15,0,1.46,8.9,0
ETU02089,L3,Droit,6.79,11.42,11.77,11.8,3.34,0,0.38,2.45,0
ETU02090,L2,Ingénierie,7.99,11.92,11.51,12.89,37.15,3,0.97,8.6,0
ETU02091,L3,Droit,10.31,7.34,6.67,4.58,13.17,1,-2.76,8.92,0
ETU02092,L3,Informatique,14.71,12.44,12.09,14.79,12.51,2,2.35,6.07,0
ETU02093,M1,Droit,11.71,13.48,14.38,13.01,7.65,2,-0.47,9.82,0
ETU02094,M2,Gestion,15.54,7.2,8.36,9.85,39.7,4,2.65,2.46,0
ETU02095,M1,Droit,17.28,7.17,7.02,6.91,37.7,3,-0.25,0.69,0
ETU02096,L2,Gestion,15.86,16.99,18.61,18.74,13.98,2,1.75,8.43,0
ETU02097,L1,Médecine,18.9,9.36,9.44,9.38,10.4,2,0.02,4.91,0
ETU02098,L3,Gestion,15.81,13.82,13.27,13.95,32.21,3,0.13,3.46,0
ETU02099,M2,Droit,17.08,13.77,14.27,15.26,16.9,1,1.48,0.55,0
ETU02100,M1,Ingénierie,16.82,16.75,14.91,16.8,38.71,0,0.05,0.65,0
ETU02101,L2,Médecine,15.49,15.36,15.91,18.32,36.05,2,2.96,0.91,0
ETU02102,L1,Médecine,16.42,16.77,14.65,15.45,30.38,4,-1.32,1.84,0
ETU02103,L2,Médecine,18.15,13.75,12.41,15.28,3.6,0,1.53,9.7,0
ETU02104,M1,Ingénierie,12.18,11.29,8.46,8.9,28.09,0,-2.39,2.81,0
ETU02105,M1,Ingénierie,14.3,10.51,10.45,12.36,39.49,4,1.85,8.17,0
ETU02106,L3,Ingénierie,12.69,10.31,12.92,13.86,14.93,4,3.56,0.19,0
ETU02107,L2,Gestion,17.06,10.86,10.88,10.36,35.26,0,-0.5,3.22,0
ETU02108,L1,Médecine,11.61,6.81,7.98,8.55,16.33,1,1.74,9.06,0
ETU02109,M2,Ingénierie,16.66,10.94,14.66,15.72,38.85,3,4.78,1.85,0
ETU02110,L3,Droit,16.39,10.45,11.26,11.51,26.14,3,1.06,2.84,0
ETU02111,M1,Informatique,18.5,5.48,4.54,5.46,3.86,3,-0.03,8.27,0
ETU02112,L3,Droit,9.24,8.85,8.11,9.71,19.16,4,0.86,1.21,0
ETU02113,L3,Gestion,15.23,15.53,15.73,15.99,1.99,2,0.47,0.53,0
ETU02114,M1,Médecine,15.84,13.09,12.34,8.23,15.8,4,-4.87,9.66,0
ETU02115,L2,Ingénierie,18.17,16.29,15.65,18.47,36.62,2,2.18,4.05,0
ETU02116,M2,Médecine,17.79,12.6,14.28,14.13,9.29,2,1.53,6.58,0
ETU02117,L3,Droit,13.46,16.96,18.7,17.76,38.02,3,0.8,1.27,0
ETU02118,M1,Droit,13.53,16.14,13.87,12.49,4.0,2,-3.66,2.2,0
ETU02119,M2,Droit,8.17,6.38,5.35,5.14,26.59,3,-1.23,4.6,1
ETU02120,L2,Droit,18.67,18.68,18.18,17.64,38.63,4,-1.04,6.75,0
ETU02121,L2,Gestion,9.32,5.21,6.31,5.5,26.17,4,0.29,2.93,1
ETU02122,M2,Médecine,15.42,13.36,15.27,14.55,35.96,2,1.19,8.85,0
ETU02123,M1,Gestion,16.35,16.1,20.0,20.0,39.64,0,3.9,7.81,0
ETU02124,M1,Informatique,11.74,9.65,9.15,12.49,25.67,3,2.85,5.52,0
ETU02125,M2,Ingénierie,8.75,13.38,12.96,14.49,31.29,1,1.11,4.59,1
ETU02126,L1,Droit,8.46,10.07,11.15,13.14,1.28,1,3.07,6.2,0
ETU02127,M2,Droit,17.13,5.85,5.03,4.76,17.09,4,-1.09,7.32,0
ETU02128,L1,Droit,12.64,5.12,5.11,5.56,11.53,2,0.45,1.35,0
ETU02129,L1,Informatique,7.17,6.33,5.91,6.85,32.97,3,0.52,8.53,1
ETU02130,L2,Droit,15.32,6.38,2.65,1.96,27.1,1,-4.42,4.89,0
ETU02131,L1,Droit,9.25,13.55,13.94,13.6,24.58,3,0.05,9.35,0
ETU02132,L1,Droit,17.39,12.36,12.29,13.87,37.26,3,1.51,9.56,0
ETU02133,L1,Informatique,10.02,11.38,13.48,15.42,3.55,4,4.04,0.31,0
ETU02134,L3,Médecine,8.6,14.69,14.9,15.3,38.15,0,0.61,3.84,0
ETU02135,L2,Médecine,7.1,5.24,3.55,2.06,4.03,2,-3.17,5.26,0
ETU02136,L2,Médecine,12.65,8.79,8.61,8.46,13.88,2,-0.33,5.4,0
ETU02137,L1,Droit,11.86,15.88,12.95,11.08,25.21,2,-4.8,8.22,0
ETU02138,M2,Gestion,15.77,17.74,16.12,16.54,13.66,4,-1.2,1.41,0
ETU02139,L2,Ingénierie,12.04,11.14,12.29,12.97,27.3,0,1.84,6.22,0
ETU02140,L3,Gestion,10.47,6.14,5.97,5.86,31.02,2,-0.28,9.43,0
ETU02141,L1,Droit,9.4,16.18,17.77,18.43,33.14,1,2.25,9.97,0
ETU02142,L2,Informatique,9.62,17.39,14.64,15.57,7.17,4,-1.82,0.1,0
ETU02143,L2,Informatique,18.06,10.79,10.63,11.31,7.28,1,0.52,9.73,0
ETU02144,M2,Informatique,8.15,8.41,7.89,6.39,2.09,1,-2.02,1.22,0
ETU02145,L1,Droit,18.85,5.62,7.25,7.17,19.63,0,1.55,5.37,0
ETU02146,L3,Gestion,10.25,13.28,14.48,15.4,5.5,2,2.12,2.46,0
ETU02147,L3,Gestion,7.15,17.74,18.9,20.0,12.74,0,2.26,6.06,0
ETU02148,L1,Médecine,9.23,14.49,17.0,16.89,33.62,2,2.4,0.37,0
ETU02149,L2,Médecine,6.76,9.44,9.09,10.22,37.95,1,0.77,2.38,1
ETU02150,L1,Médecine,16.27,14.0,16.2,17.82,32.88,2,3.82,3.01,0
ETU02151,L1,Ingénierie,12.66,16.65,15.28,15.29,0.03,3,-1.36,9.16,0
ETU02152,M1,Gestion,10.38,11.66,10.24,12.26,22.72,3,0.6,5.84,0
ETU02153,L3,Médecine,14.61,16.48,17.81,19.91,6.67,0,3.43,7.08,0
ETU02154,L3,Ingénierie,14.2,10.49,8.43,10.8,15.03,0,0.31,6.76,0
ETU02155,L2,Gestion,18.22,9.88,10.94,11.93,17.12,1,2.05,3.92,0
ETU02156,M1,Gestion,18.5,13.16,13.51,17.35,37.72,2,4.19,0.14,0
ETU02157,M2,Droit,14.85,11.51,13.31,12.69,25.35,4,1.18,1.07,0
ETU02158,M2,Médecine,16.63,18.68,18.79,20.0,10.71,0,1.32,4.59,0
ETU02159,L1,Informatique,16.3,12.23,12.51,13.97,25.71,0,1.74,9.41,0
ETU02160,M1,Droit,12.39,10.39,11.36,13.67,38.07,3,3.27,2.49,0
ETU02161,L2,Gestion,15.16,10.53,9.74,9.56,2.37,4,-0.97,6.98,0
ETU02162,M2,Médecine,7.02,12.67,11.81,13.38,32.64,4,0.71,8.27,0
ETU02163,L3,Gestion,15.85,9.97,10.88,13.32,8.68,2,3.35,9.07,0
ETU02164,M1,Gestion,18.5,15.12,15.28,13.95,6.12,0,-1.17,2.93,0
ETU02165,L3,Gestion,7.1,10.33,9.92,9.97,35.95,2,-0.36,9.31,0
ETU02166,M1,Informatique,16.87,10.38,10.45,7.54,0.07,2,-2.84,6.08,0
ETU02167,M2,Médecine,18.13,13.64,16.23,16.26,29.64,2,2.62,5.08,0
ETU02168,L1,Gestion,8.94,5.85,5.39,4.46,3.49,2,-1.39,7.78,0
ETU02169,M2,Droit,12.82,14.17,13.67,13.64,24.72,2,-0.53,2.39,0
ETU02170,L3,Médecine,18.06,12.07,9.71,14.39,24.84,3,2.32,8.13,0
ETU02171,L1,Médecine,18.48,11.34,11.48,14.36,34.51,0,3.01,6.5,0
ETU02172,L3,Ingénierie,7.66,15.07,16.25,14.4,32.9,0,-0.67,7.99,1
ETU02173,L1,Informatique,10.54,15.62,17.07,18.2,27.41,0,2.59,8.56,0
ETU02174,L3,Médecine,15.08,16.85,17.21,18.71,15.22,2,1.86,6.17,0
ETU02175,L3,Gestion,8.88,10.25,11.88,11.67,6.66,2,1.43,0.37,0
ETU02176,L2,Médecine,10.22,9.58,10.88,11.44,25.43,3,1.86,2.98,0
ETU02177,L3,Gestion,6.3,15.0,16.87,17.58,19.88,2,2.58,8.78,0
ETU02178,M1,Informatique,8.0,13.15,14.82,13.1,3.12,2,-0.04,6.27,0
ETU02179,M2,Ingénierie,13.31,13.85,16.4,15.15,38.22,4,1.31,8.9,1
ETU02180,L2,Médecine,14.49,12.78,12.72,13.28,12.58,3,0.5,3.85,0
ETU02181,L1,Gestion,14.44,15.82,14.03,14.48,0.09,3,-1.34,5.05,0
ETU02182,L3,Ingénierie,16.12,7.66,8.86,8.09,36.07,1,0.43,8.63,0
ETU02183,M2,Droit,11.4,12.78,14.15,13.26,23.08,0,0.48,7.62,0
ETU02184,L2,Droit,9.56,7.21,9.77,9.93,29.32,4,2.72,3.78,0
ETU02185,L1,Gestion,6.2,10.7,12.82,14.45,6.11,2,3.75,0.23,0
ETU02186,M2,Droit,8.69,14.3,17.41,17.6,16.18,0,3.3,8.8,0
ETU02187,L3,Ingénierie,10.06,11.9,13.03,15.77,25.8,2,3.86,7.86,0
ETU02188,L2,Informatique,8.32,10.31,10.86,10.11,10.04,0,-0.2,4.49,0
ETU02189,L2,Droit,6.26,17.39,15.51,16.1,28.06,4,-1.29,5.46,0
ETU02190,M1,Informatique,8.05,15.82,16.48,16.25,9.34,2,0.43,2.04,0
ETU02191,L1,Informatique,14.66,12.37,11.74,12.92,8.37,3,0.55,4.12,0
ETU02192,M1,Informatique,14.18,18.3,18.82,17.95,0.46,2,-0.36,1.63,0
ETU02193,L2,Gestion,18.16,10.94,11.22,14.41,11.28,0,3.47,2.11,0
ETU02194,L2,Médecine,16.38,16.03,16.94,14.7,9.87,3,-1.33,8.46,0
ETU02195,L2,Médecine,13.38,7.35,7.41,10.28,30.57,3,2.93,3.62,0
ETU02196,M2,Médecine,7.79,9.0,10.6,11.04,22.79,1,2.04,8.15,0
ETU02197,L3,Informatique,13.33,9.73,5.85,6.98,7.11,3,-2.76,4.74,0
ETU02198,M2,Informatique,6.8,6.48,6.97,9.27,22.73,1,2.79,0.71,0
ETU02199,M2,Ingénierie,11.6,12.03,14.03,15.62,9.02,3,3.59,3.62,0
ETU02200,M1,Ingénierie,11.07,7.69,10.7,9.9,17.02,3,2.21,1.58,0
ETU02201,L3,Médecine,11.56,13.88,15.18,16.38,35.53,0,2.5,6.94,0
ETU02202,M2,Ingénierie,9.64,7.66,10.39,13.49,28.77,1,5.83,9.11,0
ETU02203,L3,Ingénierie,14.92,6.73,7.18,6.15,26.04,0,-0.58,7.63,0
ETU02204,L3,Droit,16.93,18.57,18.77,20.0,11.26,3,1.43,7.78,0
ETU02205,L2,Droit,15.99,14.22,15.21,16.09,4.98,1,1.87,8.62,0
ETU02206,M2,Ingénierie,14.16,18.11,18.31,17.96,30.12,3,-0.15,7.77,0
ETU02207,L2,Médecine,13.0,11.86,10.88,9.84,22.72,2,-2.01,5.69,0
ETU02208,M2,Ingénierie,6.4,5.47,4.89,4.86,24.91,0,-0.61,7.14,0
ETU02209,L2,Gestion,15.4,13.04,11.57,8.94,39.0,4,-4.1,4.16,0
ETU02210,M1,Gestion,13.08,12.82,13.81,13.49,13.93,3,0.67,0.71,0
ETU02211,L2,Médecine,9.52,5.21,5.43,5.33,32.03,1,0.12,7.06,1
ETU02212,M2,Ingénierie,10.26,17.06,16.72,15.41,22.36,4,-1.65,7.22,0
ETU02213,M2,Médecine,18.16,13.68,13.03,14.45,9.41,3,0.77,2.24,0
ETU02214,M1,Droit,14.12,15.43,16.38,16.36,2.12,4,0.93,9.54,0
ETU02215,M2,Informatique,12.19,11.91,13.29,12.63,24.64,0,0.72,0.53,0
ETU02216,L3,Informatique,14.07,13.66,12.16,11.97,11.9,0,-1.68,7.36,0
ETU02217,M2,Gestion,11.38,8.6,6.87,7.71,27.82,0,-0.9,9.68,0
ETU02218,L3,Gestion,12.11,18.63,20.0,20.0,28.03,2,1.37,3.09,0
ETU02219,L1,Médecine,9.77,10.61,8.75,8.0,18.22,3,-2.61,9.12,0
ETU02220,L3,Médecine,11.72,7.27,8.29,8.78,21.46,4,1.51,8.26,0
ETU02221,L1,Gestion,14.91,5.78,8.41,8.63,25.06,4,2.85,7.44,0
ETU02222,M1,Ingénierie,6.52,13.91,16.54,15.13,18.74,2,1.22,9.54,0
ETU02223,L1,Gestion,16.34,18.77,20.0,19.94,35.09,3,1.17,6.54,0
ETU02224,L2,Droit,9.68,17.54,18.8,19.97,3.04,1,2.43,4.95,0
ETU02225,M2,Droit,14.87,14.83,18.41,19.57,39.19,0,4.74,6.76,0
ETU02226,M1,Droit,14.36,18.87,15.57,15.52,1.34,0,-3.35,4.12,0
ETU02227,L2,Informatique,14.48,15.12,14.62,15.94,8.32,0,0.82,3.25,0
ETU02228,L3,Gestion,13.91,9.75,11.22,10.05,28.33,3,0.3,0.82,0
ETU02229,L3,Médecine,18.47,13.42,13.11,11.99,3.4,2,-1.43,3.78,0
ETU02230,L2,Ingénierie,12.61,6.12,8.18,8.1,10.49,3,1.98,8.03,0
ETU02231,M1,Droit,15.52,8.1,8.24,10.79,6.16,0,2.69,9.45,0
ETU02232,L1,Informatique,15.17,10.85,11.24,11.79,28.94,4,0.94,9.75,0
ETU02233,L3,Ingénierie,9.07,7.83,7.61,7.5,23.16,3,-0.33,2.07,0
ETU02234,L2,Droit,9.68,18.35,17.77,20.0,2.58,4,1.65,5.71,0
ETU02235,M1,Droit,11.51,18.94,18.32,18.19,18.41,3,-0.75,5.76,0
ETU02236,M1,Droit,9.61,10.19,10.8,14.45,8.34,1,4.26,1.76,0
ETU02237,M2,Ingénierie,10.77,14.93,13.97,13.5,38.71,3,-1.43,5.82,1
ETU02238,L2,Informatique,11.08,10.71,12.34,11.12,4.32,3,0.41,3.63,0
ETU02239,L2,Gestion,13.85,6.95,8.13,8.18,23.92,0,1.23,9.42,0
ETU02240,L1,Ingénierie,8.86,9.72,11.57,11.49,19.27,0,1.78,2.55,0
ETU02241,M2,Gestion,16.46,8.27,6.77,5.86,23.12,3,-2.4,8.35,0
ETU02242,L2,Ingénierie,11.69,9.59,7.24,11.45,38.26,0,1.85,8.97,1
ETU02243,M1,Gestion,15.18,8.01,8.2,8.98,13.65,0,0.97,7.36,0
ETU02244,L2,Droit,7.06,6.57,11.12,12.12,29.95,0,5.54,2.15,0
ETU02245,L2,Informatique,12.11,8.04,10.14,9.75,17.9,3,1.71,2.6,0
ETU02246,L2,Médecine,6.37,17.68,17.05,16.48,26.43,4,-1.2,9.71,0
ETU02247,M1,Gestion,14.79,6.19,7.03,8.87,14.63,2,2.68,0.76,0
ETU02248,L2,Ingénierie,10.47,9.55,10.84,8.62,9.08,0,-0.92,1.17,0
ETU02249,L2,Informatique,18.34,12.4,10.55,9.13,3.34,2,-3.27,9.79,0
ETU02250,M1,Informatique,10.21,9.96,12.22,12.15,4.07,2,2.18,7.77,0
ETU02251,L3,Droit,13.33,12.25,12.2,14.52,38.38,2,2.28,7.46,1
ETU02252,M1,Informatique,9.35,5.61,5.67,5.41,31.54,2,-0.2,1.6,1
ETU02253,L1,Gestion,14.06,14.08,14.32,15.24,9.8,2,1.16,4.89,0
ETU02254,M2,Médecine,12.07,12.89,14.81,15.15,21.17,1,2.26,8.41,0
ETU02255,L2,Droit,10.82,14.53,13.6,15.85,28.57,4,1.31,3.29,0
ETU02256,L1,Droit,8.65,12.94,10.58,8.5,14.1,2,-4.44,1.93,0
ETU02257,L1,Informatique,7.45,11.13,11.82,13.22,17.6,1,2.09,0.11,0
ETU02258,L2,Médecine,7.56,9.9,7.04,7.04,28.74,0,-2.86,6.23,1
ETU02259,L3,Informatique,18.99,8.17,7.92,9.61,9.1,3,1.44,2.94,0
ETU02260,L1,Droit,11.36,12.0,13.98,13.05,21.05,1,1.05,8.64,0
ETU02261,M1,Médecine,6.03,5.36,6.43,6.77,8.4,1,1.41,2.84,0
ETU02262,M1,Médecine,18.39,9.6,11.36,11.51,0.12,2,1.91,1.52,0
ETU02263,M1,Gestion,6.26,14.49,15.62,14.42,27.61,2,-0.07,9.6,0
ETU02264,L1,Informatique,11.44,6.52,10.34,8.72,28.29,4,2.19,9.65,0
ETU02265,L1,Ingénierie,15.33,5.88,5.2,4.63,39.83,2,-1.25,6.85,1
ETU02266,L2,Gestion,17.89,14.13,14.93,15.42,7.24,3,1.29,9.28,0
ETU02267,L3,Droit,15.27,10.57,10.11,9.28,29.58,3,-1.29,1.62,0
ETU02268,L3,Gestion,12.03,16.23,17.86,17.67,37.92,4,1.44,4.6,0
ETU02269,L2,Informatique,18.67,18.12,18.23,15.7,25.78,0,-2.42,2.04,0
ETU02270,L2,Droit,6.51,18.4,20.0,20.0,38.53,1,1.6,4.79,1
ETU02271,L3,Droit,18.83,10.96,10.36,12.2,39.78,3,1.24,7.91,0
ETU02272,L3,Médecine,17.04,8.7,11.01,12.37,32.06,0,3.67,8.45,0
ETU02273,L3,Médecine,18.08,13.52,14.61,14.78,39.97,2,1.26,0.04,0
ETU02274,M1,Ingénierie,9.31,13.79,13.95,14.61,25.03,2,0.82,3.9,0
ETU02275,M1,Ingénierie,7.85,13.71,14.73,13.78,19.88,4,0.07,9.94,0
ETU02276,M2,Droit,14.62,9.5,10.1,12.83,36.71,4,3.33,5.89,0
ETU02277,M2,Gestion,12.71,5.89,6.63,10.03,33.24,0,4.14,2.96,0
ETU02278,L2,Médecine,12.8,7.94,7.83,8.38,4.4,1,0.44,3.89,0
ETU02279,L2,Droit,18.02,7.16,6.31,10.5,12.11,3,3.33,3.23,0
ETU02280,L2,Gestion,14.06,6.73,6.43,5.71,10.43,0,-1.02,4.48,0
ETU02281,L2,Informatique,10.04,17.97,15.64,14.07,34.21,2,-3.9,4.44,0
ETU02282,L3,Droit,11.2,5.19,6.66,5.89,9.33,4,0.7,5.07,0
ETU02283,M1,Droit,7.74,13.43,11.77,11.74,12.16,4,-1.68,4.65,0
ETU02284,L1,Ingénierie,8.5,18.26,18.14,20.0,20.75,4,1.74,5.16,0
ETU02285,M2,Ingénierie,7.86,10.04,11.21,11.09,3.04,0,1.05,0.28,0
ETU02286,L1,Gestion,16.53,12.38,13.84,12.85,38.45,0,0.47,0.54,0
ETU02287,L3,Informatique,15.16,14.74,12.28,11.23,19.64,0,-3.51,3.71,0
ETU02288,L3,Médecine,12.89,9.44,9.5,11.51,7.62,3,2.07,8.85,0
ETU02289,L2,Droit,10.87,11.69,12.58,14.37,10.83,0,2.69,7.91,0
ETU02290,L2,Informatique,14.69,16.44,16.72,16.29,31.92,2,-0.15,1.1,0
ETU02291,L3,Médecine,16.57,15.43,17.65,15.14,25.36,4,-0.3,4.95,0
ETU02292,L1,Gestion,17.46,16.32,15.29,13.89,18.59,2,-2.43,6.05,0
ETU02293,M1,Informatique,13.11,18.82,15.95,18.83,13.26,4,0.01,4.81,0
ETU02294,M1,Médecine,16.66,10.18,11.6,12.93,36.03,2,2.75,6.98,0
ETU02295,M1,Médecine,12.65,15.46,14.85,15.25,30.9,1,-0.21,9.97,0
ETU02296,M2,Médecine,12.17,13.44,11.0,14.1,28.72,4,0.67,0.96,0
ETU02297,M2,Gestion,17.25,14.33,14.29,17.53,17.84,2,3.2,5.16,0
ETU02298,L1,Droit,11.02,15.36,17.4,17.65,39.25,0,2.29,5.12,0
ETU02299,M2,Droit,11.15,15.5,13.8,14.08,28.4,3,-1.42,5.62,0
ETU02300,L3,Ingénierie,9.96,17.4,20.0,20.0,16.94,3,2.6,1.67,0
ETU02301,L1,Informatique,12.74,9.89,8.83,8.71,38.42,4,-1.18,6.38,1
ETU02302,M2,Ingénierie,13.08,14.15,14.48,12.55,35.83,0,-1.6,0.44,0
ETU02303,M2,Gestion,14.59,8.92,7.3,5.36,29.6,0,-3.56,7.41,0
ETU02304,L2,Médecine,11.6,13.32,13.59,11.3,30.68,3,-2.02,6.63,0
ETU02305,M2,Droit,8.83,15.52,15.52,17.44,16.95,3,1.93,3.3,0
ETU02306,M1,Gestion,17.27,16.07,14.04,12.0,20.29,3,-4.08,9.89,0
ETU02307,L3,Gestion,10.5,10.88,15.32,18.55,7.66,1,7.66,8.29,0
ETU02308,L1,Gestion,18.0,12.12,11.58,10.78,23.82,3,-1.34,5.4,0
ETU02309,M1,Médecine,8.7,9.67,9.13,12.04,14.8,2,2.36,9.91,0
ETU02310,M2,Médecine,13.28,7.37,9.02,8.77,13.9,4,1.41,8.3,0
ETU02311,L1,Médecine,12.98,8.65,11.57,9.52,37.93,1,0.87,1.38,1
ETU02312,L1,Médecine,16.77,17.77,19.66,20.0,6.59,3,2.23,5.91,0
ETU02313,L2,Informatique,7.81,9.33,7.72,10.13,33.2,0,0.8,5.81,1
ETU02314,L2,Gestion,17.83,18.65,19.17,18.11,11.26,3,-0.54,6.53,0
ETU02315,L2,Gestion,12.91,8.38,5.76,5.56,1.15,3,-2.82,9.41,0
ETU02316,M2,Gestion,13.62,15.12,16.68,15.62,1.62,1,0.49,4.92,0
ETU02317,M2,Gestion,12.63,13.03,10.78,10.9,17.17,0,-2.13,0.77,0
ETU02318,M1,Informatique,6.47,14.76,13.75,14.21,18.18,4,-0.54,4.79,0
ETU02319,L2,Ingénierie,12.46,14.02,14.21,13.98,12.81,0,-0.03,7.88,0
ETU02320,L2,Informatique,9.43,14.89,15.76,13.33,26.75,2,-1.56,3.59,0
ETU02321,L1,Droit,10.45,17.68,17.49,16.91,19.41,0,-0.76,0.27,0
ETU02322,M1,Droit,14.44,12.89,15.37,16.72,2.96,2,3.83,3.03,0
ETU02323,L2,Médecine,12.47,5.95,7.23,7.22,13.92,4,1.27,6.82,0
ETU02324,M2,Ingénierie,7.21,8.79,9.96,9.77,4.08,2,0.98,0.86,0
ETU02325,M1,Médecine,6.95,14.92,13.27,12.17,2.52,1,-2.74,3.76,0
ETU02326,L3,Médecine,8.41,11.92,14.67,14.05,8.33,1,2.13,1.33,0
ETU02327,M2,Gestion,8.48,12.68,11.68,14.09,28.02,0,1.41,4.76,0
ETU02328,L1,Ingénierie,13.91,13.35,16.16,14.75,27.84,2,1.4,1.42,0
ETU02329,L3,Informatique,8.31,10.36,13.59,14.97,34.46,0,4.61,1.09,1
ETU02330,L2,Médecine,17.46,15.83,16.8,17.17,30.26,1,1.34,6.98,0
ETU02331,L1,Informatique,8.73,15.13,16.88,17.54,21.42,0,2.42,1.58,0
ETU02332,M2,Gestion,7.18,15.0,10.58,9.78,12.5,1,-5.22,1.55,0
ETU02333,M1,Ingénierie,17.38,15.01,14.92,14.69,0.23,0,-0.32,5.93,0
ETU02334,L1,Médecine,9.84,17.47,19.32,19.61,25.89,4,2.14,0.44,0
ETU02335,L1,Médecine,11.53,13.34,14.92,14.44,11.59,3,1.11,0.33,0
ETU02336,L2,Ingénierie,18.47,18.54,16.91,17.71,10.0,4,-0.83,4.31,0
ETU02337,M2,Gestion,18.28,6.67,6.43,7.41,38.99,3,0.75,3.65,1
ETU02338,L1,Médecine,15.29,13.85,10.24,13.8,6.97,2,-0.05,5.45,0
ETU02339,M1,Gestion,6.9,15.04,15.86,16.57,1.3,0,1.54,9.93,0
ETU02340,L1,Droit,13.71,11.68,9.06,6.49,37.98,4,-5.19,4.35,1
ETU02341,L2,Droit,18.86,9.03,10.93,12.98,12.24,4,3.94,5.76,0
ETU02342,L3,Médecine,18.31,12.7,14.67,14.67,15.74,2,1.97,9.19,0
ETU02343,L1,Informatique,7.38,10.11,9.59,12.91,3.24,1,2.81,4.83,0
ETU02344,L2,Informatique,11.15,17.73,18.71,20.0,16.16,1,2.27,7.81,0
ETU02345,L2,Informatique,10.1,10.0,9.87,9.41,38.89,1,-0.58,5.49,0
ETU02346,L1,Gestion,7.69,7.46,8.02,9.41,27.76,4,1.95,6.37,0
ETU02347,L1,Droit,15.03,13.07,11.55,10.96,18.95,0,-2.11,9.33,0
ETU02348,L1,Informatique,9.56,10.54,11.68,11.98,12.3,3,1.44,0.01,0
ETU02349,M1,Ingénierie,10.48,6.34,4.08,5.39,14.64,3,-0.95,9.01,0
ETU02350,L1,Droit,7.17,12.91,10.36,12.33,24.45,3,-0.58,4.98,0
ETU02351,L3,Gestion,12.47,12.53,12.55,14.19,10.18,0,1.66,6.07,0
ETU02352,L1,Ingénierie,8.06,7.42,7.31,7.72,6.08,2,0.3,4.5,0
ETU02353,L2,Informatique,11.62,13.37,13.98,18.0,27.85,1,4.63,2.61,0
ETU02354,L1,Informatique,7.86,12.94,12.17,11.92,34.78,2,-1.02,0.66,1
ETU02355,L2,Gestion,18.4,15.83,18.86,16.75,36.06,0,0.92,9.45,0
ETU02356,M1,Informatique,7.88,10.06,10.5,8.68,33.66,0,-1.38,6.24,0
ETU02357,L3,Médecine,12.78,8.48,9.03,11.54,21.22,0,3.06,8.73,0
ETU02358,L1,Médecine,8.56,18.32,18.81,19.0,31.55,4,0.68,2.91,0
ETU02359,L1,Gestion,6.99,12.86,14.56,15.1,37.05,2,2.24,2.78,1
ETU02360,L2,Ingénierie,8.63,5.38,6.44,5.93,0.93,1,0.55,3.36,0
ETU02361,L2,Informatique,6.71,16.49,17.35,16.97,16.48,3,0.48,2.31,0
ETU02362,L3,Droit,7.81,7.75,9.06,8.18,8.17,2,0.42,4.98,0
ETU02363,L2,Médecine,12.42,16.0,13.47,14.47,39.87,1,-1.53,9.36,0
ETU02364,M1,Gestion,14.47,14.87,12.39,12.55,37.18,0,-2.33,8.76,0
ETU02365,L2,Ingénierie,7.14,18.56,18.65,19.6,32.09,1,1.04,4.95,0
ETU02366,M1,Droit,11.73,18.52,18.42,19.23,11.84,3,0.71,3.49,0
ETU02367,L1,Ingénierie,13.56,8.84,9.91,9.57,38.08,3,0.73,6.12,1
ETU02368,M2,Médecine,9.04,15.73,15.96,14.07,1.17,1,-1.66,6.12,0
ETU02369,M2,Gestion,10.84,9.44,10.51,8.49,7.52,3,-0.95,6.84,0
ETU02370,L2,Ingénierie,6.93,13.81,12.14,16.98,24.67,3,3.17,5.36,0
ETU02371,L2,Informatique,8.86,13.37,13.55,16.07,31.72,4,2.7,0.27,1
ETU02372,L1,Informatique,12.07,5.76,3.95,6.26,35.35,2,0.5,0.76,1
ETU02373,M2,Médecine,18.88,5.07,5.85,5.14,12.02,1,0.07,9.74,0
ETU02374,L1,Ingénierie,18.95,5.81,3.19,3.51,15.63,0,-2.3,7.46,0
ETU02375,L1,Gestion,18.74,6.79,7.51,6.59,18.19,0,-0.2,9.48,0
ETU02376,L1,Médecine,11.5,8.61,6.6,4.94,1.08,0,-3.67,3.4,0
ETU02377,L2,Médecine,7.05,17.7,17.32,16.74,34.56,2,-0.96,5.35,1
ETU02378,M2,Médecine,10.21,12.26,13.8,16.09,13.52,1,3.83,3.22,0
ETU02379,L1,Ingénierie,9.09,16.16,16.7,18.26,7.97,1,2.1,9.09,0
ETU02380,L3,Informatique,6.18,16.74,14.47,13.31,16.37,3,-3.42,2.88,0
ETU02381,M1,Informatique,7.24,15.29,14.48,14.31,28.42,1,-0.98,6.94,0
ETU02382,M1,Ingénierie,11.89,10.48,8.43,9.85,34.84,4,-0.63,1.75,1
ETU02383,M1,Droit,10.42,17.09,14.75,14.2,8.62,0,-2.9,1.05,0
ETU02384,M2,Droit,8.34,15.39,15.77,16.18,6.9,1,0.8,1.56,0
ETU02385,M1,Droit,15.31,15.4,16.44,17.35,37.75,0,1.94,5.29,0
ETU02386,M2,Gestion,10.64,17.62,18.48,19.37,22.04,2,1.75,8.45,0
ETU02387,L2,Gestion,17.07,13.38,14.49,15.17,14.63,0,1.79,9.99,0
ETU02388,L3,Gestion,9.13,12.4,12.58,11.9,7.97,1,-0.5,6.23,0
ETU02389,M1,Informatique,13.0,17.46,17.25,16.73,39.81,3,-0.74,5.34,0
ETU02390,M2,Gestion,8.39,11.36,9.95,8.55,28.77,4,-2.81,7.87,0
ETU02391,L1,Ingénierie,12.44,16.36,15.9,13.86,8.72,2,-2.5,0.64,0
ETU02392,L3,Informatique,7.98,5.75,3.97,4.1,3.65,4,-1.65,8.09,0
ETU02393,M2,Médecine,8.1,5.02,3.95,5.47,7.97,3,0.46,7.58,0
ETU02394,L1,Informatique,13.96,12.4,12.73,10.96,9.91,3,-1.44,5.3,0
ETU02395,L2,Médecine,9.43,6.03,6.05,6.76,4.44,4,0.73,0.23,0
ETU02396,L3,Gestion,8.24,18.67,20.0,20.0,9.19,0,1.33,2.02,0
ETU02397,L1,Médecine,18.09,5.08,3.26,0.8,4.67,1,-4.27,3.7,0
ETU02398,M2,Droit,6.56,15.05,15.07,14.96,15.11,2,-0.09,9.41,0
ETU02399,L2,Médecine,13.35,8.41,6.47,9.24,19.45,3,0.83,6.38,0
ETU02400,M1,Médecine,13.13,18.55,18.16,19.29,18.21,4,0.75,5.1,0
ETU02401,L3,Droit,9.26,10.34,10.02,7.52,33.17,0,-2.83,4.88,1
ETU02402,L3,Médecine,11.89,5.38,6.85,8.14,10.16,1,2.75,7.8,0
ETU02403,M2,Ingénierie,7.14,5.38,4.9,4.08,35.48,1,-1.3,3.24,1
ETU02404,M2,Droit,15.38,12.75,12.66,14.0,36.32,3,1.25,0.95,0
ETU02405,L3,Informatique,8.88,18.81,18.37,17.63,38.39,4,-1.18,6.77,1
ETU02406,L3,Informatique,8.51,18.72,16.82,17.04,7.24,4,-1.68,3.29,0
ETU02407,M1,Droit,10.09,9.72,8.94,8.44,9.83,3,-1.28,3.26,0
ETU02408,M1,Droit,17.73,11.76,11.38,11.69,24.95,3,-0.07,4.55,0
ETU02409,M2,Médecine,16.35,6.41,6.72,6.17,5.64,2,-0.24,2.43,0
ETU02410,L2,Médecine,18.31,12.31,13.35,13.31,3.42,3,1.0,9.22,0
ETU02411,L1,Informatique,14.48,13.4,13.24,11.78,2.95,0,-1.62,8.47,0
ETU02412,L1,Médecine,14.62,8.51,8.34,9.37,24.25,2,0.86,9.91,0
ETU02413,L3,Ingénierie,12.24,13.57,11.19,11.75,32.19,1,-1.82,9.65,0
ETU02414,L2,Gestion,17.77,17.6,18.61,16.48,10.36,4,-1.12,3.14,0
ETU02415,M2,Ingénierie,12.64,5.01,4.17,5.96,37.34,1,0.95,3.81,1
ETU02416,M2,Ingénierie,10.62,8.21,9.53,9.56,31.68,1,1.36,6.98,0
ETU02417,L1,Droit,14.32,7.94,10.11,10.66,3.1,2,2.72,0.16,0
ETU02418,M2,Médecine,13.1,6.73,6.65,8.1,16.29,4,1.36,9.94,0
ETU02419,M1,Ingénierie,7.61,7.33,5.99,6.78,2.72,4,-0.54,0.11,0
ETU02420,L2,Ingénierie,11.11,13.76,13.94,15.99,36.61,2,2.22,5.31,0
ETU02421,L2,Gestion,10.07,6.44,7.16,7.02,29.71,4,0.58,6.69,1
ETU02422,L1,Médecine,17.01,15.34,15.07,16.92,27.46,3,1.58,9.14,0
ETU02423,L3,Droit,10.92,17.42,16.77,17.26,27.31,4,-0.16,6.44,0
ETU02424,L1,Droit,16.68,17.97,19.02,20.0,11.41,4,2.03,5.97,0
ETU02425,L1,Médecine,11.75,14.24,15.19,16.09,37.34,1,1.85,3.0,0
ETU02426,M1,Ingénierie,15.8,7.76,7.44,9.61,36.91,2,1.84,5.91,0
ETU02427,L3,Informatique,7.76,6.19,3.91,5.3,29.58,1,-0.9,7.5,0
ETU02428,L3,Ingénierie,18.02,8.25,9.13,8.77,18.76,1,0.52,5.16,0
ETU02429,L2,Gestion,12.25,18.47,17.52,16.85,1.88,2,-1.61,7.8,0
ETU02430,L3,Ingénierie,9.38,18.47,18.99,19.22,1.13,0,0.75,0.7,0
ETU02431,L2,Informatique,9.14,10.35,10.77,9.93,5.53,1,-0.41,3.35,0
ETU02432,L1,Ingénierie,9.45,9.56,6.93,5.65,23.83,4,-3.91,9.6,0
ETU02433,L3,Droit,10.77,12.14,12.46,9.57,31.92,0,-2.57,3.23,0
ETU02434,L1,Ingénierie,15.33,9.08,10.06,8.03,37.94,3,-1.05,6.22,0
ETU02435,M1,Droit,18.34,18.72,19.87,20.0,7.01,3,1.28,5.2,0
ETU02436,M2,Médecine,14.7,8.1,8.47,7.79,11.02,1,-0.31,9.37,0
ETU02437,M1,Droit,13.11,10.17,7.4,10.56,2.16,2,0.39,1.63,0
ETU02438,L3,Gestion,11.83,11.01,13.13,14.03,39.56,4,3.02,2.99,1
ETU02439,M2,Gestion,16.77,6.75,7.57,7.79,31.24,4,1.04,8.62,0
ETU02440,L2,Droit,17.05,10.36,8.75,6.8,19.23,4,-3.56,6.66,0
ETU02441,M1,Droit,9.81,16.99,16.01,16.32,23.02,3,-0.67,5.43,0
ETU02442,L2,Médecine,18.39,6.97,7.51,10.65,22.49,4,3.69,3.95,0
ETU02443,L1,Ingénierie,11.14,13.18,14.4,17.03,10.17,1,3.86,4.11,0
ETU02444,L2,Médecine,16.4,10.69,10.16,10.87,7.42,3,0.18,9.35,0
ETU02445,L3,Informatique,18.57,7.39,8.83,7.4,11.88,3,0.02,6.71,0
ETU02446,L1,Droit,15.15,5.17,2.68,1.55,9.89,4,-3.62,9.29,0
ETU02447,L2,Informatique,8.1,8.83,7.46,6.48,22.3,1,-2.34,9.72,0
ETU02448,L1,Droit,13.62,5.87,2.97,5.19,12.33,4,-0.68,5.47,0
ETU02449,L2,Droit,7.54,10.27,9.13,11.88,29.16,2,1.6,6.1,0
ETU02450,M1,Ingénierie,16.26,16.34,18.81,19.4,22.72,0,3.06,6.56,0
ETU02451,L1,Gestion,9.66,15.08,18.36,18.21,21.29,3,3.13,8.39,0
ETU02452,L2,Droit,15.04,18.26,18.82,20.0,38.05,4,1.74,6.59,0
ETU02453,L1,Droit,17.83,10.98,10.22,9.05,12.9,2,-1.93,1.15,0
ETU02454,L2,Informatique,8.35,14.91,14.78,15.15,25.41,2,0.25,9.42,0
ETU02455,M1,Informatique,11.11,14.31,15.22,16.22,0.0,4,1.9,6.61,0
ETU02456,L3,Médecine,14.41,8.04,5.89,4.9,29.48,4,-3.14,8.7,0
ETU02457,L2,Gestion,11.46,9.25,8.59,7.94,20.1,2,-1.31,4.25,0
ETU02458,L2,Gestion,8.27,12.42,14.77,14.0,8.34,3,1.58,4.75,0
ETU02459,M1,Ingénierie,6.38,16.15,14.78,17.21,0.06,3,1.06,6.89,0
ETU02460,L3,Gestion,11.29,11.47,10.54,13.71,28.28,3,2.25,7.76,0
ETU02461,L3,Ingénierie,14.44,8.19,8.41,8.88,26.51,3,0.69,0.78,1
ETU02462,M2,Médecine,13.46,18.91,19.53,19.43,26.62,1,0.52,4.07,0
ETU02463,M2,Gestion,8.03,6.62,5.88,5.28,17.5,1,-1.34,7.7,0
ETU02464,L2,Ingénierie,11.86,18.38,18.7,19.0,25.57,0,0.62,9.92,0
ETU02465,M1,Médecine,10.8,16.33,17.44,16.91,22.85,4,0.59,0.12,0
ETU02466,M1,Gestion,9.56,16.74,19.89,20.0,9.56,1,3.26,2.65,0
ETU02467,M2,Droit,15.48,16.13,16.14,17.06,20.75,3,0.93,4.65,0
ETU02468,L2,Gestion,10.03,7.91,8.05,7.74,20.58,3,-0.17,2.23,0
ETU02469,M1,Ingénierie,13.02,13.86,16.35,16.36,32.94,3,2.51,0.27,0
ETU02470,L1,Droit,18.0,15.59,14.97,14.99,17.34,4,-0.6,5.4,0
ETU02471,L3,Informatique,13.01,15.44,13.65,13.48,17.44,4,-1.96,6.49,0
ETU02472,L1,Médecine,14.02,8.8,9.38,9.02,39.38,0,0.21,4.16,1
ETU02473,M1,Médecine,6.95,7.54,9.35,10.79,35.78,4,3.26,3.7,1
ETU02474,M1,Gestion,8.32,9.59,10.34,7.98,9.69,1,-1.61,9.86,0
ETU02475,L3,Ingénierie,7.31,11.72,11.77,14.43,36.41,3,2.72,4.78,0
ETU02476,L3,Droit,15.94,13.03,11.06,11.56,5.52,3,-1.47,7.98,0
ETU02477,L2,Gestion,16.87,16.72,16.83,18.04,34.14,0,1.33,2.87,0
ETU02478,M1,Médecine,8.42,15.77,17.82,19.2,7.33,1,3.44,8.3,0
ETU02479,M2,Informatique,8.85,14.47,12.81,12.05,17.02,4,-2.41,8.24,0
ETU02480,L1,Ingénierie,10.2,8.69,8.52,7.45,39.36,0,-1.24,2.68,1
ETU02481,L2,Médecine,13.68,11.7,11.32,10.07,3.88,1,-1.63,6.56,0
ETU02482,M1,Gestion,14.08,9.7,8.85,8.78,33.59,0,-0.92,6.82,0
ETU02483,L2,Informatique,14.93,8.29,8.86,10.21,19.79,0,1.92,4.43,0
ETU02484,L1,Droit,17.77,5.14,6.01,5.43,4.44,3,0.29,7.74,0
ETU02485,L1,Droit,9.84,9.75,10.6,11.81,38.1,4,2.06,3.07,1
ETU02486,L2,Médecine,14.56,8.59,7.32,4.07,21.97,2,-4.52,4.84,0
ETU02487,M2,Gestion,13.28,13.01,10.74,10.46,35.23,1,-2.55,9.9,0
ETU02488,M1,Gestion,9.98,5.87,6.47,8.52,34.76,4,2.64,1.79,1
ETU02489,L2,Droit,17.8,8.79,8.23,8.27,0.59,1,-0.52,1.48,0
ETU02490,L1,Ingénierie,7.24,5.63,8.58,7.64,10.59,1,2.01,1.42,0
ETU02491,M1,Ingénierie,15.26,13.98,17.01,16.32,13.48,2,2.34,9.98,0
ETU02492,L2,Gestion,15.46,12.95,16.14,11.9,21.39,0,-1.06,1.6,0
ETU02493,L2,Informatique,17.9,9.72,8.51,7.3,2.87,1,-2.43,1.9,0
ETU02494,L3,Informatique,12.74,7.06,8.12,10.0,15.56,3,2.94,6.95,0
ETU02495,L2,Droit,10.18,18.41,19.92,19.34,32.59,3,0.93,7.59,0
ETU02496,M1,Informatique,16.76,13.18,14.52,14.12,6.93,4,0.94,5.27,0
ETU02497,L2,Médecine,16.02,14.51,14.18,10.98,28.05,3,-3.53,9.83,0
ETU02498,M1,Informatique,12.5,12.44,14.56,12.41,18.41,1,-0.03,0.39,0
ETU02499,L3,Droit,15.98,16.29,16.49,18.58,2.83,3,2.29,6.21,0
ETU02500,L1,Médecine,9.48,17.55,17.94,19.17,7.09,4,1.62,6.06,0
ETU02501,M1,Droit,13.66,10.36,8.25,6.61,5.64,3,-3.75,3.21,0
ETU02502,L1,Médecine,17.25,14.66,15.83,15.18,24.79,3,0.52,8.99,0
ETU02503,M1,Gestion,10.13,8.22,8.03,8.28,3.49,2,0.07,5.53,0
ETU02504,L2,Médecine,12.29,14.13,15.02,13.53,32.92,4,-0.6,2.46,0
ETU02505,M1,Droit,18.36,10.59,11.14,8.43,32.27,1,-2.15,0.88,0
ETU02506,L2,Médecine,16.38,5.09,5.57,5.63,3.2,2,0.53,1.07,0
ETU02507,L3,Ingénierie,17.53,18.38,18.51,19.67,35.53,1,1.29,8.97,0
ETU02508,L2,Gestion,11.01,17.16,18.54,19.73,38.37,0,2.57,2.5,0
ETU02509,L2,Gestion,18.95,9.07,8.97,10.59,1.74,3,1.51,9.07,0
ETU02510,L2,Ingénierie,7.98,18.97,16.99,14.96,38.01,0,-4.01,1.2,1
ETU02511,L1,Médecine,12.74,9.44,10.49,10.88,11.18,1,1.44,9.84,0
ETU02512,L2,Ingénierie,12.23,11.42,10.41,10.31,26.59,3,-1.12,8.33,0
ETU02513,L1,Gestion,16.38,16.92,15.13,15.3,6.99,1,-1.62,1.16,0
ETU02514,L3,Gestion,17.81,9.26,7.93,7.91,32.7,4,-1.35,0.86,0
ETU02515,L1,Informatique,15.5,11.31,11.93,11.24,33.68,0,-0.07,8.03,0
ETU02516,L1,Médecine,14.15,14.32,14.37,10.15,39.13,2,-4.17,0.78,1
ETU02517,L3,Ingénierie,11.56,6.83,3.83,5.87,39.7,0,-0.96,2.62,1
ETU02518,L2,Ingénierie,12.63,10.91,10.54,11.33,3.03,0,0.42,8.01,0
ETU02519,M2,Gestion,12.62,9.33,11.29,9.36,26.32,3,0.03,9.08,0
ETU02520,L2,Droit,6.26,14.47,14.0,15.01,10.92,0,0.53,7.68,0
ETU02521,L2,Droit,12.54,6.9,6.86,6.48,5.02,4,-0.42,8.9,0
ETU02522,L2,Informatique,17.13,8.26,10.02,9.69,5.95,2,1.44,5.6,0
ETU02523,M2,Informatique,15.22,14.96,16.35,15.5,37.46,2,0.54,7.8,0
ETU02524,M1,Gestion,16.34,7.19,8.92,10.03,27.35,4,2.84,3.44,0
ETU02525,L1,Droit,11.08,10.91,6.95,6.05,2.02,1,-4.86,7.85,0
ETU02526,L2,Ingénierie,12.88,14.98,17.78,16.44,39.37,1,1.46,6.8,0
ETU02527,L1,Ingénierie,6.44,15.72,16.87,18.87,32.31,2,3.15,5.75,0
ETU02528,L1,Médecine,10.98,6.33,10.22,10.25,12.37,3,3.92,9.92,0
ETU02529,L2,Ingénierie,12.17,16.93,15.95,16.03,18.83,4,-0.89,4.7,0
ETU02530,M2,Médecine,9.32,15.14,12.69,14.03,29.06,2,-1.11,6.19,0
ETU02531,L3,Droit,6.41,9.75,9.96,9.26,27.04,1,-0.49,5.1,1
ETU02532,L2,Ingénierie,14.98,15.69,15.48,15.08,18.52,4,-0.62,2.61,0
ETU02533,L1,Ingénierie,11.66,15.2,16.38,17.14,20.5,2,1.94,3.3,0
ETU02534,L1,Gestion,11.4,13.41,15.22,13.21,1.73,4,-0.2,9.79,0
ETU02535,L3,Gestion,9.25,12.82,12.89,13.52,20.03,2,0.7,3.92,0
ETU02536,M1,Ingénierie,12.99,15.29,15.12,14.29,13.61,0,-0.99,6.79,0
ETU02537,L3,Informatique,11.69,18.99,19.97,20.0,11.4,4,1.01,5.67,0
ETU02538,M1,Droit,12.16,13.1,12.92,14.04,10.78,3,0.94,8.9,0
ETU02539,L2,Gestion,13.55,16.32,16.01,16.93,25.96,1,0.61,7.58,0
ETU02540,M2,Médecine,6.08,15.42,17.18,15.07,17.17,4,-0.35,0.81,0
ETU02541,M2,Ingénierie,17.8,16.98,19.07,19.22,17.03,0,2.23,3.55,0
ETU02542,M2,Gestion,6.92,18.36,20.0,18.72,6.37,4,0.36,7.12,0
ETU02543,M1,Gestion,11.86,7.7,7.65,7.9,38.47,2,0.19,1.61,1
ETU02544,M1,Gestion,8.7,7.32,4.31,1.13,8.96,2,-6.18,5.03,0
ETU02545,L1,Médecine,12.81,13.21,13.19,11.18,16.24,0,-2.03,3.18,0
ETU02546,L1,Gestion,9.64,11.29,10.35,12.44,7.61,0,1.15,0.65,0
ETU02547,L1,Médecine,17.18,12.99,13.0,13.85,28.13,3,0.86,9.97,0
ETU02548,L3,Gestion,11.15,16.17,15.37,15.14,17.45,2,-1.04,9.29,0
ETU02549,L3,Médecine,14.3,18.04,18.21,17.15,16.55,0,-0.89,7.48,0
ETU02550,L1,Informatique,9.24,10.84,9.48,8.16,35.0,3,-2.69,2.01,1
ETU02551,M1,Gestion,6.25,15.05,13.33,13.93,30.38,3,-1.12,9.89,0
ETU02552,L3,Gestion,11.25,7.76,9.79,9.57,20.8,1,1.82,6.31,0
ETU02553,L3,Droit,12.97,12.48,11.23,13.85,18.74,3,1.37,9.66,0
ETU02554,M2,Médecine,11.97,5.31,5.51,5.53,38.4,4,0.22,0.43,1
ETU02555,L3,Médecine,18.51,12.05,13.68,14.07,38.26,2,2.02,1.73,0
ETU02556,L1,Ingénierie,15.19,12.63,14.21,12.42,28.19,1,-0.21,6.77,0
ETU02557,M1,Médecine,18.94,15.3,16.69,16.45,30.41,4,1.15,9.07,0
ETU02558,M2,Informatique,9.84,14.09,14.75,15.31,35.96,4,1.22,1.76,0
ETU02559,L1,Médecine,16.26,10.02,11.3,11.04,38.57,2,1.03,3.17,0
ETU02560,L3,Informatique,13.22,5.08,7.34,6.91,3.29,2,1.83,5.88,0
ETU02561,L3,Droit,13.95,6.62,7.45,8.24,39.89,4,1.63,10.0,0
ETU02562,L1,Droit,18.82,18.62,16.07,18.64,28.12,0,0.02,8.0,0
ETU02563,L2,Gestion,14.5,17.91,17.32,17.84,23.71,1,-0.08,9.24,0
ETU02564,M2,Médecine,17.68,9.55,10.8,12.81,16.53,2,3.26,6.75,0
ETU02565,L2,Médecine,15.43,8.62,7.88,9.12,13.46,3,0.49,8.77,0
ETU02566,L3,Médecine,7.66,11.11,13.74,15.67,32.17,3,4.56,5.07,0
ETU02567,M1,Droit,15.09,14.66,14.76,14.15,26.18,1,-0.51,1.24,0
ETU02568,L3,Ingénierie,12.3,10.0,10.32,10.31,8.03,4,0.32,7.1,0
ETU02569,M2,Médecine,17.94,5.94,7.83,7.83,24.4,3,1.88,6.01,0
ETU02570,L3,Gestion,16.49,10.64,10.56,11.68,5.65,2,1.05,4.85,0
ETU02571,M2,Médecine,7.35,8.65,9.11,10.6,19.87,4,1.95,2.75,0
ETU02572,L1,Droit,7.74,9.55,11.1,11.59,23.34,0,2.04,7.84,0
ETU02573,M2,Informatique,6.9,7.28,5.27,6.89,25.43,3,-0.39,8.2,1
ETU02574,L1,Ingénierie,12.41,14.22,14.0,13.45,5.81,4,-0.77,3.64,0
ETU02575,M2,Médecine,7.05,12.37,13.82,15.44,3.82,3,3.07,9.28,0
ETU02576,M1,Médecine,15.41,8.79,9.09,10.91,10.35,2,2.12,3.7,0
ETU02577,L3,Médecine,13.18,12.75,15.16,16.47,24.28,1,3.72,1.08,0
ETU02578,M2,Droit,16.87,11.9,9.73,10.24,37.27,1,-1.66,1.67,0
ETU02579,M1,Gestion,9.64,16.14,13.81,15.18,31.16,2,-0.97,4.95,1
ETU02580,M1,Ingénierie,12.75,18.38,19.74,18.7,29.83,4,0.31,0.8,0
ETU02581,M1,Droit,7.53,6.83,8.33,8.93,13.21,2,2.1,7.18,0
ETU02582,M2,Gestion,17.5,17.37,17.28,18.04,4.47,0,0.66,7.95,0
ETU02583,L2,Médecine,8.28,14.87,15.67,13.97,35.68,2,-0.89,5.49,1
ETU02584,M2,Informatique,7.33,14.7,16.01,17.03,20.03,0,2.33,8.93,0
ETU02585,L3,Gestion,8.67,10.24,9.22,7.65,4.02,4,-2.59,9.54,0
ETU02586,L1,Informatique,16.48,9.81,8.95,8.61,21.4,2,-1.2,4.48,0
ETU02587,M2,Informatique,7.38,5.08,5.56,5.92,27.02,1,0.84,0.89,0
ETU02588,M1,Ingénierie,13.99,18.75,20.0,19.51,12.8,3,0.76,2.31,0
ETU02589,M2,Droit,15.7,13.49,11.94,12.37,0.37,2,-1.13,6.58,0
ETU02590,M1,Ingénierie,15.76,10.63,10.54,10.94,24.86,2,0.3,4.06,0
ETU02591,L2,Médecine,8.47,12.61,12.45,11.52,1.6,2,-1.1,6.85,0
ETU02592,L2,Gestion,6.8,5.57,6.39,7.55,17.31,4,1.98,6.67,0
ETU02593,L2,Gestion,11.83,7.43,7.62,6.77,32.99,4,-0.66,6.05,0
ETU02594,L3,Droit,8.63,13.73,13.11,16.84,39.95,1,3.11,1.58,0
ETU02595,L1,Informatique,15.09,12.2,14.27,14.41,14.81,1,2.21,2.86,0
ETU02596,M1,Droit,10.64,16.02,15.41,13.95,0.81,4,-2.07,3.78,0
ETU02597,M1,Droit,11.84,14.22,13.98,12.81,19.72,3,-1.41,8.24,0
ETU02598,M2,Informatique,7.48,13.42,11.23,13.25,11.05,0,-0.17,6.82,0
ETU02599,L3,Droit,13.38,16.41,15.54,15.23,35.71,2,-1.18,6.45,0
ETU02600,M2,Ingénierie,8.41,5.96,6.93,5.18,28.46,0,-0.77,6.72,0
ETU02601,L2,Ingénierie,14.83,14.67,15.35,16.93,16.17,0,2.26,5.03,0
ETU02602,L3,Droit,6.93,15.02,16.12,15.79,30.48,0,0.78,0.4,0
ETU02603,M1,Informatique,18.69,8.85,9.88,11.16,13.65,1,2.31,2.01,0
ETU02604,M1,Ingénierie,14.9,7.74,11.07,12.77,20.87,0,5.03,1.4,0
ETU02605,M1,Droit,8.36,7.99,7.07,7.78,36.91,4,-0.21,0.64,1
ETU02606,L3,Médecine,6.18,7.77,5.54,9.44,8.01,2,1.66,3.19,0
ETU02607,L1,Informatique,10.35,12.33,10.96,8.67,12.52,2,-3.66,7.88,0
ETU02608,M2,Gestion,7.99,6.9,6.04,5.12,35.42,4,-1.78,1.15,1
ETU02609,L2,Gestion,8.84,14.23,12.97,12.88,18.48,4,-1.35,1.11,0
ETU02610,M1,Médecine,17.35,6.47,6.81,10.5,12.72,4,4.03,1.24,0
ETU02611,L1,Médecine,13.84,5.38,7.46,10.45,1.49,0,5.08,2.7,0
ETU02612,M2,Médecine,8.29,9.47,11.98,14.21,16.76,3,4.74,2.02,0
ETU02613,L2,Gestion,13.24,7.69,8.64,7.75,20.02,4,0.07,0.14,0
ETU02614,M2,Gestion,9.33,18.84,20.0,20.0,16.25,0,1.16,2.77,0
ETU02615,M1,Informatique,18.69,9.24,8.91,7.96,11.1,4,-1.28,9.96,0
ETU02616,L2,Gestion,6.43,8.11,5.86,4.98,14.77,4,-3.12,3.36,0
ETU02617,L2,Informatique,15.52,7.75,9.53,12.07,25.7,4,4.32,2.11,0
ETU02618,M2,Ingénierie,16.05,10.23,7.68,7.61,35.65,1,-2.62,4.96,0
ETU02619,L3,Médecine,6.87,13.48,12.55,12.68,25.99,0,-0.8,2.29,0
ETU02620,M1,Médecine,8.23,15.95,16.93,18.39,25.85,3,2.44,5.6,0
ETU02621,M1,Ingénierie,11.0,10.1,10.15,7.96,32.67,3,-2.15,4.01,1
ETU02622,L2,Médecine,17.29,13.76,13.68,14.06,6.61,3,0.29,8.97,0
ETU02623,L1,Gestion,12.98,11.75,10.18,8.83,12.04,1,-2.92,9.28,0
ETU02624,L1,Gestion,14.52,16.85,17.03,16.89,2.02,0,0.04,7.13,0
ETU02625,L3,Informatique,16.18,12.97,14.67,14.09,13.99,4,1.13,2.16,0
ETU02626,M1,Médecine,16.77,9.06,9.29,8.63,39.95,2,-0.43,4.74,0
ETU02627,L2,Ingénierie,12.19,14.85,13.8,14.44,13.17,4,-0.41,3.05,0
ETU02628,L2,Médecine,12.61,16.48,14.81,15.44,34.39,4,-1.04,7.98,0
ETU02629,L2,Droit,15.33,11.52,10.5,10.47,3.43,2,-1.04,0.29,0
ETU02630,L2,Gestion,9.42,18.82,19.61,20.0,18.39,1,1.18,6.62,0
ETU02631,L3,Droit,17.11,17.31,18.02,17.02,14.06,4,-0.29,3.23,0
ETU02632,L3,Gestion,6.27,7.76,6.76,8.08,8.06,3,0.32,4.81,0
ETU02633,L2,Informatique,8.55,16.01,12.9,12.89,14.9,3,-3.13,3.23,0
ETU02634,L1,Droit,16.4,13.41,14.24,13.82,26.05,4,0.4,3.65,0
ETU02635,L1,Gestion,10.42,12.49,11.34,10.45,19.61,1,-2.04,6.74,0
ETU02636,L3,Médecine,7.95,12.2,13.43,13.37,33.77,1,1.17,5.95,0
ETU02637,L1,Ingénierie,8.43,16.95,16.01,19.12,36.2,0,2.17,2.44,0
ETU02638,M1,Informatique,12.9,13.55,12.27,12.48,19.28,1,-1.08,0.44,0
ETU02639,L1,Informatique,17.0,12.53,12.96,11.54,39.27,2,-0.99,8.56,0
ETU02640,L1,Ingénierie,6.92,5.68,9.42,11.1,2.88,2,5.41,4.92,0
ETU02641,M1,Gestion,6.4,11.28,12.6,12.19,11.05,0,0.92,6.19,0
ETU02642,M1,Gestion,12.05,17.71,18.12,18.84,16.67,4,1.13,4.88,0
ETU02643,M1,Ingénierie,18.43,14.96,15.7,15.09,23.31,2,0.13,6.19,0
ETU02644,L1,Ingénierie,9.63,5.71,3.29,5.51,21.84,2,-0.21,6.27,0
ETU02645,M1,Droit,18.47,17.38,15.89,15.31,22.72,4,-2.07,0.15,0
ETU02646,M2,Informatique,17.54,16.57,13.01,15.4,35.85,2,-1.17,5.33,1
ETU02647,M1,Médecine,9.68,12.65,15.45,14.17,11.1,4,1.52,5.02,0
ETU02648,L2,Médecine,16.62,5.31,7.8,7.67,32.67,1,2.35,0.96,0
ETU02649,L3,Droit,14.92,12.87,13.66,16.06,22.32,4,3.19,7.46,0
ETU02650,M2,Droit,12.65,5.76,6.17,6.72,19.62,4,0.95,2.36,0
ETU02651,L1,Droit,11.5,9.49,7.36,11.07,11.98,3,1.58,0.55,0
ETU02652,M1,Médecine,16.6,13.8,13.68,13.57,12.16,4,-0.23,8.03,0
ETU02653,L2,Droit,16.31,17.78,20.0,20.0,15.54,3,2.22,8.65,0
ETU02654,M2,Ingénierie,15.84,10.01,10.41,13.56,30.54,3,3.55,2.41,0
ETU02655,L1,Informatique,18.98,17.04,16.39,14.42,19.07,3,-2.62,6.88,0
ETU02656,L3,Informatique,12.22,17.86,15.42,13.26,6.15,4,-4.59,0.05,0
ETU02657,L3,Informatique,16.49,5.29,7.57,6.67,30.39,3,1.38,7.21,0
ETU02658,L3,Informatique,17.21,8.35,8.45,9.97,26.54,3,1.61,4.65,0
ETU02659,L2,Droit,8.75,14.94,12.5,10.39,37.97,0,-4.55,7.92,0
ETU02660,L1,Informatique,6.55,15.6,14.41,15.6,21.18,4,0.01,3.93,0
ETU02661,M2,Informatique,11.26,10.49,8.78,9.87,26.18,3,-0.63,3.51,0
ETU02662,L3,Droit,17.14,14.19,14.2,17.52,19.17,0,3.32,8.41,0
ETU02663,M1,Ingénierie,9.76,13.57,14.08,15.95,27.23,1,2.38,0.39,0
ETU02664,L3,Ingénierie,15.1,15.36,14.8,15.65,17.44,1,0.29,1.87,0
ETU02665,L3,Gestion,6.1,15.06,16.43,18.77,5.51,1,3.7,4.12,0
ETU02666,M1,Informatique,10.62,6.2,6.52,7.63,39.47,4,1.43,5.96,1
ETU02667,L3,Médecine,14.0,7.22,9.01,8.62,28.81,2,1.4,0.05,0
ETU02668,L1,Médecine,7.69,6.86,6.52,5.11,24.35,2,-1.75,5.75,1
ETU02669,L1,Ingénierie,17.66,18.05,20.0,20.0,19.26,3,1.95,3.78,0
ETU02670,L3,Droit,8.03,17.79,17.14,17.38,28.46,1,-0.41,6.3,0
ETU02671,L1,Informatique,17.83,16.16,15.01,15.57,5.07,4,-0.59,9.07,0
ETU02672,L3,Ingénierie,8.81,6.63,5.29,2.39,13.04,3,-4.24,4.41,0
ETU02673,M1,Gestion,18.93,13.04,12.92,12.89,4.99,1,-0.15,5.55,0
ETU02674,L3,Gestion,13.86,7.62,5.24,5.58,5.04,3,-2.04,4.63,0
ETU02675,L1,Droit,7.1,10.16,10.8,11.92,0.85,2,1.76,1.19,0
ETU02676,M1,Ingénierie,6.85,8.74,6.08,8.82,30.24,1,0.08,7.93,0
ETU02677,M2,Gestion,6.97,16.61,17.05,17.63,9.09,4,1.02,8.85,0
ETU02678,L2,Droit,13.67,7.02,5.2,4.13,33.28,1,-2.89,8.11,0
ETU02679,L1,Droit,16.52,14.05,13.67,11.25,36.18,0,-2.8,9.48,0
ETU02680,L3,Ingénierie,11.24,18.77,19.88,20.0,6.74,2,1.23,4.68,0
ETU02681,M1,Ingénierie,11.78,14.62,18.27,17.27,28.35,2,2.65,6.52,0
ETU02682,L2,Médecine,13.66,6.11,4.69,6.29,18.41,0,0.18,1.68,0
ETU02683,L3,Informatique,12.93,17.71,17.68,20.0,36.76,3,2.29,9.77,1
ETU02684,M1,Gestion,14.94,14.0,13.12,11.1,19.38,1,-2.9,5.81,0
ETU02685,L3,Médecine,12.13,11.39,10.28,11.41,15.15,0,0.03,2.62,0
ETU02686,M1,Ingénierie,15.28,14.24,13.36,15.6,11.78,2,1.37,8.05,0
ETU02687,L1,Médecine,18.97,17.31,18.74,20.0,36.14,0,2.69,5.86,0
ETU02688,L2,Droit,10.55,11.68,11.15,8.3,9.05,3,-3.38,9.5,0
ETU02689,L3,Médecine,6.16,12.44,16.01,15.03,33.11,0,2.59,7.7,1
ETU02690,L2,Gestion,7.63,11.33,12.16,10.54,7.77,2,-0.8,8.77,0
ETU02691,M2,Médecine,13.2,6.02,4.7,5.79,25.74,0,-0.23,5.47,0
ETU02692,M1,Droit,10.48,16.02,15.67,16.59,18.04,1,0.57,5.17,0
ETU02693,L3,Médecine,18.22,6.77,5.77,2.02,4.18,4,-4.75,7.57,0
ETU02694,M1,Ingénierie,14.16,10.52,11.92,11.77,5.04,3,1.25,1.05,0
ETU02695,M2,Ingénierie,12.76,10.42,8.16,9.66,11.26,2,-0.76,0.54,0
ETU02696,L1,Médecine,16.37,8.92,7.11,7.63,30.67,0,-1.29,9.84,0
ETU02697,L3,Médecine,9.36,10.64,9.95,10.47,29.16,1,-0.17,9.16,0
ETU02698,L3,Informatique,16.66,13.65,14.88,14.63,8.2,1,0.98,9.56,0
ETU02699,M1,Informatique,6.04,9.36,11.41,10.12,19.05,2,0.76,0.62,0
ETU02700,L2,Ingénierie,14.06,7.42,9.69,9.96,3.88,1,2.55,2.69,0
ETU02701,L2,Droit,18.15,17.17,18.17,18.54,28.64,4,1.37,9.02,0
ETU02702,M1,Droit,16.24,18.59,18.67,19.89,31.73,3,1.3,0.89,0
ETU02703,M2,Médecine,17.1,11.42,12.81,14.16,35.74,1,2.74,4.51,0
ETU02704,L1,Informatique,11.16,9.58,8.06,8.49,35.43,0,-1.09,3.41,0
ETU02705,M1,Informatique,16.72,5.66,3.1,5.04,13.52,2,-0.62,8.8,0
ETU02706,M1,Informatique,13.16,5.52,6.37,6.11,10.18,2,0.59,5.18,0
ETU02707,L1,Droit,14.04,10.5,9.19,7.33,35.86,3,-3.17,2.9,1
ETU02708,M1,Informatique,6.77,18.02,18.13,19.14,5.84,2,1.12,5.24,0
ETU02709,M2,Informatique,8.62,15.23,15.61,16.1,2.37,3,0.87,1.12,0
ETU02710,M2,Médecine,13.16,9.89,10.46,11.51,12.57,4,1.62,7.31,0
ETU02711,L1,Médecine,6.76,18.55,20.0,18.56,30.41,2,0.01,6.18,0
ETU02712,M2,Gestion,15.64,11.0,12.45,15.44,27.77,3,4.43,6.01,0
ETU02713,L2,Médecine,16.92,8.88,9.37,10.73,39.48,1,1.86,4.38,0
ETU02714,L3,Informatique,17.96,10.97,10.51,10.37,14.38,4,-0.6,2.94,0
ETU02715,L2,Droit,7.32,7.96,8.32,7.22,11.03,2,-0.74,0.65,0
ETU02716,M1,Gestion,18.22,17.4,16.7,18.62,15.13,3,1.22,9.47,0
ETU02717,L1,Gestion,6.88,10.06,9.96,8.61,31.29,4,-1.45,4.17,1
ETU02718,M1,Ingénierie,12.16,14.21,18.34,20.0,8.57,1,5.79,4.96,0
ETU02719,L1,Informatique,16.92,10.45,10.92,10.3,37.91,0,-0.15,3.76,0
ETU02720,M2,Médecine,6.91,17.62,18.5,20.0,20.5,1,2.38,9.88,0
ETU02721,L2,Gestion,6.24,13.99,13.14,13.16,31.33,1,-0.83,7.96,1
ETU02722,L3,Droit,6.32,11.84,13.57,16.24,33.09,0,4.4,0.96,1
ETU02723,L2,Gestion,12.65,6.85,8.19,7.39,19.15,2,0.54,6.08,0
ETU02724,L1,Médecine,16.55,17.63,18.98,19.31,29.65,1,1.68,4.85,0
ETU02725,L1,Informatique,7.66,12.66,13.18,14.68,14.59,0,2.03,7.93,0
ETU02726,M2,Informatique,7.62,8.99,10.74,12.04,32.44,0,3.04,9.97,0
ETU02727,L1,Gestion,13.39,17.29,19.4,20.0,32.96,1,2.71,7.44,0
ETU02728,L1,Ingénierie,9.05,5.76,6.39,5.96,22.65,1,0.19,8.65,0
ETU02729,L3,Informatique,15.49,9.4,9.43,9.85,8.73,4,0.46,5.03,0
ETU02730,M2,Informatique,18.35,12.52,14.06,16.23,38.81,3,3.71,3.74,0
ETU02731,L1,Droit,15.96,9.76,8.6,7.84,37.88,3,-1.91,6.43,1
ETU02732,L2,Informatique,17.4,11.67,10.8,11.96,24.79,3,0.28,7.49,0
ETU02733,L3,Droit,12.75,8.7,8.82,8.79,39.36,4,0.09,2.28,1
ETU02734,L3,Gestion,16.82,6.82,4.41,5.02,20.11,1,-1.8,5.03,0
ETU02735,L1,Médecine,8.38,5.52,6.96,7.38,15.02,0,1.87,1.14,0
ETU02736,M2,Informatique,6.89,7.21,5.96,5.08,18.42,2,-2.13,2.16,0
ETU02737,L2,Informatique,14.53,18.34,17.83,17.74,1.84,0,-0.6,8.82,0
ETU02738,M1,Informatique,6.68,13.06,12.94,13.45,21.96,1,0.4,1.45,0
ETU02739,L3,Médecine,17.6,11.85,12.1,12.25,26.65,3,0.4,8.11,0
ETU02740,L3,Médecine,14.99,10.38,10.07,12.72,4.38,2,2.34,3.73,0
ETU02741,M2,Informatique,18.38,14.92,15.02,16.83,10.22,3,1.91,6.64,0
ETU02742,L2,Droit,10.08,6.98,7.09,7.82,28.85,2,0.85,9.1,0
ETU02743,M2,Médecine,12.32,8.87,8.4,7.55,31.74,2,-1.32,7.81,0
ETU02744,L2,Informatique,15.64,14.18,13.22,12.29,39.43,1,-1.9,8.26,0
ETU02745,L2,Informatique,9.16,11.71,13.53,16.79,10.13,1,5.08,2.61,0
ETU02746,L1,Médecine,13.04,15.78,12.82,11.61,33.66,1,-4.17,3.62,0
ETU02747,L2,Droit,14.57,17.56,17.45,17.92,6.88,3,0.36,7.33,0
ETU02748,L3,Médecine,18.72,16.53,16.02,16.87,5.24,4,0.34,7.77,0
ETU02749,M1,Droit,15.68,7.58,8.41,8.24,29.17,0,0.66,7.9,0
ETU02750,L3,Ingénierie,7.54,6.28,4.3,3.1,17.83,2,-3.18,7.4,0
ETU02751,L2,Informatique,12.18,7.37,6.82,5.95,31.76,2,-1.43,2.32,1
ETU02752,L2,Informatique,13.65,15.97,16.02,15.5,11.3,2,-0.47,2.89,0
ETU02753,M2,Médecine,7.91,17.79,19.6,18.83,8.53,1,1.04,9.42,0
ETU02754,L2,Ingénierie,11.62,17.96,18.65,20.0,21.95,0,2.04,5.54,0
ETU02755,L2,Informatique,9.69,9.18,7.6,7.89,4.61,1,-1.29,7.54,0
ETU02756,M2,Médecine,7.54,16.76,16.23,15.75,11.15,0,-1.02,5.99,0
ETU02757,M1,Ingénierie,12.66,12.51,14.04,14.5,6.65,0,1.99,9.25,0
ETU02758,M2,Droit,8.15,16.52,14.92,16.22,12.8,1,-0.3,8.69,0
ETU02759,L2,Ingénierie,13.68,12.68,12.76,12.54,30.62,3,-0.13,2.61,0
ETU02760,L3,Gestion,8.21,7.04,7.23,8.88,4.83,4,1.84,8.85,0
ETU02761,M1,Ingénierie,15.41,6.11,5.73,4.12,24.47,3,-1.99,3.0,0
ETU02762,M2,Droit,8.54,18.4,20.0,20.0,23.39,0,1.6,4.41,0
ETU02763,M1,Gestion,17.65,10.96,10.54,10.83,21.53,1,-0.13,8.51,0
ETU02764,L3,Informatique,6.34,9.91,10.78,11.01,19.37,1,1.1,3.24,0
ETU02765,L3,Ingénierie,12.79,9.99,9.04,8.3,26.55,1,-1.69,2.91,0
ETU02766,L2,Médecine,10.16,10.31,11.3,9.75,34.07,4,-0.55,6.69,1
ETU02767,L3,Médecine,8.93,18.23,19.74,17.54,6.48,3,-0.69,10.0,0
ETU02768,L2,Médecine,12.13,5.88,5.2,4.35,32.57,2,-1.53,1.31,1
ETU02769,L1,Gestion,16.95,6.67,6.78,7.97,2.46,2,1.3,7.01,0
ETU02770,M2,Informatique,17.9,16.06,14.91,13.77,19.28,1,-2.28,5.27,0
ETU02771,L1,Médecine,9.94,12.69,11.18,9.15,20.46,2,-3.54,4.11,0
ETU02772,L2,Gestion,8.01,6.8,8.55,7.49,7.9,3,0.69,7.5,0
ETU02773,L2,Médecine,15.36,5.48,4.85,4.57,3.59,4,-0.91,5.55,0
ETU02774,L2,Ingénierie,13.57,8.14,4.72,4.5,3.0,2,-3.64,7.98,0
ETU02775,L3,Médecine,8.61,8.65,11.5,11.61,1.49,0,2.95,7.44,0
ETU02776,M2,Droit,15.88,5.2,4.2,6.04,22.94,4,0.85,9.85,0
ETU02777,L2,Ingénierie,12.75,8.03,7.86,10.03,6.22,1,2.0,8.11,0
ETU02778,M1,Droit,14.49,15.34,18.0,20.0,32.35,0,4.66,0.67,0
ETU02779,M1,Droit,10.67,16.98,16.96,14.83,35.96,2,-2.15,7.8,0
ETU02780,M1,Ingénierie,11.71,17.58,17.53,16.55,11.7,3,-1.03,6.5,0
ETU02781,M1,Gestion,8.34,10.46,8.82,10.16,6.58,1,-0.29,0.9,0
ETU02782,M1,Gestion,15.83,9.47,7.22,6.84,16.38,1,-2.63,6.05,0
ETU02783,M1,Informatique,8.04,19.0,18.95,20.0,35.26,1,1.0,7.51,0
ETU02784,M1,Médecine,16.12,15.77,16.51,17.13,15.99,4,1.35,1.97,0
ETU02785,L3,Droit,16.37,12.52,13.18,15.85,4.33,4,3.33,4.35,0
ETU02786,L1,Médecine,15.71,8.57,8.04,9.91,39.39,4,1.34,5.42,1
ETU02787,L3,Informatique,6.25,9.5,9.73,11.62,19.99,1,2.12,4.13,0
ETU02788,M1,Gestion,9.55,12.22,9.66,9.34,13.69,4,-2.87,8.76,0
ETU02789,L2,Informatique,12.09,12.59,13.48,13.63,35.74,1,1.04,1.69,0
ETU02790,L2,Gestion,13.74,5.19,5.63,5.48,37.1,4,0.28,7.72,1
ETU02791,L3,Ingénierie,17.95,18.43,20.0,19.63,19.87,4,1.2,7.78,0
ETU02792,L1,Ingénierie,10.88,13.06,13.27,15.78,12.27,3,2.72,4.48,0
ETU02793,M1,Droit,17.38,13.25,12.03,13.45,19.31,4,0.2,5.39,0
ETU02794,M2,Informatique,8.12,7.96,8.08,7.87,8.77,0,-0.09,1.54,0
ETU02795,L3,Ingénierie,10.83,15.71,15.42,17.68,19.13,3,1.97,1.95,0
ETU02796,L1,Informatique,6.68,15.32,16.17,15.53,9.18,0,0.21,5.32,0
ETU02797,L2,Informatique,15.65,6.33,6.57,4.12,24.89,3,-2.22,2.25,0
ETU02798,L1,Droit,7.96,13.33,11.64,13.45,30.4,1,0.12,8.06,0
ETU02799,L3,Ingénierie,9.34,14.21,11.96,10.34,38.78,4,-3.87,6.16,1
ETU02800,L2,Médecine,16.08,16.7,17.29,17.3,33.7,2,0.6,0.57,1
ETU02801,M1,Gestion,12.95,7.89,10.16,10.77,3.45,3,2.88,3.58,0
ETU02802,M2,Droit,6.18,17.29,17.61,18.48,8.46,1,1.2,8.58,0
ETU02803,L3,Informatique,6.03,11.46,12.88,14.45,21.27,0,2.99,2.77,0
ETU02804,M2,Gestion,12.64,6.35,8.07,9.24,10.3,3,2.89,7.2,0
ETU02805,L3,Médecine,9.96,6.48,7.08,8.2,0.57,1,1.73,0.94,0
ETU02806,L1,Droit,8.34,7.77,6.75,5.86,30.19,3,-1.91,9.31,1
ETU02807,M2,Ingénierie,13.98,8.96,9.45,10.19,14.31,2,1.23,4.49,0
ETU02808,L2,Droit,8.97,11.95,13.96,12.0,2.64,4,0.05,4.92,0
ETU02809,M2,Ingénierie,13.7,15.48,16.48,19.12,20.35,1,3.64,5.7,0
ETU02810,M1,Médecine,10.93,7.61,8.94,7.13,39.09,2,-0.48,3.63,1
ETU02811,M2,Droit,8.43,18.9,18.4,18.18,27.14,3,-0.71,7.25,0
ETU02812,M1,Ingénierie,7.8,7.26,7.16,5.48,6.35,3,-1.78,0.15,0
ETU02813,L3,Ingénierie,9.08,13.39,13.41,12.62,20.57,0,-0.77,1.62,0
ETU02814,L2,Gestion,6.39,18.01,18.13,18.45,36.07,3,0.44,1.89,1
ETU02815,L2,Gestion,10.01,16.66,18.61,18.11,2.17,2,1.46,6.35,0
ETU02816,L2,Médecine,17.73,14.07,10.75,12.77,25.52,4,-1.3,8.91,0
ETU02817,L2,Informatique,16.81,15.02,15.26,15.9,28.85,3,0.89,0.64,0
ETU02818,L3,Médecine,10.84,6.88,6.96,6.57,28.16,3,-0.31,8.52,0
ETU02819,M2,Droit,13.49,5.14,3.28,3.38,6.01,1,-1.76,8.2,0
ETU02820,L1,Médecine,13.38,11.08,12.29,14.42,36.29,1,3.34,0.77,0
ETU02821,M1,Informatique,16.77,6.25,5.37,7.03,12.89,3,0.78,1.43,0
ETU02822,M1,Droit,9.07,10.01,9.67,8.26,2.07,0,-1.74,3.5,0
ETU02823,L3,Droit,9.85,8.13,11.11,10.38,3.33,2,2.25,1.15,0
ETU02824,L2,Informatique,9.92,17.83,19.54,20.0,18.3,4,2.17,7.58,0
ETU02825,L3,Droit,6.53,17.32,18.38,19.21,1.6,4,1.89,5.04,0
ETU02826,M2,Médecine,10.09,16.47,17.24,15.96,31.18,3,-0.5,4.11,0
ETU02827,M2,Droit,17.41,15.0,14.95,16.37,34.63,2,1.38,7.25,0
ETU02828,M1,Médecine,17.86,7.16,10.36,9.32,0.53,4,2.16,2.93,0
ETU02829,L3,Gestion,7.43,5.68,7.08,9.34,32.4,0,3.66,8.72,0
ETU02830,M1,Médecine,11.95,14.15,13.23,14.32,39.25,3,0.17,6.54,0
ETU02831,M1,Gestion,10.96,13.99,12.09,10.69,1.21,0,-3.3,3.47,0
ETU02832,M1,Gestion,12.36,10.17,11.22,10.73,29.0,3,0.56,5.4,0
ETU02833,L1,Informatique,13.21,11.62,11.73,11.21,39.96,1,-0.4,2.59,1
ETU02834,L1,Informatique,6.26,11.85,9.9,10.44,31.88,3,-1.4,9.85,1
ETU02835,L2,Informatique,16.95,8.36,9.2,9.2,20.21,3,0.84,4.36,0
ETU02836,L2,Informatique,18.66,9.4,9.19,7.78,35.39,4,-1.62,8.97,1
ETU02837,M1,Médecine,14.49,10.86,11.85,10.06,28.32,3,-0.8,9.78,0
ETU02838,L3,Gestion,14.59,13.44,14.31,15.43,11.7,4,1.99,5.36,0
ETU02839,M2,Gestion,12.86,18.38,17.67,18.4,8.97,0,0.02,7.3,0
ETU02840,M1,Informatique,10.35,12.54,13.69,14.15,20.5,1,1.61,5.72,0
ETU02841,L1,Droit,7.94,15.24,14.69,15.4,14.92,2,0.16,0.92,0
ETU02842,M2,Gestion,13.59,16.3,15.85,15.22,13.18,0,-1.08,9.52,0
ETU02843,M1,Gestion,6.58,6.59,5.99,6.57,7.12,0,-0.02,4.57,0
ETU02844,L2,Informatique,16.72,14.14,16.04,20.0,33.81,0,5.86,8.94,0
ETU02845,L1,Droit,11.47,11.75,11.53,13.59,28.2,3,1.84,6.56,0
ETU02846,M1,Gestion,11.39,13.01,15.27,15.14,13.25,2,2.13,1.05,0
ETU02847,L1,Médecine,10.25,5.54,8.41,7.93,9.51,3,2.39,4.17,0
ETU02848,L2,Ingénierie,18.6,17.69,16.78,12.79,5.13,4,-4.9,1.96,0
ETU02849,L3,Droit,8.27,18.34,14.16,16.06,4.5,0,-2.28,1.7,0
ETU02850,L1,Droit,7.97,5.05,6.82,8.3,25.02,4,3.25,7.15,1
ETU02851,L2,Ingénierie,8.15,7.98,7.67,7.15,4.35,1,-0.83,0.3,0
ETU02852,L2,Gestion,14.56,7.52,6.42,4.58,38.41,2,-2.95,9.66,1
ETU02853,L1,Informatique,18.89,15.94,15.26,13.82,11.17,4,-2.12,4.5,0
ETU02854,M2,Médecine,9.06,13.37,12.95,13.92,1.03,1,0.54,4.9,0
ETU02855,L2,Médecine,17.77,7.48,9.63,9.79,34.21,4,2.31,2.99,0
ETU02856,L3,Droit,9.62,16.4,16.84,18.17,14.7,2,1.78,0.86,0
ETU02857,M2,Gestion,14.42,9.95,12.07,12.5,13.72,0,2.56,5.88,0
ETU02858,L3,Informatique,6.53,11.45,12.39,14.14,4.74,4,2.69,3.45,0
ETU02859,L2,Droit,12.44,10.42,10.16,11.01,26.42,0,0.59,6.24,0
ETU02860,M1,Droit,14.51,12.3,11.91,13.46,14.35,3,1.16,5.56,0
ETU02861,M1,Droit,12.97,11.72,12.76,9.93,32.92,2,-1.79,2.17,1
ETU02862,L1,Gestion,9.09,8.84,10.27,8.72,25.22,0,-0.12,4.62,0
ETU02863,M2,Informatique,16.77,10.94,12.64,12.39,35.2,2,1.45,3.08,0
ETU02864,L1,Droit,18.61,17.72,17.52,19.44,24.9,1,1.73,2.4,0
ETU02865,M1,Médecine,11.97,12.04,12.5,15.62,31.17,0,3.58,7.7,0
ETU02866,L1,Informatique,14.27,17.83,18.91,18.96,27.86,2,1.13,0.12,0
ETU02867,L1,Informatique,16.28,12.7,12.33,11.71,18.5,0,-0.99,2.69,0
ETU02868,L1,Droit,9.14,15.76,14.26,11.63,27.55,2,-4.13,5.31,0
ETU02869,M1,Informatique,17.24,9.11,8.1,9.7,26.54,1,0.59,4.76,0
ETU02870,L3,Informatique,9.64,16.07,15.9,15.38,0.27,4,-0.69,9.4,0
ETU02871,M1,Médecine,16.09,8.7,9.89,14.63,27.95,4,5.93,8.44,0
ETU02872,L2,Gestion,7.46,5.27,7.36,6.55,10.49,4,1.28,7.52,0
ETU02873,L1,Droit,9.75,7.25,5.42,8.87,21.67,4,1.62,5.14,0
ETU02874,M1,Médecine,12.94,5.3,4.61,6.03,4.45,0,0.73,4.29,0
ETU02875,M2,Informatique,12.82,18.26,17.92,16.68,0.92,2,-1.58,0.37,0
ETU02876,M2,Gestion,17.06,19.0,20.0,20.0,0.6,1,1.0,8.22,0
ETU02877,L1,Gestion,18.95,15.67,15.08,16.54,6.33,0,0.86,4.31,0
ETU02878,M2,Droit,7.39,6.51,6.07,6.03,0.8,1,-0.48,3.21,0
ETU02879,L3,Droit,9.53,17.59,15.67,17.22,5.3,2,-0.36,6.07,0
ETU02880,L1,Informatique,10.65,15.41,16.34,17.86,22.37,1,2.45,7.54,0
ETU02881,L1,Droit,12.23,9.65,9.61,10.8,16.01,0,1.15,5.23,0
ETU02882,L3,Médecine,12.42,12.03,11.25,11.53,39.23,2,-0.51,1.5,1
ETU02883,M1,Ingénierie,17.13,14.26,14.08,12.61,32.35,0,-1.65,9.22,0
ETU02884,L1,Droit,16.02,5.34,7.23,7.41,5.87,0,2.08,1.13,0
ETU02885,L3,Médecine,6.25,12.02,10.71,11.28,16.67,2,-0.74,9.7,0
ETU02886,L2,Ingénierie,11.92,15.25,14.19,11.68,17.24,0,-3.58,4.42,0
ETU02887,M2,Médecine,14.03,7.64,9.71,10.27,14.48,4,2.63,9.47,0
ETU02888,M1,Droit,11.99,11.21,11.53,11.68,19.82,4,0.47,9.15,0
ETU02889,L2,Droit,7.7,12.46,13.66,12.02,26.79,4,-0.44,4.06,0
ETU02890,L3,Ingénierie,11.17,15.3,16.1,15.9,25.64,0,0.6,8.0,0
ETU02891,M2,Médecine,11.35,18.5,18.65,18.48,14.28,2,-0.02,0.9,0
ETU02892,M1,Gestion,8.44,16.88,16.55,19.75,28.2,4,2.87,0.83,0
ETU02893,L2,Droit,15.83,13.7,15.15,15.78,11.58,2,2.08,3.56,0
ETU02894,M2,Médecine,10.18,13.17,15.11,16.97,33.42,1,3.8,6.1,0
ETU02895,M1,Droit,13.66,13.44,15.27,15.39,38.57,4,1.95,0.09,1
ETU02896,L1,Droit,12.7,12.63,11.05,8.54,11.79,1,-4.09,5.15,0
ETU02897,M1,Médecine,17.41,5.83,7.99,9.3,31.39,4,3.47,9.76,0
ETU02898,M2,Gestion,7.59,14.78,14.44,13.75,32.54,0,-1.02,8.58,1
ETU02899,M2,Médecine,7.49,15.03,14.1,13.89,19.63,3,-1.14,2.32,0
ETU02900,L1,Médecine,9.9,12.17,12.12,10.84,3.51,0,-1.33,5.28,0
ETU02901,M2,Ingénierie,11.61,17.19,18.63,19.04,31.45,4,1.86,1.71,0
ETU02902,M2,Ingénierie,9.88,14.41,15.42,17.32,16.3,1,2.91,2.63,0
ETU02903,L1,Médecine,15.92,10.08,9.89,11.59,8.32,0,1.52,9.23,0
ETU02904,M1,Médecine,9.19,5.28,6.73,9.41,25.07,4,4.14,9.98,0
ETU02905,M1,Médecine,7.1,5.83,6.24,9.13,17.48,4,3.3,2.43,0
ETU02906,L1,Gestion,11.38,9.93,9.27,6.5,3.5,4,-3.43,2.12,0
ETU02907,M2,Ingénierie,16.05,11.47,10.61,9.12,39.35,2,-2.35,3.84,1
ETU02908,L2,Droit,17.06,7.34,8.15,5.74,9.79,0,-1.6,4.46,0
ETU02909,L2,Ingénierie,15.53,7.65,7.73,8.97,20.44,1,1.32,0.89,0
ETU02910,L2,Gestion,13.25,8.22,6.36,5.62,26.69,0,-2.6,1.48,0
ETU02911,L3,Gestion,15.41,15.93,17.4,16.96,4.6,0,1.04,4.25,0
ETU02912,M1,Médecine,14.86,15.8,15.28,15.25,29.58,0,-0.55,2.35,0
ETU02913,M2,Droit,9.05,10.36,12.95,13.82,25.93,2,3.46,8.45,0
ETU02914,L2,Droit,13.16,7.41,5.51,3.58,19.75,3,-3.83,7.52,0
ETU02915,M2,Gestion,16.02,6.55,6.48,4.89,21.13,2,-1.66,5.36,0
ETU02916,M2,Gestion,10.12,6.22,5.37,5.67,38.19,1,-0.55,4.33,1
ETU02917,L1,Médecine,14.5,10.48,9.21,11.31,36.44,3,0.83,8.31,1
ETU02918,L2,Informatique,12.26,5.64,5.11,5.37,4.48,1,-0.27,1.66,0
ETU02919,L1,Informatique,12.54,9.67,12.53,11.64,14.75,2,1.97,8.87,0
ETU02920,M2,Ingénierie,7.17,18.46,18.88,15.95,20.67,4,-2.51,0.49,0
ETU02921,L3,Ingénierie,14.66,12.11,11.12,12.85,36.8,0,0.74,9.23,0
ETU02922,L2,Informatique,17.25,16.52,13.97,13.17,32.66,4,-3.35,1.39,0
ETU02923,M2,Informatique,7.84,6.81,4.43,3.01,15.46,1,-3.8,8.12,0
ETU02924,M1,Gestion,10.76,8.75,8.15,5.88,35.45,3,-2.88,0.18,1
ETU02925,M2,Droit,6.63,18.25,17.5,15.64,15.13,1,-2.61,8.15,0
ETU02926,M2,Informatique,6.39,10.37,10.23,9.09,10.85,0,-1.28,5.84,0
ETU02927,M2,Ingénierie,18.87,14.08,10.87,10.81,24.4,2,-3.27,0.19,0
ETU02928,L2,Droit,12.42,18.67,18.73,17.22,14.24,1,-1.45,7.74,0
ETU02929,L2,Droit,10.62,12.71,14.45,15.03,24.9,2,2.32,1.02,0
ETU02930,L1,Informatique,9.57,9.27,11.91,11.84,16.39,1,2.56,5.4,0
ETU02931,L2,Gestion,18.74,12.45,9.81,13.44,31.83,4,0.99,3.32,0
ETU02932,L3,Médecine,9.28,5.76,4.76,2.51,38.17,3,-3.26,7.59,1
ETU02933,L3,Médecine,15.43,6.57,5.49,6.03,10.81,4,-0.54,8.53,0
ETU02934,M1,Gestion,9.69,5.1,5.52,6.08,20.4,3,0.98,4.64,0
ETU02935,M1,Droit,6.92,17.38,15.75,14.5,28.98,3,-2.88,7.58,1
ETU02936,M2,Informatique,14.88,14.4,17.12,17.56,6.34,0,3.17,9.17,0
ETU02937,L3,Droit,6.02,9.18,9.44,10.9,31.84,2,1.72,6.89,1
ETU02938,L2,Gestion,14.78,8.1,8.11,8.56,23.32,4,0.46,3.22,0
ETU02939,L3,Ingénierie,9.25,14.56,17.15,19.53,5.99,0,4.97,4.63,0
ETU02940,M2,Gestion,15.7,17.87,18.05,15.08,34.73,2,-2.79,2.3,0
ETU02941,M2,Droit,16.01,9.19,9.99,9.03,17.07,0,-0.16,4.58,0
ETU02942,M2,Médecine,15.41,9.5,8.58,11.09,7.06,3,1.59,2.46,0
ETU02943,L3,Informatique,6.32,16.96,15.1,16.77,7.82,4,-0.19,8.07,0
ETU02944,M1,Gestion,15.15,17.51,16.79,17.9,31.42,0,0.4,6.1,0
ETU02945,L3,Ingénierie,18.87,17.8,20.0,20.0,37.43,4,2.2,6.33,0
ETU02946,L1,Médecine,9.15,9.1,10.25,7.68,15.13,1,-1.43,1.1,0
ETU02947,M1,Gestion,9.57,6.68,7.3,8.79,3.15,4,2.11,0.01,0
ETU02948,L1,Droit,16.58,11.16,9.9,11.79,4.03,0,0.63,7.89,0
ETU02949,M1,Ingénierie,8.09,9.14,10.71,10.02,26.18,0,0.88,5.42,0
ETU02950,M2,Informatique,14.59,17.37,15.54,19.78,14.83,3,2.41,9.32,0
ETU02951,L1,Gestion,15.82,5.51,3.36,3.96,17.05,3,-1.56,5.37,0
ETU02952,M1,Gestion,6.48,13.87,13.24,10.25,13.48,0,-3.63,2.15,0
ETU02953,M2,Médecine,13.2,17.69,20.0,20.0,18.62,0,2.31,6.98,0
ETU02954,M1,Droit,13.49,18.67,20.0,20.0,25.74,1,1.33,7.01,0
ETU02955,M1,Droit,9.94,14.1,13.62,15.67,21.65,0,1.57,0.66,0
ETU02956,M2,Gestion,17.39,18.3,17.49,18.61,6.57,3,0.31,6.94,0
ETU02957,M1,Gestion,8.12,6.06,3.8,3.2,19.65,3,-2.86,2.13,1
ETU02958,L1,Droit,10.73,10.03,10.35,12.9,18.42,3,2.87,2.55,0
ETU02959,M1,Médecine,17.03,5.12,5.57,7.27,21.83,2,2.15,0.31,0
ETU02960,M1,Ingénierie,8.48,18.74,20.0,19.18,4.43,3,0.44,6.27,0
ETU02961,L2,Médecine,16.68,17.64,19.2,19.28,6.14,2,1.64,7.32,0
ETU02962,M1,Informatique,7.03,5.39,5.3,6.37,21.21,3,0.98,2.3,0
ETU02963,M2,Droit,12.36,5.25,6.29,6.04,11.02,2,0.79,7.93,0
ETU02964,M2,Gestion,6.98,10.14,9.29,9.09,25.16,3,-1.05,7.62,0
ETU02965,M2,Ingénierie,14.81,8.62,9.63,9.98,14.91,3,1.36,4.1,0
ETU02966,M1,Droit,16.28,16.86,16.3,15.0,8.83,3,-1.86,0.68,0
ETU02967,L1,Gestion,17.05,7.25,8.14,5.09,26.26,4,-2.16,2.8,0
ETU02968,L3,Gestion,18.76,16.07,16.84,17.5,15.76,1,1.43,1.65,0
ETU02969,L2,Informatique,14.74,12.76,13.07,10.38,6.3,4,-2.38,9.59,0
ETU02970,L1,Droit,16.0,10.28,11.68,10.49,32.35,0,0.2,8.18,0
ETU02971,L2,Gestion,12.57,7.04,4.88,2.53,17.27,2,-4.51,0.78,0
ETU02972,M2,Droit,17.87,18.97,17.57,15.4,36.6,2,-3.57,5.13,0
ETU02973,L3,Gestion,14.37,13.65,13.45,14.39,7.74,4,0.73,2.67,0
ETU02974,M1,Droit,17.49,11.15,9.19,9.15,35.05,0,-2.0,0.32,0
ETU02975,L3,Médecine,9.06,10.2,9.79,9.7,32.64,1,-0.5,3.22,1
ETU02976,L2,Médecine,12.46,17.68,17.32,15.64,4.16,2,-2.04,1.28,0
ETU02977,L3,Ingénierie,15.49,16.5,18.66,17.98,21.27,4,1.48,2.23,0
ETU02978,M2,Informatique,8.64,16.36,16.77,17.64,26.15,2,1.28,3.27,0
ETU02979,L2,Informatique,8.75,13.63,15.37,15.59,19.82,3,1.97,4.09,0
ETU02980,L2,Droit,18.71,17.43,18.08,19.62,15.61,0,2.19,4.68,0
ETU02981,M2,Droit,11.65,9.19,8.59,10.33,37.75,4,1.14,5.2,1
ETU02982,L2,Médecine,8.36,14.85,15.25,15.17,28.03,3,0.32,3.7,0
ETU02983,M2,Gestion,10.31,10.66,11.96,9.48,38.63,0,-1.18,4.98,1
ETU02984,M2,Droit,11.17,13.4,15.39,14.56,33.85,3,1.16,4.18,1
ETU02985,L1,Médecine,14.1,18.97,18.98,19.13,32.69,0,0.16,9.64,0
ETU02986,M1,Médecine,18.0,18.78,16.51,15.65,29.03,2,-3.14,0.68,0
ETU02987,L1,Droit,18.83,12.18,9.8,8.52,25.84,3,-3.66,5.86,0
ETU02988,M2,Droit,14.47,13.03,12.74,13.15,35.47,4,0.12,1.94,0
ETU02989,L1,Informatique,15.1,17.56,14.26,18.2,24.54,0,0.64,3.75,0
ETU02990,M2,Droit,10.18,18.8,20.0,20.0,3.01,1,1.2,5.46,0
ETU02991,M1,Droit,17.14,15.9,17.0,17.29,23.3,3,1.39,7.6,0
ETU02992,L3,Informatique,8.83,5.91,5.16,3.49,4.11,1,-2.42,9.78,0
ETU02993,L2,Ingénierie,7.38,9.52,8.05,10.22,37.97,3,0.7,4.94,1
ETU02994,L2,Médecine,18.65,17.55,19.29,20.0,25.87,0,2.45,2.57,0
ETU02995,L3,Médecine,17.23,15.76,14.29,15.8,22.23,0,0.04,7.92,0
ETU02996,M2,Droit,9.95,15.39,14.06,16.4,7.91,2,1.01,2.22,0
ETU02997,M2,Ingénierie,14.78,14.35,13.4,13.06,20.63,3,-1.29,5.08,0
ETU02998,L3,Informatique,12.07,10.81,11.18,11.03,13.7,1,0.22,8.47,0
ETU02999,L2,Ingénierie,10.2,10.65,11.78,14.64,27.02,4,4.0,4.04,0
ETU03000,L3,Gestion,9.73,16.33,18.31,19.56,24.18,4,3.24,5.57,0
